ISO-10303-21;
HEADER;
/* Generated by software containing ST-Developer
 * from STEP Tools, Inc. (www.steptools.com) 
 */

FILE_DESCRIPTION(
/* description */ (''),
/* implementation_level */ '2;1');

FILE_NAME(
/* name */ 'scd40 v7.step',
/* time_stamp */ '2023-07-26T20:17:17+02:00',
/* author */ (''),
/* organization */ (''),
/* preprocessor_version */ 'ST-DEVELOPER v20',
/* originating_system */ 'Autodesk Translation Framework v12.9.0.99',
/* authorisation */ '');

FILE_SCHEMA (('AUTOMOTIVE_DESIGN { 1 0 10303 214 3 1 1 }'));
ENDSEC;

DATA;
#10=MECHANICAL_DESIGN_GEOMETRIC_PRESENTATION_REPRESENTATION('',(#198,#199,
#200,#201,#202,#203,#204,#205,#206,#207,#208,#209,#210),#7373);
#11=ITEM_DEFINED_TRANSFORMATION($,$,#4455,#4713);
#12=ITEM_DEFINED_TRANSFORMATION($,$,#4585,#4714);
#13=ITEM_DEFINED_TRANSFORMATION($,$,#4669,#4715);
#14=ITEM_DEFINED_TRANSFORMATION($,$,#4429,#4752);
#15=ITEM_DEFINED_TRANSFORMATION($,$,#4454,#4753);
#16=(
REPRESENTATION_RELATIONSHIP($,$,#7398,#7397)
REPRESENTATION_RELATIONSHIP_WITH_TRANSFORMATION(#11)
SHAPE_REPRESENTATION_RELATIONSHIP()
);
#17=(
REPRESENTATION_RELATIONSHIP($,$,#7399,#7397)
REPRESENTATION_RELATIONSHIP_WITH_TRANSFORMATION(#12)
SHAPE_REPRESENTATION_RELATIONSHIP()
);
#18=(
REPRESENTATION_RELATIONSHIP($,$,#7400,#7397)
REPRESENTATION_RELATIONSHIP_WITH_TRANSFORMATION(#13)
SHAPE_REPRESENTATION_RELATIONSHIP()
);
#19=(
REPRESENTATION_RELATIONSHIP($,$,#7396,#7395)
REPRESENTATION_RELATIONSHIP_WITH_TRANSFORMATION(#14)
SHAPE_REPRESENTATION_RELATIONSHIP()
);
#20=(
REPRESENTATION_RELATIONSHIP($,$,#7397,#7395)
REPRESENTATION_RELATIONSHIP_WITH_TRANSFORMATION(#15)
SHAPE_REPRESENTATION_RELATIONSHIP()
);
#21=CONTEXT_DEPENDENT_SHAPE_REPRESENTATION(#16,#7390);
#22=CONTEXT_DEPENDENT_SHAPE_REPRESENTATION(#17,#7391);
#23=CONTEXT_DEPENDENT_SHAPE_REPRESENTATION(#18,#7392);
#24=CONTEXT_DEPENDENT_SHAPE_REPRESENTATION(#19,#7393);
#25=CONTEXT_DEPENDENT_SHAPE_REPRESENTATION(#20,#7394);
#26=NEXT_ASSEMBLY_USAGE_OCCURRENCE('Komponente1 (1):1',
'Komponente1 (1):1','Komponente1 (1):1',#7404,#7405,'Komponente1 (1):1');
#27=NEXT_ASSEMBLY_USAGE_OCCURRENCE('Komponente2:1','Komponente2:1',
'Komponente2:1',#7404,#7406,'Komponente2:1');
#28=NEXT_ASSEMBLY_USAGE_OCCURRENCE('Komponente3:1','Komponente3:1',
'Komponente3:1',#7404,#7407,'Komponente3:1');
#29=NEXT_ASSEMBLY_USAGE_OCCURRENCE('Komponente1:1','Komponente1:1',
'Komponente1:1',#7402,#7403,'Komponente1:1');
#30=NEXT_ASSEMBLY_USAGE_OCCURRENCE(
'Sensirion_CO2_Sensors_SCD4x_STEP_file v3:1',
'Sensirion_CO2_Sensors_SCD4x_STEP_file v3:1',
'Sensirion_CO2_Sensors_SCD4x_STEP_file v3:1',#7402,#7404,
'Sensirion_CO2_Sensors_SCD4x_STEP_file v3:1');
#31=B_SPLINE_CURVE_WITH_KNOTS('',3,(#6809,#6810,#6811,#6812,#6813,#6814),
 .UNSPECIFIED.,.F.,.F.,(4,2,4),(0.,0.5,1.),.UNSPECIFIED.);
#32=B_SPLINE_CURVE_WITH_KNOTS('',3,(#6849,#6850,#6851,#6852,#6853,#6854),
 .UNSPECIFIED.,.F.,.F.,(4,2,4),(0.,0.5,1.),.UNSPECIFIED.);
#33=B_SPLINE_CURVE_WITH_KNOTS('',3,(#6873,#6874,#6875,#6876,#6877,#6878),
 .UNSPECIFIED.,.F.,.F.,(4,2,4),(0.,0.5,1.),.UNSPECIFIED.);
#34=B_SPLINE_CURVE_WITH_KNOTS('',3,(#6910,#6911,#6912,#6913,#6914,#6915),
 .UNSPECIFIED.,.F.,.F.,(4,2,4),(0.,0.5,1.),.UNSPECIFIED.);
#35=B_SPLINE_CURVE_WITH_KNOTS('',3,(#6921,#6922,#6923,#6924,#6925,#6926),
 .UNSPECIFIED.,.F.,.F.,(4,2,4),(0.,0.5,1.),.UNSPECIFIED.);
#36=B_SPLINE_CURVE_WITH_KNOTS('',3,(#6931,#6932,#6933,#6934,#6935,#6936),
 .UNSPECIFIED.,.F.,.F.,(4,2,4),(0.,0.5,1.),.UNSPECIFIED.);
#37=B_SPLINE_CURVE_WITH_KNOTS('',3,(#6941,#6942,#6943,#6944,#6945,#6946),
 .UNSPECIFIED.,.F.,.F.,(4,2,4),(0.,0.5,1.),.UNSPECIFIED.);
#38=B_SPLINE_CURVE_WITH_KNOTS('',3,(#6951,#6952,#6953,#6954,#6955,#6956),
 .UNSPECIFIED.,.F.,.F.,(4,2,4),(0.,0.5,1.),.UNSPECIFIED.);
#39=ELLIPSE('',#4595,1.44194094424786,1.3197031556107);
#40=ELLIPSE('',#4597,1.30290194497911,1.19268257702844);
#41=ELLIPSE('',#4599,1.4419409442407,1.31970315559316);
#42=ELLIPSE('',#4600,1.30290194497921,1.19268257702863);
#43=ELLIPSE('',#4607,1.441940944248,1.31970315561097);
#44=ELLIPSE('',#4609,1.30290194497929,1.19268257702878);
#45=ELLIPSE('',#4611,1.44194094424833,1.31970315561162);
#46=ELLIPSE('',#4612,1.30290194497992,1.19268257702999);
#47=ELLIPSE('',#4625,0.700106378979324,0.64075620294131);
#48=ELLIPSE('',#4633,0.700106378991616,0.640756202966038);
#49=ELLIPSE('',#4635,0.700106378979361,0.640756202941372);
#50=ELLIPSE('',#4642,0.70010637899137,0.640756202965563);
#51=ELLIPSE('',#4644,1.30290194497893,1.19268257702809);
#52=ELLIPSE('',#4646,1.3029019449792,1.1926825770286);
#53=ELLIPSE('',#4648,1.30290194497922,1.19268257702864);
#54=ELLIPSE('',#4650,1.3029019449791,1.19268257702842);
#55=ELLIPSE('',#4652,1.44194094424736,1.31970315560973);
#56=ELLIPSE('',#4653,1.44194094424812,1.31970315561119);
#57=ELLIPSE('',#4654,1.44194094424831,1.31970315561156);
#58=ELLIPSE('',#4655,1.44194094424786,1.31970315561069);
#59=ELLIPSE('',#4661,0.700106378980066,0.640756202942731);
#60=ELLIPSE('',#4662,0.700106378991343,0.640756202965504);
#61=ELLIPSE('',#4663,0.700106378992019,0.640756202966814);
#62=ELLIPSE('',#4664,0.7001063789796,0.640756202941836);
#63=(
BOUNDED_SURFACE()
B_SPLINE_SURFACE(3,2,((#6674,#6675,#6676),(#6677,#6678,#6679),(#6680,#6681,
#6682),(#6683,#6684,#6685)),.UNSPECIFIED.,.F.,.F.,.F.)
B_SPLINE_SURFACE_WITH_KNOTS((4,4),(3,3),(5.498396131368,6.28318530718),
(0.,1.),.UNSPECIFIED.)
GEOMETRIC_REPRESENTATION_ITEM()
RATIONAL_B_SPLINE_SURFACE(((1.,0.719339800339,1.),(1.,0.722525265143,1.),
(1.,0.72435306311,1.),(1.,0.724336010496,1.)))
REPRESENTATION_ITEM('')
SURFACE()
);
#64=(
BOUNDED_SURFACE()
B_SPLINE_SURFACE(3,2,((#6694,#6695,#6696),(#6697,#6698,#6699),(#6700,#6701,
#6702),(#6703,#6704,#6705)),.UNSPECIFIED.,.F.,.F.,.F.)
B_SPLINE_SURFACE_WITH_KNOTS((4,4),(3,3),(5.498396131368,6.28318530718),
(0.,1.),.UNSPECIFIED.)
GEOMETRIC_REPRESENTATION_ITEM()
RATIONAL_B_SPLINE_SURFACE(((1.,0.719339800339,1.),(1.,0.722525265143,1.),
(1.,0.72435306311,1.),(1.,0.724336010496,1.)))
REPRESENTATION_ITEM('')
SURFACE()
);
#65=(
BOUNDED_SURFACE()
B_SPLINE_SURFACE(3,2,((#6726,#6727,#6728),(#6729,#6730,#6731),(#6732,#6733,
#6734),(#6735,#6736,#6737)),.UNSPECIFIED.,.F.,.F.,.F.)
B_SPLINE_SURFACE_WITH_KNOTS((4,4),(3,3),(5.498396131368,6.28318530718),
(0.,1.),.UNSPECIFIED.)
GEOMETRIC_REPRESENTATION_ITEM()
RATIONAL_B_SPLINE_SURFACE(((1.,0.719339800339,1.),(1.,0.722525265143,1.),
(1.,0.72435306311,1.),(1.,0.724336010496,1.)))
REPRESENTATION_ITEM('')
SURFACE()
);
#66=(
BOUNDED_SURFACE()
B_SPLINE_SURFACE(3,2,((#6746,#6747,#6748),(#6749,#6750,#6751),(#6752,#6753,
#6754),(#6755,#6756,#6757)),.UNSPECIFIED.,.F.,.F.,.F.)
B_SPLINE_SURFACE_WITH_KNOTS((4,4),(3,3),(5.498396131368,6.28318530718),
(0.,1.),.UNSPECIFIED.)
GEOMETRIC_REPRESENTATION_ITEM()
RATIONAL_B_SPLINE_SURFACE(((1.,0.719339800339,1.),(1.,0.722525265143,1.),
(1.,0.72435306311,1.),(1.,0.724336010496,1.)))
REPRESENTATION_ITEM('')
SURFACE()
);
#67=(
BOUNDED_SURFACE()
B_SPLINE_SURFACE(3,2,((#6793,#6794,#6795),(#6796,#6797,#6798),(#6799,#6800,
#6801),(#6802,#6803,#6804)),.UNSPECIFIED.,.F.,.F.,.F.)
B_SPLINE_SURFACE_WITH_KNOTS((4,4),(3,3),(7.180146837652E-17,0.784789175812),
(0.,1.),.UNSPECIFIED.)
GEOMETRIC_REPRESENTATION_ITEM()
RATIONAL_B_SPLINE_SURFACE(((1.,0.724336010496,1.),(1.,0.72435306311,1.),
(1.,0.722525265143,1.),(1.,0.719339800339,1.)))
REPRESENTATION_ITEM('')
SURFACE()
);
#68=(
BOUNDED_SURFACE()
B_SPLINE_SURFACE(3,2,((#6833,#6834,#6835),(#6836,#6837,#6838),(#6839,#6840,
#6841),(#6842,#6843,#6844)),.UNSPECIFIED.,.F.,.F.,.F.)
B_SPLINE_SURFACE_WITH_KNOTS((4,4),(3,3),(1.43602936753E-16,0.784789175812),
(0.,1.),.UNSPECIFIED.)
GEOMETRIC_REPRESENTATION_ITEM()
RATIONAL_B_SPLINE_SURFACE(((1.,0.724336010496,1.),(1.,0.72435306311,1.),
(1.,0.722525265143,1.),(1.,0.719339800339,1.)))
REPRESENTATION_ITEM('')
SURFACE()
);
#69=(
BOUNDED_SURFACE()
B_SPLINE_SURFACE(3,2,((#6858,#6859,#6860),(#6861,#6862,#6863),(#6864,#6865,
#6866),(#6867,#6868,#6869)),.UNSPECIFIED.,.F.,.F.,.F.)
B_SPLINE_SURFACE_WITH_KNOTS((4,4),(3,3),(0.,0.784789175812),(0.,1.),
 .UNSPECIFIED.)
GEOMETRIC_REPRESENTATION_ITEM()
RATIONAL_B_SPLINE_SURFACE(((1.,0.724336010496,1.),(1.,0.72435306311,1.),
(1.,0.722525265143,1.),(1.,0.719339800339,1.)))
REPRESENTATION_ITEM('')
SURFACE()
);
#70=(
BOUNDED_SURFACE()
B_SPLINE_SURFACE(3,2,((#6895,#6896,#6897),(#6898,#6899,#6900),(#6901,#6902,
#6903),(#6904,#6905,#6906)),.UNSPECIFIED.,.F.,.F.,.F.)
B_SPLINE_SURFACE_WITH_KNOTS((4,4),(3,3),(7.180146837652E-17,0.784789175812),
(0.,1.),.UNSPECIFIED.)
GEOMETRIC_REPRESENTATION_ITEM()
RATIONAL_B_SPLINE_SURFACE(((1.,0.724336010496,1.),(1.,0.72435306311,1.),
(1.,0.722525265143,1.),(1.,0.719339800339,1.)))
REPRESENTATION_ITEM('')
SURFACE()
);
#71=(
BOUNDED_SURFACE()
B_SPLINE_SURFACE(3,2,((#6979,#6980,#6981),(#6982,#6983,#6984),(#6985,#6986,
#6987),(#6988,#6989,#6990)),.UNSPECIFIED.,.F.,.F.,.F.)
B_SPLINE_SURFACE_WITH_KNOTS((4,4),(3,3),(5.498396131368,6.28318530718),
(0.,1.),.UNSPECIFIED.)
GEOMETRIC_REPRESENTATION_ITEM()
RATIONAL_B_SPLINE_SURFACE(((1.,0.719339800339,1.),(1.,0.722525265143,1.),
(1.,0.72435306311,1.),(1.,0.724336010496,1.)))
REPRESENTATION_ITEM('')
SURFACE()
);
#72=(
BOUNDED_SURFACE()
B_SPLINE_SURFACE(3,2,((#6991,#6992,#6993),(#6994,#6995,#6996),(#6997,#6998,
#6999),(#7000,#7001,#7002)),.UNSPECIFIED.,.F.,.F.,.F.)
B_SPLINE_SURFACE_WITH_KNOTS((4,4),(3,3),(5.498396131368,6.28318530718),
(0.,1.),.UNSPECIFIED.)
GEOMETRIC_REPRESENTATION_ITEM()
RATIONAL_B_SPLINE_SURFACE(((1.,0.719339800339,1.),(1.,0.722525265143,1.),
(1.,0.72435306311,1.),(1.,0.724336010496,1.)))
REPRESENTATION_ITEM('')
SURFACE()
);
#73=(
BOUNDED_SURFACE()
B_SPLINE_SURFACE(3,2,((#7003,#7004,#7005),(#7006,#7007,#7008),(#7009,#7010,
#7011),(#7012,#7013,#7014)),.UNSPECIFIED.,.F.,.F.,.F.)
B_SPLINE_SURFACE_WITH_KNOTS((4,4),(3,3),(5.498396131368,6.28318530718),
(0.,1.),.UNSPECIFIED.)
GEOMETRIC_REPRESENTATION_ITEM()
RATIONAL_B_SPLINE_SURFACE(((1.,0.719339800339,1.),(1.,0.722525265143,1.),
(1.,0.72435306311,1.),(1.,0.724336010496,1.)))
REPRESENTATION_ITEM('')
SURFACE()
);
#74=(
BOUNDED_SURFACE()
B_SPLINE_SURFACE(3,2,((#7015,#7016,#7017),(#7018,#7019,#7020),(#7021,#7022,
#7023),(#7024,#7025,#7026)),.UNSPECIFIED.,.F.,.F.,.F.)
B_SPLINE_SURFACE_WITH_KNOTS((4,4),(3,3),(5.498396131368,6.28318530718),
(0.,1.),.UNSPECIFIED.)
GEOMETRIC_REPRESENTATION_ITEM()
RATIONAL_B_SPLINE_SURFACE(((1.,0.719339800339,1.),(1.,0.722525265143,1.),
(1.,0.72435306311,1.),(1.,0.724336010496,1.)))
REPRESENTATION_ITEM('')
SURFACE()
);
#75=(
BOUNDED_SURFACE()
B_SPLINE_SURFACE(3,2,((#7027,#7028,#7029),(#7030,#7031,#7032),(#7033,#7034,
#7035),(#7036,#7037,#7038)),.UNSPECIFIED.,.F.,.F.,.F.)
B_SPLINE_SURFACE_WITH_KNOTS((4,4),(3,3),(2.091708371355E-16,0.784789175812),
(0.,1.),.UNSPECIFIED.)
GEOMETRIC_REPRESENTATION_ITEM()
RATIONAL_B_SPLINE_SURFACE(((1.,0.724336010496,1.),(1.,0.72435306311,1.),
(1.,0.722525265143,1.),(1.,0.719339800339,1.)))
REPRESENTATION_ITEM('')
SURFACE()
);
#76=(
BOUNDED_SURFACE()
B_SPLINE_SURFACE(3,2,((#7039,#7040,#7041),(#7042,#7043,#7044),(#7045,#7046,
#7047),(#7048,#7049,#7050)),.UNSPECIFIED.,.F.,.F.,.F.)
B_SPLINE_SURFACE_WITH_KNOTS((4,4),(3,3),(6.972361237849E-17,0.784789175812),
(0.,1.),.UNSPECIFIED.)
GEOMETRIC_REPRESENTATION_ITEM()
RATIONAL_B_SPLINE_SURFACE(((1.,0.724336010496,1.),(1.,0.72435306311,1.),
(1.,0.722525265143,1.),(1.,0.719339800339,1.)))
REPRESENTATION_ITEM('')
SURFACE()
);
#77=(
BOUNDED_SURFACE()
B_SPLINE_SURFACE(3,2,((#7051,#7052,#7053),(#7054,#7055,#7056),(#7057,#7058,
#7059),(#7060,#7061,#7062)),.UNSPECIFIED.,.F.,.F.,.F.)
B_SPLINE_SURFACE_WITH_KNOTS((4,4),(3,3),(6.972361237849E-17,0.784789175812),
(0.,1.),.UNSPECIFIED.)
GEOMETRIC_REPRESENTATION_ITEM()
RATIONAL_B_SPLINE_SURFACE(((1.,0.724336010496,1.),(1.,0.72435306311,1.),
(1.,0.722525265143,1.),(1.,0.719339800339,1.)))
REPRESENTATION_ITEM('')
SURFACE()
);
#78=(
BOUNDED_SURFACE()
B_SPLINE_SURFACE(3,2,((#7063,#7064,#7065),(#7066,#7067,#7068),(#7069,#7070,
#7071),(#7072,#7073,#7074)),.UNSPECIFIED.,.F.,.F.,.F.)
B_SPLINE_SURFACE_WITH_KNOTS((4,4),(3,3),(2.091708371355E-16,0.784789175812),
(0.,1.),.UNSPECIFIED.)
GEOMETRIC_REPRESENTATION_ITEM()
RATIONAL_B_SPLINE_SURFACE(((1.,0.724336010496,1.),(1.,0.72435306311,1.),
(1.,0.722525265143,1.),(1.,0.719339800339,1.)))
REPRESENTATION_ITEM('')
SURFACE()
);
#79=CYLINDRICAL_SURFACE('',#4582,0.0999998000000002);
#80=CYLINDRICAL_SURFACE('',#4591,0.15);
#81=CYLINDRICAL_SURFACE('',#4601,0.15);
#82=CYLINDRICAL_SURFACE('',#4603,0.15);
#83=CYLINDRICAL_SURFACE('',#4613,0.15);
#84=CYLINDRICAL_SURFACE('',#4615,1.58);
#85=CYLINDRICAL_SURFACE('',#4617,1.58);
#86=CYLINDRICAL_SURFACE('',#4619,1.58);
#87=CYLINDRICAL_SURFACE('',#4621,1.58);
#88=CYLINDRICAL_SURFACE('',#4626,0.65);
#89=CYLINDRICAL_SURFACE('',#4628,0.65);
#90=CYLINDRICAL_SURFACE('',#4636,0.65);
#91=CYLINDRICAL_SURFACE('',#4638,0.65);
#92=CYLINDRICAL_SURFACE('',#4643,1.405);
#93=CYLINDRICAL_SURFACE('',#4645,1.405);
#94=CYLINDRICAL_SURFACE('',#4647,1.405);
#95=CYLINDRICAL_SURFACE('',#4649,1.405);
#96=CYLINDRICAL_SURFACE('',#4676,0.25);
#97=CYLINDRICAL_SURFACE('',#4678,0.25);
#98=CYLINDRICAL_SURFACE('',#4680,0.25);
#99=CYLINDRICAL_SURFACE('',#4687,0.25);
#100=CYLINDRICAL_SURFACE('',#4689,0.25);
#101=CYLINDRICAL_SURFACE('',#4699,0.3);
#102=CYLINDRICAL_SURFACE('',#4703,0.3);
#103=CYLINDRICAL_SURFACE('',#4705,0.3);
#104=CYLINDRICAL_SURFACE('',#4711,0.3);
#105=CYLINDRICAL_SURFACE('',#4712,0.3);
#106=CIRCLE('',#4551,0.0999998000000002);
#107=CIRCLE('',#4583,0.0999998000000002);
#108=CIRCLE('',#4587,1.58);
#109=CIRCLE('',#4588,1.58);
#110=CIRCLE('',#4589,1.58);
#111=CIRCLE('',#4590,1.58);
#112=CIRCLE('',#4592,0.15);
#113=CIRCLE('',#4593,0.15);
#114=CIRCLE('',#4594,0.15);
#115=CIRCLE('',#4596,0.15);
#116=CIRCLE('',#4598,0.15);
#117=CIRCLE('',#4602,0.15);
#118=CIRCLE('',#4604,0.15);
#119=CIRCLE('',#4605,0.15);
#120=CIRCLE('',#4606,0.15);
#121=CIRCLE('',#4608,0.15);
#122=CIRCLE('',#4610,0.15);
#123=CIRCLE('',#4614,0.15);
#124=CIRCLE('',#4616,1.58);
#125=CIRCLE('',#4618,1.58);
#126=CIRCLE('',#4620,1.58);
#127=CIRCLE('',#4622,1.58);
#128=CIRCLE('',#4623,0.65);
#129=CIRCLE('',#4624,0.65);
#130=CIRCLE('',#4627,0.65);
#131=CIRCLE('',#4629,0.65);
#132=CIRCLE('',#4630,0.65);
#133=CIRCLE('',#4631,0.65);
#134=CIRCLE('',#4632,0.65);
#135=CIRCLE('',#4634,0.65);
#136=CIRCLE('',#4637,0.65);
#137=CIRCLE('',#4639,0.65);
#138=CIRCLE('',#4640,0.65);
#139=CIRCLE('',#4641,0.65);
#140=CIRCLE('',#4671,0.25);
#141=CIRCLE('',#4672,0.25);
#142=CIRCLE('',#4673,0.25);
#143=CIRCLE('',#4674,0.25);
#144=CIRCLE('',#4675,0.25);
#145=CIRCLE('',#4677,0.25);
#146=CIRCLE('',#4679,0.25);
#147=CIRCLE('',#4681,0.25);
#148=CIRCLE('',#4688,0.25);
#149=CIRCLE('',#4690,0.25);
#150=CIRCLE('',#4693,0.3);
#151=CIRCLE('',#4694,0.3);
#152=CIRCLE('',#4695,0.3);
#153=CIRCLE('',#4696,0.3);
#154=CIRCLE('',#4697,0.3);
#155=CIRCLE('',#4700,0.3);
#156=CIRCLE('',#4704,0.3);
#157=CIRCLE('',#4706,0.3);
#158=CIRCLE('',#4708,0.3);
#159=CIRCLE('',#4709,0.3);
#160=FACE_BOUND('',#596,.T.);
#161=FACE_BOUND('',#597,.T.);
#162=FACE_BOUND('',#598,.T.);
#163=FACE_BOUND('',#599,.T.);
#164=FACE_BOUND('',#600,.T.);
#165=FACE_BOUND('',#601,.T.);
#166=FACE_BOUND('',#602,.T.);
#167=FACE_BOUND('',#603,.T.);
#168=FACE_BOUND('',#604,.T.);
#169=FACE_BOUND('',#605,.T.);
#170=FACE_BOUND('',#606,.T.);
#171=FACE_BOUND('',#607,.T.);
#172=FACE_BOUND('',#608,.T.);
#173=FACE_BOUND('',#609,.T.);
#174=FACE_BOUND('',#610,.T.);
#175=FACE_BOUND('',#611,.T.);
#176=FACE_BOUND('',#612,.T.);
#177=FACE_BOUND('',#613,.T.);
#178=FACE_BOUND('',#614,.T.);
#179=FACE_BOUND('',#615,.T.);
#180=FACE_BOUND('',#616,.T.);
#181=FACE_BOUND('',#617,.T.);
#182=FACE_BOUND('',#618,.T.);
#183=FACE_BOUND('',#619,.T.);
#184=FACE_BOUND('',#620,.T.);
#185=FACE_BOUND('',#653,.T.);
#186=FACE_BOUND('',#680,.T.);
#187=FACE_BOUND('',#711,.T.);
#188=SHAPE_REPRESENTATION_RELATIONSHIP('SRR','None',#7396,#193);
#189=SHAPE_REPRESENTATION_RELATIONSHIP('SRR','None',#7398,#194);
#190=SHAPE_REPRESENTATION_RELATIONSHIP('SRR','None',#7399,#195);
#191=SHAPE_REPRESENTATION_RELATIONSHIP('SRR','None',#7400,#196);
#192=SHAPE_REPRESENTATION_RELATIONSHIP('SRR','None',#7395,#197);
#193=ADVANCED_BREP_SHAPE_REPRESENTATION('',(#211,#212,#213,#214),#7368);
#194=ADVANCED_BREP_SHAPE_REPRESENTATION('',(#215),#7370);
#195=ADVANCED_BREP_SHAPE_REPRESENTATION('',(#216),#7371);
#196=ADVANCED_BREP_SHAPE_REPRESENTATION('',(#217),#7372);
#197=ADVANCED_BREP_SHAPE_REPRESENTATION('',(#218,#219,#220,#221,#222,#223),
#7367);
#198=STYLED_ITEM('',(#7429),#211);
#199=STYLED_ITEM('',(#7429),#212);
#200=STYLED_ITEM('',(#7429),#213);
#201=STYLED_ITEM('',(#7429),#214);
#202=STYLED_ITEM('',(#7432),#215);
#203=STYLED_ITEM('',(#7429),#216);
#204=STYLED_ITEM('',(#7433),#217);
#205=STYLED_ITEM('',(#7430),#218);
#206=STYLED_ITEM('',(#7431),#219);
#207=STYLED_ITEM('',(#7431),#220);
#208=STYLED_ITEM('',(#7431),#221);
#209=STYLED_ITEM('',(#7431),#222);
#210=STYLED_ITEM('',(#7431),#223);
#211=MANIFOLD_SOLID_BREP('K\X\F6rper1',#4370);
#212=MANIFOLD_SOLID_BREP('K\X\F6rper2',#4371);
#213=MANIFOLD_SOLID_BREP('K\X\F6rper3',#4372);
#214=MANIFOLD_SOLID_BREP('K\X\F6rper4',#4373);
#215=MANIFOLD_SOLID_BREP('K\X\F6rper1',#4374);
#216=MANIFOLD_SOLID_BREP('K\X\F6rper1',#4375);
#217=MANIFOLD_SOLID_BREP('K\X\F6rper1',#4376);
#218=MANIFOLD_SOLID_BREP('K\X\F6rper1',#4377);
#219=MANIFOLD_SOLID_BREP('K\X\F6rper9',#4378);
#220=MANIFOLD_SOLID_BREP('K\X\F6rper8',#4379);
#221=MANIFOLD_SOLID_BREP('K\X\F6rper5',#4380);
#222=MANIFOLD_SOLID_BREP('K\X\F6rper6',#4381);
#223=MANIFOLD_SOLID_BREP('K\X\F6rper7',#4382);
#224=FACE_OUTER_BOUND('',#477,.T.);
#225=FACE_OUTER_BOUND('',#478,.T.);
#226=FACE_OUTER_BOUND('',#479,.T.);
#227=FACE_OUTER_BOUND('',#480,.T.);
#228=FACE_OUTER_BOUND('',#481,.T.);
#229=FACE_OUTER_BOUND('',#482,.T.);
#230=FACE_OUTER_BOUND('',#483,.T.);
#231=FACE_OUTER_BOUND('',#484,.T.);
#232=FACE_OUTER_BOUND('',#485,.T.);
#233=FACE_OUTER_BOUND('',#486,.T.);
#234=FACE_OUTER_BOUND('',#487,.T.);
#235=FACE_OUTER_BOUND('',#488,.T.);
#236=FACE_OUTER_BOUND('',#489,.T.);
#237=FACE_OUTER_BOUND('',#490,.T.);
#238=FACE_OUTER_BOUND('',#491,.T.);
#239=FACE_OUTER_BOUND('',#492,.T.);
#240=FACE_OUTER_BOUND('',#493,.T.);
#241=FACE_OUTER_BOUND('',#494,.T.);
#242=FACE_OUTER_BOUND('',#495,.T.);
#243=FACE_OUTER_BOUND('',#496,.T.);
#244=FACE_OUTER_BOUND('',#497,.T.);
#245=FACE_OUTER_BOUND('',#498,.T.);
#246=FACE_OUTER_BOUND('',#499,.T.);
#247=FACE_OUTER_BOUND('',#500,.T.);
#248=FACE_OUTER_BOUND('',#501,.T.);
#249=FACE_OUTER_BOUND('',#502,.T.);
#250=FACE_OUTER_BOUND('',#503,.T.);
#251=FACE_OUTER_BOUND('',#504,.T.);
#252=FACE_OUTER_BOUND('',#505,.T.);
#253=FACE_OUTER_BOUND('',#506,.T.);
#254=FACE_OUTER_BOUND('',#507,.T.);
#255=FACE_OUTER_BOUND('',#508,.T.);
#256=FACE_OUTER_BOUND('',#509,.T.);
#257=FACE_OUTER_BOUND('',#510,.T.);
#258=FACE_OUTER_BOUND('',#511,.T.);
#259=FACE_OUTER_BOUND('',#512,.T.);
#260=FACE_OUTER_BOUND('',#513,.T.);
#261=FACE_OUTER_BOUND('',#514,.T.);
#262=FACE_OUTER_BOUND('',#515,.T.);
#263=FACE_OUTER_BOUND('',#516,.T.);
#264=FACE_OUTER_BOUND('',#517,.T.);
#265=FACE_OUTER_BOUND('',#518,.T.);
#266=FACE_OUTER_BOUND('',#519,.T.);
#267=FACE_OUTER_BOUND('',#520,.T.);
#268=FACE_OUTER_BOUND('',#521,.T.);
#269=FACE_OUTER_BOUND('',#522,.T.);
#270=FACE_OUTER_BOUND('',#523,.T.);
#271=FACE_OUTER_BOUND('',#524,.T.);
#272=FACE_OUTER_BOUND('',#525,.T.);
#273=FACE_OUTER_BOUND('',#526,.T.);
#274=FACE_OUTER_BOUND('',#527,.T.);
#275=FACE_OUTER_BOUND('',#528,.T.);
#276=FACE_OUTER_BOUND('',#529,.T.);
#277=FACE_OUTER_BOUND('',#530,.T.);
#278=FACE_OUTER_BOUND('',#531,.T.);
#279=FACE_OUTER_BOUND('',#532,.T.);
#280=FACE_OUTER_BOUND('',#533,.T.);
#281=FACE_OUTER_BOUND('',#534,.T.);
#282=FACE_OUTER_BOUND('',#535,.T.);
#283=FACE_OUTER_BOUND('',#536,.T.);
#284=FACE_OUTER_BOUND('',#537,.T.);
#285=FACE_OUTER_BOUND('',#538,.T.);
#286=FACE_OUTER_BOUND('',#539,.T.);
#287=FACE_OUTER_BOUND('',#540,.T.);
#288=FACE_OUTER_BOUND('',#541,.T.);
#289=FACE_OUTER_BOUND('',#542,.T.);
#290=FACE_OUTER_BOUND('',#543,.T.);
#291=FACE_OUTER_BOUND('',#544,.T.);
#292=FACE_OUTER_BOUND('',#545,.T.);
#293=FACE_OUTER_BOUND('',#546,.T.);
#294=FACE_OUTER_BOUND('',#547,.T.);
#295=FACE_OUTER_BOUND('',#548,.T.);
#296=FACE_OUTER_BOUND('',#549,.T.);
#297=FACE_OUTER_BOUND('',#550,.T.);
#298=FACE_OUTER_BOUND('',#551,.T.);
#299=FACE_OUTER_BOUND('',#552,.T.);
#300=FACE_OUTER_BOUND('',#553,.T.);
#301=FACE_OUTER_BOUND('',#554,.T.);
#302=FACE_OUTER_BOUND('',#555,.T.);
#303=FACE_OUTER_BOUND('',#556,.T.);
#304=FACE_OUTER_BOUND('',#557,.T.);
#305=FACE_OUTER_BOUND('',#558,.T.);
#306=FACE_OUTER_BOUND('',#559,.T.);
#307=FACE_OUTER_BOUND('',#560,.T.);
#308=FACE_OUTER_BOUND('',#561,.T.);
#309=FACE_OUTER_BOUND('',#562,.T.);
#310=FACE_OUTER_BOUND('',#563,.T.);
#311=FACE_OUTER_BOUND('',#564,.T.);
#312=FACE_OUTER_BOUND('',#565,.T.);
#313=FACE_OUTER_BOUND('',#566,.T.);
#314=FACE_OUTER_BOUND('',#567,.T.);
#315=FACE_OUTER_BOUND('',#568,.T.);
#316=FACE_OUTER_BOUND('',#569,.T.);
#317=FACE_OUTER_BOUND('',#570,.T.);
#318=FACE_OUTER_BOUND('',#571,.T.);
#319=FACE_OUTER_BOUND('',#572,.T.);
#320=FACE_OUTER_BOUND('',#573,.T.);
#321=FACE_OUTER_BOUND('',#574,.T.);
#322=FACE_OUTER_BOUND('',#575,.T.);
#323=FACE_OUTER_BOUND('',#576,.T.);
#324=FACE_OUTER_BOUND('',#577,.T.);
#325=FACE_OUTER_BOUND('',#578,.T.);
#326=FACE_OUTER_BOUND('',#579,.T.);
#327=FACE_OUTER_BOUND('',#580,.T.);
#328=FACE_OUTER_BOUND('',#581,.T.);
#329=FACE_OUTER_BOUND('',#582,.T.);
#330=FACE_OUTER_BOUND('',#583,.T.);
#331=FACE_OUTER_BOUND('',#584,.T.);
#332=FACE_OUTER_BOUND('',#585,.T.);
#333=FACE_OUTER_BOUND('',#586,.T.);
#334=FACE_OUTER_BOUND('',#587,.T.);
#335=FACE_OUTER_BOUND('',#588,.T.);
#336=FACE_OUTER_BOUND('',#589,.T.);
#337=FACE_OUTER_BOUND('',#590,.T.);
#338=FACE_OUTER_BOUND('',#591,.T.);
#339=FACE_OUTER_BOUND('',#592,.T.);
#340=FACE_OUTER_BOUND('',#593,.T.);
#341=FACE_OUTER_BOUND('',#594,.T.);
#342=FACE_OUTER_BOUND('',#595,.T.);
#343=FACE_OUTER_BOUND('',#621,.T.);
#344=FACE_OUTER_BOUND('',#622,.T.);
#345=FACE_OUTER_BOUND('',#623,.T.);
#346=FACE_OUTER_BOUND('',#624,.T.);
#347=FACE_OUTER_BOUND('',#625,.T.);
#348=FACE_OUTER_BOUND('',#626,.T.);
#349=FACE_OUTER_BOUND('',#627,.T.);
#350=FACE_OUTER_BOUND('',#628,.T.);
#351=FACE_OUTER_BOUND('',#629,.T.);
#352=FACE_OUTER_BOUND('',#630,.T.);
#353=FACE_OUTER_BOUND('',#631,.T.);
#354=FACE_OUTER_BOUND('',#632,.T.);
#355=FACE_OUTER_BOUND('',#633,.T.);
#356=FACE_OUTER_BOUND('',#634,.T.);
#357=FACE_OUTER_BOUND('',#635,.T.);
#358=FACE_OUTER_BOUND('',#636,.T.);
#359=FACE_OUTER_BOUND('',#637,.T.);
#360=FACE_OUTER_BOUND('',#638,.T.);
#361=FACE_OUTER_BOUND('',#639,.T.);
#362=FACE_OUTER_BOUND('',#640,.T.);
#363=FACE_OUTER_BOUND('',#641,.T.);
#364=FACE_OUTER_BOUND('',#642,.T.);
#365=FACE_OUTER_BOUND('',#643,.T.);
#366=FACE_OUTER_BOUND('',#644,.T.);
#367=FACE_OUTER_BOUND('',#645,.T.);
#368=FACE_OUTER_BOUND('',#646,.T.);
#369=FACE_OUTER_BOUND('',#647,.T.);
#370=FACE_OUTER_BOUND('',#648,.T.);
#371=FACE_OUTER_BOUND('',#649,.T.);
#372=FACE_OUTER_BOUND('',#650,.T.);
#373=FACE_OUTER_BOUND('',#651,.T.);
#374=FACE_OUTER_BOUND('',#652,.T.);
#375=FACE_OUTER_BOUND('',#654,.T.);
#376=FACE_OUTER_BOUND('',#655,.T.);
#377=FACE_OUTER_BOUND('',#656,.T.);
#378=FACE_OUTER_BOUND('',#657,.T.);
#379=FACE_OUTER_BOUND('',#658,.T.);
#380=FACE_OUTER_BOUND('',#659,.T.);
#381=FACE_OUTER_BOUND('',#660,.T.);
#382=FACE_OUTER_BOUND('',#661,.T.);
#383=FACE_OUTER_BOUND('',#662,.T.);
#384=FACE_OUTER_BOUND('',#663,.T.);
#385=FACE_OUTER_BOUND('',#664,.T.);
#386=FACE_OUTER_BOUND('',#665,.T.);
#387=FACE_OUTER_BOUND('',#666,.T.);
#388=FACE_OUTER_BOUND('',#667,.T.);
#389=FACE_OUTER_BOUND('',#668,.T.);
#390=FACE_OUTER_BOUND('',#669,.T.);
#391=FACE_OUTER_BOUND('',#670,.T.);
#392=FACE_OUTER_BOUND('',#671,.T.);
#393=FACE_OUTER_BOUND('',#672,.T.);
#394=FACE_OUTER_BOUND('',#673,.T.);
#395=FACE_OUTER_BOUND('',#674,.T.);
#396=FACE_OUTER_BOUND('',#675,.T.);
#397=FACE_OUTER_BOUND('',#676,.T.);
#398=FACE_OUTER_BOUND('',#677,.T.);
#399=FACE_OUTER_BOUND('',#678,.T.);
#400=FACE_OUTER_BOUND('',#679,.T.);
#401=FACE_OUTER_BOUND('',#681,.T.);
#402=FACE_OUTER_BOUND('',#682,.T.);
#403=FACE_OUTER_BOUND('',#683,.T.);
#404=FACE_OUTER_BOUND('',#684,.T.);
#405=FACE_OUTER_BOUND('',#685,.T.);
#406=FACE_OUTER_BOUND('',#686,.T.);
#407=FACE_OUTER_BOUND('',#687,.T.);
#408=FACE_OUTER_BOUND('',#688,.T.);
#409=FACE_OUTER_BOUND('',#689,.T.);
#410=FACE_OUTER_BOUND('',#690,.T.);
#411=FACE_OUTER_BOUND('',#691,.T.);
#412=FACE_OUTER_BOUND('',#692,.T.);
#413=FACE_OUTER_BOUND('',#693,.T.);
#414=FACE_OUTER_BOUND('',#694,.T.);
#415=FACE_OUTER_BOUND('',#695,.T.);
#416=FACE_OUTER_BOUND('',#696,.T.);
#417=FACE_OUTER_BOUND('',#697,.T.);
#418=FACE_OUTER_BOUND('',#698,.T.);
#419=FACE_OUTER_BOUND('',#699,.T.);
#420=FACE_OUTER_BOUND('',#700,.T.);
#421=FACE_OUTER_BOUND('',#701,.T.);
#422=FACE_OUTER_BOUND('',#702,.T.);
#423=FACE_OUTER_BOUND('',#703,.T.);
#424=FACE_OUTER_BOUND('',#704,.T.);
#425=FACE_OUTER_BOUND('',#705,.T.);
#426=FACE_OUTER_BOUND('',#706,.T.);
#427=FACE_OUTER_BOUND('',#707,.T.);
#428=FACE_OUTER_BOUND('',#708,.T.);
#429=FACE_OUTER_BOUND('',#709,.T.);
#430=FACE_OUTER_BOUND('',#710,.T.);
#431=FACE_OUTER_BOUND('',#712,.T.);
#432=FACE_OUTER_BOUND('',#713,.T.);
#433=FACE_OUTER_BOUND('',#714,.T.);
#434=FACE_OUTER_BOUND('',#715,.T.);
#435=FACE_OUTER_BOUND('',#716,.T.);
#436=FACE_OUTER_BOUND('',#717,.T.);
#437=FACE_OUTER_BOUND('',#718,.T.);
#438=FACE_OUTER_BOUND('',#719,.T.);
#439=FACE_OUTER_BOUND('',#720,.T.);
#440=FACE_OUTER_BOUND('',#721,.T.);
#441=FACE_OUTER_BOUND('',#722,.T.);
#442=FACE_OUTER_BOUND('',#723,.T.);
#443=FACE_OUTER_BOUND('',#724,.T.);
#444=FACE_OUTER_BOUND('',#725,.T.);
#445=FACE_OUTER_BOUND('',#726,.T.);
#446=FACE_OUTER_BOUND('',#727,.T.);
#447=FACE_OUTER_BOUND('',#728,.T.);
#448=FACE_OUTER_BOUND('',#729,.T.);
#449=FACE_OUTER_BOUND('',#730,.T.);
#450=FACE_OUTER_BOUND('',#731,.T.);
#451=FACE_OUTER_BOUND('',#732,.T.);
#452=FACE_OUTER_BOUND('',#733,.T.);
#453=FACE_OUTER_BOUND('',#734,.T.);
#454=FACE_OUTER_BOUND('',#735,.T.);
#455=FACE_OUTER_BOUND('',#736,.T.);
#456=FACE_OUTER_BOUND('',#737,.T.);
#457=FACE_OUTER_BOUND('',#738,.T.);
#458=FACE_OUTER_BOUND('',#739,.T.);
#459=FACE_OUTER_BOUND('',#740,.T.);
#460=FACE_OUTER_BOUND('',#741,.T.);
#461=FACE_OUTER_BOUND('',#742,.T.);
#462=FACE_OUTER_BOUND('',#743,.T.);
#463=FACE_OUTER_BOUND('',#744,.T.);
#464=FACE_OUTER_BOUND('',#745,.T.);
#465=FACE_OUTER_BOUND('',#746,.T.);
#466=FACE_OUTER_BOUND('',#747,.T.);
#467=FACE_OUTER_BOUND('',#748,.T.);
#468=FACE_OUTER_BOUND('',#749,.T.);
#469=FACE_OUTER_BOUND('',#750,.T.);
#470=FACE_OUTER_BOUND('',#751,.T.);
#471=FACE_OUTER_BOUND('',#752,.T.);
#472=FACE_OUTER_BOUND('',#753,.T.);
#473=FACE_OUTER_BOUND('',#754,.T.);
#474=FACE_OUTER_BOUND('',#755,.T.);
#475=FACE_OUTER_BOUND('',#756,.T.);
#476=FACE_OUTER_BOUND('',#757,.T.);
#477=EDGE_LOOP('',(#2733,#2734,#2735,#2736));
#478=EDGE_LOOP('',(#2737,#2738,#2739,#2740));
#479=EDGE_LOOP('',(#2741,#2742,#2743,#2744));
#480=EDGE_LOOP('',(#2745,#2746,#2747,#2748));
#481=EDGE_LOOP('',(#2749,#2750,#2751,#2752));
#482=EDGE_LOOP('',(#2753,#2754,#2755,#2756));
#483=EDGE_LOOP('',(#2757,#2758,#2759,#2760));
#484=EDGE_LOOP('',(#2761,#2762,#2763,#2764));
#485=EDGE_LOOP('',(#2765,#2766,#2767,#2768));
#486=EDGE_LOOP('',(#2769,#2770,#2771,#2772));
#487=EDGE_LOOP('',(#2773,#2774,#2775,#2776));
#488=EDGE_LOOP('',(#2777,#2778,#2779,#2780));
#489=EDGE_LOOP('',(#2781,#2782,#2783,#2784));
#490=EDGE_LOOP('',(#2785,#2786,#2787,#2788));
#491=EDGE_LOOP('',(#2789,#2790,#2791,#2792));
#492=EDGE_LOOP('',(#2793,#2794,#2795,#2796));
#493=EDGE_LOOP('',(#2797,#2798,#2799,#2800));
#494=EDGE_LOOP('',(#2801,#2802,#2803,#2804));
#495=EDGE_LOOP('',(#2805,#2806,#2807,#2808));
#496=EDGE_LOOP('',(#2809,#2810,#2811,#2812));
#497=EDGE_LOOP('',(#2813,#2814,#2815,#2816));
#498=EDGE_LOOP('',(#2817,#2818,#2819,#2820));
#499=EDGE_LOOP('',(#2821,#2822,#2823,#2824));
#500=EDGE_LOOP('',(#2825,#2826,#2827,#2828));
#501=EDGE_LOOP('',(#2829,#2830,#2831,#2832));
#502=EDGE_LOOP('',(#2833,#2834,#2835,#2836));
#503=EDGE_LOOP('',(#2837,#2838,#2839,#2840));
#504=EDGE_LOOP('',(#2841,#2842,#2843,#2844));
#505=EDGE_LOOP('',(#2845,#2846,#2847,#2848));
#506=EDGE_LOOP('',(#2849,#2850,#2851,#2852));
#507=EDGE_LOOP('',(#2853,#2854,#2855,#2856));
#508=EDGE_LOOP('',(#2857,#2858,#2859,#2860));
#509=EDGE_LOOP('',(#2861,#2862,#2863,#2864));
#510=EDGE_LOOP('',(#2865,#2866,#2867,#2868));
#511=EDGE_LOOP('',(#2869,#2870,#2871,#2872));
#512=EDGE_LOOP('',(#2873,#2874,#2875,#2876));
#513=EDGE_LOOP('',(#2877,#2878,#2879,#2880));
#514=EDGE_LOOP('',(#2881,#2882,#2883,#2884));
#515=EDGE_LOOP('',(#2885,#2886,#2887,#2888));
#516=EDGE_LOOP('',(#2889,#2890,#2891,#2892));
#517=EDGE_LOOP('',(#2893,#2894,#2895,#2896));
#518=EDGE_LOOP('',(#2897,#2898,#2899,#2900));
#519=EDGE_LOOP('',(#2901,#2902,#2903,#2904));
#520=EDGE_LOOP('',(#2905,#2906,#2907,#2908));
#521=EDGE_LOOP('',(#2909,#2910,#2911,#2912));
#522=EDGE_LOOP('',(#2913,#2914,#2915,#2916));
#523=EDGE_LOOP('',(#2917,#2918,#2919,#2920));
#524=EDGE_LOOP('',(#2921,#2922,#2923,#2924));
#525=EDGE_LOOP('',(#2925,#2926,#2927,#2928));
#526=EDGE_LOOP('',(#2929,#2930,#2931,#2932));
#527=EDGE_LOOP('',(#2933,#2934,#2935,#2936));
#528=EDGE_LOOP('',(#2937,#2938,#2939,#2940));
#529=EDGE_LOOP('',(#2941,#2942,#2943,#2944));
#530=EDGE_LOOP('',(#2945,#2946,#2947,#2948));
#531=EDGE_LOOP('',(#2949,#2950,#2951,#2952));
#532=EDGE_LOOP('',(#2953,#2954,#2955,#2956));
#533=EDGE_LOOP('',(#2957,#2958,#2959,#2960));
#534=EDGE_LOOP('',(#2961,#2962,#2963,#2964));
#535=EDGE_LOOP('',(#2965,#2966,#2967,#2968));
#536=EDGE_LOOP('',(#2969,#2970,#2971,#2972));
#537=EDGE_LOOP('',(#2973,#2974,#2975,#2976));
#538=EDGE_LOOP('',(#2977,#2978,#2979,#2980));
#539=EDGE_LOOP('',(#2981,#2982,#2983,#2984));
#540=EDGE_LOOP('',(#2985,#2986,#2987,#2988));
#541=EDGE_LOOP('',(#2989,#2990,#2991,#2992));
#542=EDGE_LOOP('',(#2993,#2994,#2995,#2996));
#543=EDGE_LOOP('',(#2997,#2998,#2999,#3000));
#544=EDGE_LOOP('',(#3001,#3002,#3003,#3004));
#545=EDGE_LOOP('',(#3005,#3006,#3007,#3008));
#546=EDGE_LOOP('',(#3009,#3010,#3011,#3012));
#547=EDGE_LOOP('',(#3013,#3014,#3015,#3016));
#548=EDGE_LOOP('',(#3017,#3018,#3019,#3020));
#549=EDGE_LOOP('',(#3021,#3022,#3023,#3024));
#550=EDGE_LOOP('',(#3025,#3026,#3027,#3028));
#551=EDGE_LOOP('',(#3029,#3030,#3031,#3032));
#552=EDGE_LOOP('',(#3033,#3034,#3035,#3036));
#553=EDGE_LOOP('',(#3037,#3038,#3039,#3040));
#554=EDGE_LOOP('',(#3041,#3042,#3043,#3044));
#555=EDGE_LOOP('',(#3045,#3046,#3047,#3048));
#556=EDGE_LOOP('',(#3049,#3050,#3051,#3052));
#557=EDGE_LOOP('',(#3053,#3054,#3055,#3056));
#558=EDGE_LOOP('',(#3057,#3058,#3059,#3060));
#559=EDGE_LOOP('',(#3061,#3062,#3063,#3064));
#560=EDGE_LOOP('',(#3065,#3066,#3067,#3068));
#561=EDGE_LOOP('',(#3069,#3070,#3071,#3072));
#562=EDGE_LOOP('',(#3073,#3074,#3075,#3076));
#563=EDGE_LOOP('',(#3077,#3078,#3079,#3080));
#564=EDGE_LOOP('',(#3081,#3082,#3083,#3084));
#565=EDGE_LOOP('',(#3085,#3086,#3087,#3088));
#566=EDGE_LOOP('',(#3089,#3090,#3091,#3092));
#567=EDGE_LOOP('',(#3093,#3094,#3095,#3096));
#568=EDGE_LOOP('',(#3097,#3098,#3099,#3100));
#569=EDGE_LOOP('',(#3101,#3102,#3103,#3104));
#570=EDGE_LOOP('',(#3105,#3106,#3107,#3108));
#571=EDGE_LOOP('',(#3109,#3110,#3111,#3112));
#572=EDGE_LOOP('',(#3113,#3114,#3115,#3116));
#573=EDGE_LOOP('',(#3117,#3118,#3119,#3120));
#574=EDGE_LOOP('',(#3121,#3122,#3123,#3124));
#575=EDGE_LOOP('',(#3125,#3126,#3127,#3128));
#576=EDGE_LOOP('',(#3129,#3130,#3131,#3132));
#577=EDGE_LOOP('',(#3133,#3134,#3135,#3136));
#578=EDGE_LOOP('',(#3137,#3138,#3139,#3140));
#579=EDGE_LOOP('',(#3141,#3142,#3143,#3144));
#580=EDGE_LOOP('',(#3145,#3146,#3147,#3148));
#581=EDGE_LOOP('',(#3149,#3150,#3151,#3152));
#582=EDGE_LOOP('',(#3153,#3154,#3155,#3156));
#583=EDGE_LOOP('',(#3157,#3158,#3159,#3160));
#584=EDGE_LOOP('',(#3161,#3162,#3163,#3164));
#585=EDGE_LOOP('',(#3165,#3166,#3167,#3168));
#586=EDGE_LOOP('',(#3169,#3170,#3171,#3172));
#587=EDGE_LOOP('',(#3173,#3174,#3175,#3176));
#588=EDGE_LOOP('',(#3177,#3178,#3179,#3180));
#589=EDGE_LOOP('',(#3181,#3182,#3183,#3184));
#590=EDGE_LOOP('',(#3185,#3186,#3187,#3188));
#591=EDGE_LOOP('',(#3189,#3190,#3191,#3192));
#592=EDGE_LOOP('',(#3193,#3194,#3195,#3196));
#593=EDGE_LOOP('',(#3197,#3198,#3199,#3200));
#594=EDGE_LOOP('',(#3201,#3202,#3203,#3204));
#595=EDGE_LOOP('',(#3205,#3206,#3207,#3208));
#596=EDGE_LOOP('',(#3209,#3210,#3211,#3212));
#597=EDGE_LOOP('',(#3213,#3214,#3215,#3216));
#598=EDGE_LOOP('',(#3217,#3218,#3219,#3220));
#599=EDGE_LOOP('',(#3221,#3222,#3223,#3224));
#600=EDGE_LOOP('',(#3225,#3226,#3227,#3228));
#601=EDGE_LOOP('',(#3229,#3230,#3231,#3232));
#602=EDGE_LOOP('',(#3233,#3234,#3235,#3236));
#603=EDGE_LOOP('',(#3237,#3238,#3239,#3240));
#604=EDGE_LOOP('',(#3241,#3242,#3243,#3244));
#605=EDGE_LOOP('',(#3245,#3246,#3247,#3248));
#606=EDGE_LOOP('',(#3249,#3250,#3251,#3252));
#607=EDGE_LOOP('',(#3253,#3254,#3255,#3256));
#608=EDGE_LOOP('',(#3257,#3258,#3259,#3260));
#609=EDGE_LOOP('',(#3261,#3262,#3263,#3264));
#610=EDGE_LOOP('',(#3265,#3266,#3267,#3268));
#611=EDGE_LOOP('',(#3269,#3270,#3271,#3272));
#612=EDGE_LOOP('',(#3273,#3274,#3275,#3276));
#613=EDGE_LOOP('',(#3277,#3278,#3279,#3280));
#614=EDGE_LOOP('',(#3281,#3282,#3283,#3284));
#615=EDGE_LOOP('',(#3285,#3286,#3287,#3288));
#616=EDGE_LOOP('',(#3289,#3290,#3291,#3292));
#617=EDGE_LOOP('',(#3293,#3294,#3295,#3296));
#618=EDGE_LOOP('',(#3297,#3298,#3299,#3300));
#619=EDGE_LOOP('',(#3301,#3302,#3303,#3304));
#620=EDGE_LOOP('',(#3305));
#621=EDGE_LOOP('',(#3306,#3307,#3308,#3309));
#622=EDGE_LOOP('',(#3310,#3311,#3312,#3313));
#623=EDGE_LOOP('',(#3314,#3315,#3316,#3317));
#624=EDGE_LOOP('',(#3318,#3319,#3320,#3321));
#625=EDGE_LOOP('',(#3322,#3323,#3324,#3325));
#626=EDGE_LOOP('',(#3326,#3327,#3328,#3329));
#627=EDGE_LOOP('',(#3330,#3331,#3332,#3333));
#628=EDGE_LOOP('',(#3334,#3335,#3336,#3337));
#629=EDGE_LOOP('',(#3338,#3339,#3340,#3341));
#630=EDGE_LOOP('',(#3342,#3343,#3344,#3345));
#631=EDGE_LOOP('',(#3346,#3347,#3348,#3349));
#632=EDGE_LOOP('',(#3350,#3351,#3352,#3353));
#633=EDGE_LOOP('',(#3354,#3355,#3356,#3357));
#634=EDGE_LOOP('',(#3358,#3359,#3360,#3361));
#635=EDGE_LOOP('',(#3362,#3363,#3364,#3365));
#636=EDGE_LOOP('',(#3366,#3367,#3368,#3369));
#637=EDGE_LOOP('',(#3370,#3371,#3372,#3373));
#638=EDGE_LOOP('',(#3374,#3375,#3376,#3377));
#639=EDGE_LOOP('',(#3378,#3379,#3380,#3381));
#640=EDGE_LOOP('',(#3382,#3383,#3384,#3385));
#641=EDGE_LOOP('',(#3386,#3387,#3388,#3389));
#642=EDGE_LOOP('',(#3390,#3391,#3392,#3393));
#643=EDGE_LOOP('',(#3394,#3395,#3396,#3397));
#644=EDGE_LOOP('',(#3398,#3399,#3400,#3401));
#645=EDGE_LOOP('',(#3402,#3403,#3404,#3405));
#646=EDGE_LOOP('',(#3406,#3407,#3408,#3409));
#647=EDGE_LOOP('',(#3410,#3411,#3412,#3413));
#648=EDGE_LOOP('',(#3414,#3415,#3416,#3417));
#649=EDGE_LOOP('',(#3418,#3419,#3420,#3421));
#650=EDGE_LOOP('',(#3422,#3423,#3424,#3425));
#651=EDGE_LOOP('',(#3426,#3427,#3428,#3429));
#652=EDGE_LOOP('',(#3430,#3431,#3432,#3433));
#653=EDGE_LOOP('',(#3434));
#654=EDGE_LOOP('',(#3435,#3436,#3437,#3438,#3439,#3440,#3441,#3442));
#655=EDGE_LOOP('',(#3443,#3444,#3445,#3446));
#656=EDGE_LOOP('',(#3447,#3448,#3449,#3450));
#657=EDGE_LOOP('',(#3451,#3452,#3453,#3454));
#658=EDGE_LOOP('',(#3455,#3456,#3457,#3458));
#659=EDGE_LOOP('',(#3459,#3460,#3461,#3462));
#660=EDGE_LOOP('',(#3463,#3464,#3465,#3466));
#661=EDGE_LOOP('',(#3467,#3468,#3469,#3470));
#662=EDGE_LOOP('',(#3471,#3472,#3473,#3474));
#663=EDGE_LOOP('',(#3475,#3476,#3477,#3478));
#664=EDGE_LOOP('',(#3479,#3480,#3481,#3482));
#665=EDGE_LOOP('',(#3483,#3484,#3485,#3486));
#666=EDGE_LOOP('',(#3487,#3488,#3489,#3490));
#667=EDGE_LOOP('',(#3491,#3492,#3493,#3494));
#668=EDGE_LOOP('',(#3495,#3496,#3497,#3498));
#669=EDGE_LOOP('',(#3499,#3500,#3501,#3502));
#670=EDGE_LOOP('',(#3503,#3504,#3505,#3506));
#671=EDGE_LOOP('',(#3507,#3508,#3509,#3510));
#672=EDGE_LOOP('',(#3511,#3512,#3513,#3514));
#673=EDGE_LOOP('',(#3515,#3516,#3517,#3518));
#674=EDGE_LOOP('',(#3519,#3520,#3521,#3522));
#675=EDGE_LOOP('',(#3523,#3524,#3525,#3526,#3527,#3528));
#676=EDGE_LOOP('',(#3529,#3530,#3531,#3532,#3533,#3534));
#677=EDGE_LOOP('',(#3535,#3536,#3537,#3538,#3539,#3540));
#678=EDGE_LOOP('',(#3541,#3542,#3543,#3544,#3545,#3546));
#679=EDGE_LOOP('',(#3547,#3548,#3549,#3550,#3551,#3552,#3553,#3554));
#680=EDGE_LOOP('',(#3555,#3556,#3557,#3558,#3559,#3560,#3561,#3562,#3563,
#3564,#3565,#3566));
#681=EDGE_LOOP('',(#3567,#3568,#3569,#3570));
#682=EDGE_LOOP('',(#3571,#3572,#3573,#3574));
#683=EDGE_LOOP('',(#3575,#3576,#3577,#3578));
#684=EDGE_LOOP('',(#3579,#3580,#3581,#3582));
#685=EDGE_LOOP('',(#3583,#3584,#3585,#3586,#3587,#3588,#3589,#3590,#3591,
#3592,#3593,#3594));
#686=EDGE_LOOP('',(#3595,#3596,#3597,#3598));
#687=EDGE_LOOP('',(#3599,#3600,#3601,#3602));
#688=EDGE_LOOP('',(#3603,#3604,#3605,#3606));
#689=EDGE_LOOP('',(#3607,#3608,#3609,#3610));
#690=EDGE_LOOP('',(#3611,#3612,#3613,#3614));
#691=EDGE_LOOP('',(#3615,#3616,#3617,#3618));
#692=EDGE_LOOP('',(#3619,#3620,#3621,#3622));
#693=EDGE_LOOP('',(#3623,#3624,#3625,#3626));
#694=EDGE_LOOP('',(#3627,#3628,#3629,#3630));
#695=EDGE_LOOP('',(#3631,#3632,#3633,#3634));
#696=EDGE_LOOP('',(#3635,#3636,#3637,#3638));
#697=EDGE_LOOP('',(#3639,#3640,#3641,#3642));
#698=EDGE_LOOP('',(#3643,#3644,#3645,#3646,#3647,#3648,#3649,#3650,#3651,
#3652));
#699=EDGE_LOOP('',(#3653,#3654,#3655,#3656));
#700=EDGE_LOOP('',(#3657,#3658,#3659,#3660));
#701=EDGE_LOOP('',(#3661,#3662,#3663,#3664));
#702=EDGE_LOOP('',(#3665,#3666,#3667,#3668));
#703=EDGE_LOOP('',(#3669,#3670,#3671,#3672));
#704=EDGE_LOOP('',(#3673,#3674,#3675,#3676));
#705=EDGE_LOOP('',(#3677,#3678,#3679,#3680));
#706=EDGE_LOOP('',(#3681,#3682,#3683,#3684));
#707=EDGE_LOOP('',(#3685,#3686,#3687,#3688));
#708=EDGE_LOOP('',(#3689,#3690,#3691,#3692));
#709=EDGE_LOOP('',(#3693,#3694,#3695,#3696));
#710=EDGE_LOOP('',(#3697,#3698,#3699,#3700,#3701,#3702,#3703,#3704,#3705,
#3706));
#711=EDGE_LOOP('',(#3707,#3708,#3709,#3710,#3711,#3712,#3713,#3714,#3715,
#3716));
#712=EDGE_LOOP('',(#3717,#3718,#3719,#3720));
#713=EDGE_LOOP('',(#3721,#3722,#3723,#3724));
#714=EDGE_LOOP('',(#3725,#3726,#3727,#3728));
#715=EDGE_LOOP('',(#3729,#3730,#3731,#3732));
#716=EDGE_LOOP('',(#3733,#3734,#3735,#3736));
#717=EDGE_LOOP('',(#3737,#3738,#3739,#3740));
#718=EDGE_LOOP('',(#3741,#3742,#3743,#3744,#3745,#3746,#3747,#3748,#3749,
#3750));
#719=EDGE_LOOP('',(#3751,#3752,#3753,#3754));
#720=EDGE_LOOP('',(#3755,#3756,#3757,#3758));
#721=EDGE_LOOP('',(#3759,#3760,#3761,#3762));
#722=EDGE_LOOP('',(#3763,#3764,#3765,#3766));
#723=EDGE_LOOP('',(#3767,#3768,#3769,#3770));
#724=EDGE_LOOP('',(#3771,#3772,#3773,#3774));
#725=EDGE_LOOP('',(#3775,#3776,#3777,#3778));
#726=EDGE_LOOP('',(#3779,#3780,#3781,#3782));
#727=EDGE_LOOP('',(#3783,#3784,#3785,#3786));
#728=EDGE_LOOP('',(#3787,#3788,#3789,#3790));
#729=EDGE_LOOP('',(#3791,#3792,#3793,#3794));
#730=EDGE_LOOP('',(#3795,#3796,#3797,#3798));
#731=EDGE_LOOP('',(#3799,#3800,#3801,#3802));
#732=EDGE_LOOP('',(#3803,#3804,#3805,#3806));
#733=EDGE_LOOP('',(#3807,#3808,#3809,#3810));
#734=EDGE_LOOP('',(#3811,#3812,#3813,#3814));
#735=EDGE_LOOP('',(#3815,#3816,#3817,#3818));
#736=EDGE_LOOP('',(#3819,#3820,#3821,#3822));
#737=EDGE_LOOP('',(#3823,#3824,#3825,#3826));
#738=EDGE_LOOP('',(#3827,#3828,#3829,#3830));
#739=EDGE_LOOP('',(#3831,#3832,#3833,#3834));
#740=EDGE_LOOP('',(#3835,#3836,#3837,#3838));
#741=EDGE_LOOP('',(#3839,#3840,#3841,#3842));
#742=EDGE_LOOP('',(#3843,#3844,#3845,#3846));
#743=EDGE_LOOP('',(#3847,#3848,#3849,#3850));
#744=EDGE_LOOP('',(#3851,#3852,#3853,#3854));
#745=EDGE_LOOP('',(#3855,#3856,#3857,#3858));
#746=EDGE_LOOP('',(#3859,#3860,#3861,#3862));
#747=EDGE_LOOP('',(#3863,#3864,#3865,#3866));
#748=EDGE_LOOP('',(#3867,#3868,#3869,#3870));
#749=EDGE_LOOP('',(#3871,#3872,#3873,#3874));
#750=EDGE_LOOP('',(#3875,#3876,#3877,#3878));
#751=EDGE_LOOP('',(#3879,#3880,#3881,#3882));
#752=EDGE_LOOP('',(#3883,#3884,#3885,#3886));
#753=EDGE_LOOP('',(#3887,#3888,#3889,#3890));
#754=EDGE_LOOP('',(#3891,#3892,#3893,#3894));
#755=EDGE_LOOP('',(#3895,#3896,#3897,#3898));
#756=EDGE_LOOP('',(#3899,#3900,#3901,#3902));
#757=EDGE_LOOP('',(#3903,#3904,#3905,#3906));
#758=LINE('',#5912,#1259);
#759=LINE('',#5914,#1260);
#760=LINE('',#5916,#1261);
#761=LINE('',#5917,#1262);
#762=LINE('',#5920,#1263);
#763=LINE('',#5922,#1264);
#764=LINE('',#5923,#1265);
#765=LINE('',#5926,#1266);
#766=LINE('',#5928,#1267);
#767=LINE('',#5929,#1268);
#768=LINE('',#5931,#1269);
#769=LINE('',#5932,#1270);
#770=LINE('',#5938,#1271);
#771=LINE('',#5940,#1272);
#772=LINE('',#5942,#1273);
#773=LINE('',#5943,#1274);
#774=LINE('',#5946,#1275);
#775=LINE('',#5948,#1276);
#776=LINE('',#5949,#1277);
#777=LINE('',#5952,#1278);
#778=LINE('',#5954,#1279);
#779=LINE('',#5955,#1280);
#780=LINE('',#5957,#1281);
#781=LINE('',#5958,#1282);
#782=LINE('',#5964,#1283);
#783=LINE('',#5966,#1284);
#784=LINE('',#5968,#1285);
#785=LINE('',#5969,#1286);
#786=LINE('',#5972,#1287);
#787=LINE('',#5974,#1288);
#788=LINE('',#5975,#1289);
#789=LINE('',#5978,#1290);
#790=LINE('',#5980,#1291);
#791=LINE('',#5981,#1292);
#792=LINE('',#5983,#1293);
#793=LINE('',#5984,#1294);
#794=LINE('',#5990,#1295);
#795=LINE('',#5992,#1296);
#796=LINE('',#5994,#1297);
#797=LINE('',#5995,#1298);
#798=LINE('',#5998,#1299);
#799=LINE('',#6000,#1300);
#800=LINE('',#6001,#1301);
#801=LINE('',#6004,#1302);
#802=LINE('',#6006,#1303);
#803=LINE('',#6007,#1304);
#804=LINE('',#6009,#1305);
#805=LINE('',#6010,#1306);
#806=LINE('',#6018,#1307);
#807=LINE('',#6020,#1308);
#808=LINE('',#6022,#1309);
#809=LINE('',#6023,#1310);
#810=LINE('',#6026,#1311);
#811=LINE('',#6028,#1312);
#812=LINE('',#6029,#1313);
#813=LINE('',#6032,#1314);
#814=LINE('',#6033,#1315);
#815=LINE('',#6036,#1316);
#816=LINE('',#6037,#1317);
#817=LINE('',#6039,#1318);
#818=LINE('',#6043,#1319);
#819=LINE('',#6045,#1320);
#820=LINE('',#6047,#1321);
#821=LINE('',#6048,#1322);
#822=LINE('',#6051,#1323);
#823=LINE('',#6053,#1324);
#824=LINE('',#6054,#1325);
#825=LINE('',#6057,#1326);
#826=LINE('',#6058,#1327);
#827=LINE('',#6061,#1328);
#828=LINE('',#6062,#1329);
#829=LINE('',#6064,#1330);
#830=LINE('',#6068,#1331);
#831=LINE('',#6070,#1332);
#832=LINE('',#6072,#1333);
#833=LINE('',#6073,#1334);
#834=LINE('',#6076,#1335);
#835=LINE('',#6078,#1336);
#836=LINE('',#6079,#1337);
#837=LINE('',#6082,#1338);
#838=LINE('',#6083,#1339);
#839=LINE('',#6086,#1340);
#840=LINE('',#6087,#1341);
#841=LINE('',#6089,#1342);
#842=LINE('',#6093,#1343);
#843=LINE('',#6095,#1344);
#844=LINE('',#6097,#1345);
#845=LINE('',#6098,#1346);
#846=LINE('',#6101,#1347);
#847=LINE('',#6103,#1348);
#848=LINE('',#6104,#1349);
#849=LINE('',#6107,#1350);
#850=LINE('',#6108,#1351);
#851=LINE('',#6111,#1352);
#852=LINE('',#6112,#1353);
#853=LINE('',#6114,#1354);
#854=LINE('',#6118,#1355);
#855=LINE('',#6120,#1356);
#856=LINE('',#6122,#1357);
#857=LINE('',#6123,#1358);
#858=LINE('',#6126,#1359);
#859=LINE('',#6128,#1360);
#860=LINE('',#6129,#1361);
#861=LINE('',#6132,#1362);
#862=LINE('',#6133,#1363);
#863=LINE('',#6136,#1364);
#864=LINE('',#6137,#1365);
#865=LINE('',#6139,#1366);
#866=LINE('',#6143,#1367);
#867=LINE('',#6145,#1368);
#868=LINE('',#6147,#1369);
#869=LINE('',#6148,#1370);
#870=LINE('',#6152,#1371);
#871=LINE('',#6153,#1372);
#872=LINE('',#6154,#1373);
#873=LINE('',#6158,#1374);
#874=LINE('',#6159,#1375);
#875=LINE('',#6160,#1376);
#876=LINE('',#6162,#1377);
#877=LINE('',#6163,#1378);
#878=LINE('',#6167,#1379);
#879=LINE('',#6169,#1380);
#880=LINE('',#6171,#1381);
#881=LINE('',#6172,#1382);
#882=LINE('',#6175,#1383);
#883=LINE('',#6177,#1384);
#884=LINE('',#6178,#1385);
#885=LINE('',#6181,#1386);
#886=LINE('',#6182,#1387);
#887=LINE('',#6185,#1388);
#888=LINE('',#6186,#1389);
#889=LINE('',#6188,#1390);
#890=LINE('',#6192,#1391);
#891=LINE('',#6194,#1392);
#892=LINE('',#6196,#1393);
#893=LINE('',#6197,#1394);
#894=LINE('',#6200,#1395);
#895=LINE('',#6202,#1396);
#896=LINE('',#6203,#1397);
#897=LINE('',#6206,#1398);
#898=LINE('',#6207,#1399);
#899=LINE('',#6210,#1400);
#900=LINE('',#6211,#1401);
#901=LINE('',#6213,#1402);
#902=LINE('',#6217,#1403);
#903=LINE('',#6219,#1404);
#904=LINE('',#6221,#1405);
#905=LINE('',#6222,#1406);
#906=LINE('',#6225,#1407);
#907=LINE('',#6227,#1408);
#908=LINE('',#6228,#1409);
#909=LINE('',#6231,#1410);
#910=LINE('',#6232,#1411);
#911=LINE('',#6235,#1412);
#912=LINE('',#6236,#1413);
#913=LINE('',#6238,#1414);
#914=LINE('',#6242,#1415);
#915=LINE('',#6244,#1416);
#916=LINE('',#6246,#1417);
#917=LINE('',#6247,#1418);
#918=LINE('',#6250,#1419);
#919=LINE('',#6252,#1420);
#920=LINE('',#6253,#1421);
#921=LINE('',#6256,#1422);
#922=LINE('',#6257,#1423);
#923=LINE('',#6260,#1424);
#924=LINE('',#6261,#1425);
#925=LINE('',#6263,#1426);
#926=LINE('',#6267,#1427);
#927=LINE('',#6269,#1428);
#928=LINE('',#6271,#1429);
#929=LINE('',#6272,#1430);
#930=LINE('',#6275,#1431);
#931=LINE('',#6277,#1432);
#932=LINE('',#6278,#1433);
#933=LINE('',#6281,#1434);
#934=LINE('',#6282,#1435);
#935=LINE('',#6285,#1436);
#936=LINE('',#6286,#1437);
#937=LINE('',#6288,#1438);
#938=LINE('',#6292,#1439);
#939=LINE('',#6294,#1440);
#940=LINE('',#6296,#1441);
#941=LINE('',#6297,#1442);
#942=LINE('',#6300,#1443);
#943=LINE('',#6302,#1444);
#944=LINE('',#6303,#1445);
#945=LINE('',#6306,#1446);
#946=LINE('',#6307,#1447);
#947=LINE('',#6310,#1448);
#948=LINE('',#6311,#1449);
#949=LINE('',#6313,#1450);
#950=LINE('',#6317,#1451);
#951=LINE('',#6319,#1452);
#952=LINE('',#6321,#1453);
#953=LINE('',#6322,#1454);
#954=LINE('',#6325,#1455);
#955=LINE('',#6327,#1456);
#956=LINE('',#6328,#1457);
#957=LINE('',#6331,#1458);
#958=LINE('',#6332,#1459);
#959=LINE('',#6335,#1460);
#960=LINE('',#6336,#1461);
#961=LINE('',#6338,#1462);
#962=LINE('',#6342,#1463);
#963=LINE('',#6344,#1464);
#964=LINE('',#6346,#1465);
#965=LINE('',#6347,#1466);
#966=LINE('',#6350,#1467);
#967=LINE('',#6352,#1468);
#968=LINE('',#6353,#1469);
#969=LINE('',#6356,#1470);
#970=LINE('',#6357,#1471);
#971=LINE('',#6360,#1472);
#972=LINE('',#6361,#1473);
#973=LINE('',#6363,#1474);
#974=LINE('',#6367,#1475);
#975=LINE('',#6369,#1476);
#976=LINE('',#6371,#1477);
#977=LINE('',#6372,#1478);
#978=LINE('',#6375,#1479);
#979=LINE('',#6377,#1480);
#980=LINE('',#6378,#1481);
#981=LINE('',#6381,#1482);
#982=LINE('',#6382,#1483);
#983=LINE('',#6385,#1484);
#984=LINE('',#6386,#1485);
#985=LINE('',#6388,#1486);
#986=LINE('',#6392,#1487);
#987=LINE('',#6394,#1488);
#988=LINE('',#6396,#1489);
#989=LINE('',#6397,#1490);
#990=LINE('',#6400,#1491);
#991=LINE('',#6402,#1492);
#992=LINE('',#6403,#1493);
#993=LINE('',#6406,#1494);
#994=LINE('',#6407,#1495);
#995=LINE('',#6410,#1496);
#996=LINE('',#6411,#1497);
#997=LINE('',#6413,#1498);
#998=LINE('',#6417,#1499);
#999=LINE('',#6419,#1500);
#1000=LINE('',#6421,#1501);
#1001=LINE('',#6422,#1502);
#1002=LINE('',#6425,#1503);
#1003=LINE('',#6427,#1504);
#1004=LINE('',#6428,#1505);
#1005=LINE('',#6431,#1506);
#1006=LINE('',#6432,#1507);
#1007=LINE('',#6435,#1508);
#1008=LINE('',#6436,#1509);
#1009=LINE('',#6438,#1510);
#1010=LINE('',#6442,#1511);
#1011=LINE('',#6444,#1512);
#1012=LINE('',#6446,#1513);
#1013=LINE('',#6447,#1514);
#1014=LINE('',#6450,#1515);
#1015=LINE('',#6452,#1516);
#1016=LINE('',#6453,#1517);
#1017=LINE('',#6456,#1518);
#1018=LINE('',#6457,#1519);
#1019=LINE('',#6460,#1520);
#1020=LINE('',#6461,#1521);
#1021=LINE('',#6463,#1522);
#1022=LINE('',#6467,#1523);
#1023=LINE('',#6469,#1524);
#1024=LINE('',#6471,#1525);
#1025=LINE('',#6472,#1526);
#1026=LINE('',#6475,#1527);
#1027=LINE('',#6477,#1528);
#1028=LINE('',#6478,#1529);
#1029=LINE('',#6481,#1530);
#1030=LINE('',#6482,#1531);
#1031=LINE('',#6485,#1532);
#1032=LINE('',#6486,#1533);
#1033=LINE('',#6488,#1534);
#1034=LINE('',#6492,#1535);
#1035=LINE('',#6494,#1536);
#1036=LINE('',#6496,#1537);
#1037=LINE('',#6497,#1538);
#1038=LINE('',#6500,#1539);
#1039=LINE('',#6502,#1540);
#1040=LINE('',#6504,#1541);
#1041=LINE('',#6505,#1542);
#1042=LINE('',#6508,#1543);
#1043=LINE('',#6510,#1544);
#1044=LINE('',#6512,#1545);
#1045=LINE('',#6513,#1546);
#1046=LINE('',#6516,#1547);
#1047=LINE('',#6518,#1548);
#1048=LINE('',#6520,#1549);
#1049=LINE('',#6521,#1550);
#1050=LINE('',#6524,#1551);
#1051=LINE('',#6526,#1552);
#1052=LINE('',#6528,#1553);
#1053=LINE('',#6529,#1554);
#1054=LINE('',#6532,#1555);
#1055=LINE('',#6534,#1556);
#1056=LINE('',#6536,#1557);
#1057=LINE('',#6537,#1558);
#1058=LINE('',#6543,#1559);
#1059=LINE('',#6545,#1560);
#1060=LINE('',#6547,#1561);
#1061=LINE('',#6548,#1562);
#1062=LINE('',#6550,#1563);
#1063=LINE('',#6551,#1564);
#1064=LINE('',#6553,#1565);
#1065=LINE('',#6555,#1566);
#1066=LINE('',#6560,#1567);
#1067=LINE('',#6562,#1568);
#1068=LINE('',#6564,#1569);
#1069=LINE('',#6565,#1570);
#1070=LINE('',#6567,#1571);
#1071=LINE('',#6568,#1572);
#1072=LINE('',#6570,#1573);
#1073=LINE('',#6572,#1574);
#1074=LINE('',#6577,#1575);
#1075=LINE('',#6579,#1576);
#1076=LINE('',#6581,#1577);
#1077=LINE('',#6582,#1578);
#1078=LINE('',#6584,#1579);
#1079=LINE('',#6585,#1580);
#1080=LINE('',#6587,#1581);
#1081=LINE('',#6589,#1582);
#1082=LINE('',#6594,#1583);
#1083=LINE('',#6596,#1584);
#1084=LINE('',#6598,#1585);
#1085=LINE('',#6599,#1586);
#1086=LINE('',#6601,#1587);
#1087=LINE('',#6602,#1588);
#1088=LINE('',#6604,#1589);
#1089=LINE('',#6606,#1590);
#1090=LINE('',#6611,#1591);
#1091=LINE('',#6613,#1592);
#1092=LINE('',#6615,#1593);
#1093=LINE('',#6616,#1594);
#1094=LINE('',#6618,#1595);
#1095=LINE('',#6619,#1596);
#1096=LINE('',#6621,#1597);
#1097=LINE('',#6623,#1598);
#1098=LINE('',#6628,#1599);
#1099=LINE('',#6630,#1600);
#1100=LINE('',#6632,#1601);
#1101=LINE('',#6633,#1602);
#1102=LINE('',#6635,#1603);
#1103=LINE('',#6636,#1604);
#1104=LINE('',#6638,#1605);
#1105=LINE('',#6640,#1606);
#1106=LINE('',#6645,#1607);
#1107=LINE('',#6651,#1608);
#1108=LINE('',#6655,#1609);
#1109=LINE('',#6659,#1610);
#1110=LINE('',#6663,#1611);
#1111=LINE('',#6670,#1612);
#1112=LINE('',#6673,#1613);
#1113=LINE('',#6715,#1614);
#1114=LINE('',#6716,#1615);
#1115=LINE('',#6722,#1616);
#1116=LINE('',#6725,#1617);
#1117=LINE('',#6765,#1618);
#1118=LINE('',#6768,#1619);
#1119=LINE('',#6773,#1620);
#1120=LINE('',#6774,#1621);
#1121=LINE('',#6779,#1622);
#1122=LINE('',#6780,#1623);
#1123=LINE('',#6785,#1624);
#1124=LINE('',#6786,#1625);
#1125=LINE('',#6791,#1626);
#1126=LINE('',#6792,#1627);
#1127=LINE('',#6822,#1628);
#1128=LINE('',#6823,#1629);
#1129=LINE('',#6829,#1630);
#1130=LINE('',#6832,#1631);
#1131=LINE('',#6884,#1632);
#1132=LINE('',#6885,#1633);
#1133=LINE('',#6891,#1634);
#1134=LINE('',#6894,#1635);
#1135=LINE('',#6918,#1636);
#1136=LINE('',#6920,#1637);
#1137=LINE('',#6928,#1638);
#1138=LINE('',#6930,#1639);
#1139=LINE('',#6938,#1640);
#1140=LINE('',#6940,#1641);
#1141=LINE('',#6948,#1642);
#1142=LINE('',#6950,#1643);
#1143=LINE('',#6958,#1644);
#1144=LINE('',#6959,#1645);
#1145=LINE('',#6960,#1646);
#1146=LINE('',#6961,#1647);
#1147=LINE('',#7079,#1648);
#1148=LINE('',#7083,#1649);
#1149=LINE('',#7087,#1650);
#1150=LINE('',#7091,#1651);
#1151=LINE('',#7095,#1652);
#1152=LINE('',#7101,#1653);
#1153=LINE('',#7102,#1654);
#1154=LINE('',#7107,#1655);
#1155=LINE('',#7108,#1656);
#1156=LINE('',#7113,#1657);
#1157=LINE('',#7114,#1658);
#1158=LINE('',#7116,#1659);
#1159=LINE('',#7118,#1660);
#1160=LINE('',#7121,#1661);
#1161=LINE('',#7122,#1662);
#1162=LINE('',#7125,#1663);
#1163=LINE('',#7126,#1664);
#1164=LINE('',#7130,#1665);
#1165=LINE('',#7131,#1666);
#1166=LINE('',#7132,#1667);
#1167=LINE('',#7140,#1668);
#1168=LINE('',#7142,#1669);
#1169=LINE('',#7144,#1670);
#1170=LINE('',#7145,#1671);
#1171=LINE('',#7149,#1672);
#1172=LINE('',#7153,#1673);
#1173=LINE('',#7157,#1674);
#1174=LINE('',#7162,#1675);
#1175=LINE('',#7167,#1676);
#1176=LINE('',#7168,#1677);
#1177=LINE('',#7169,#1678);
#1178=LINE('',#7174,#1679);
#1179=LINE('',#7176,#1680);
#1180=LINE('',#7177,#1681);
#1181=LINE('',#7181,#1682);
#1182=LINE('',#7182,#1683);
#1183=LINE('',#7183,#1684);
#1184=LINE('',#7192,#1685);
#1185=LINE('',#7195,#1686);
#1186=LINE('',#7196,#1687);
#1187=LINE('',#7205,#1688);
#1188=LINE('',#7207,#1689);
#1189=LINE('',#7209,#1690);
#1190=LINE('',#7210,#1691);
#1191=LINE('',#7213,#1692);
#1192=LINE('',#7215,#1693);
#1193=LINE('',#7216,#1694);
#1194=LINE('',#7219,#1695);
#1195=LINE('',#7221,#1696);
#1196=LINE('',#7222,#1697);
#1197=LINE('',#7224,#1698);
#1198=LINE('',#7225,#1699);
#1199=LINE('',#7231,#1700);
#1200=LINE('',#7233,#1701);
#1201=LINE('',#7235,#1702);
#1202=LINE('',#7236,#1703);
#1203=LINE('',#7239,#1704);
#1204=LINE('',#7241,#1705);
#1205=LINE('',#7242,#1706);
#1206=LINE('',#7245,#1707);
#1207=LINE('',#7247,#1708);
#1208=LINE('',#7248,#1709);
#1209=LINE('',#7250,#1710);
#1210=LINE('',#7251,#1711);
#1211=LINE('',#7257,#1712);
#1212=LINE('',#7259,#1713);
#1213=LINE('',#7261,#1714);
#1214=LINE('',#7262,#1715);
#1215=LINE('',#7265,#1716);
#1216=LINE('',#7267,#1717);
#1217=LINE('',#7268,#1718);
#1218=LINE('',#7271,#1719);
#1219=LINE('',#7273,#1720);
#1220=LINE('',#7274,#1721);
#1221=LINE('',#7276,#1722);
#1222=LINE('',#7277,#1723);
#1223=LINE('',#7283,#1724);
#1224=LINE('',#7285,#1725);
#1225=LINE('',#7287,#1726);
#1226=LINE('',#7288,#1727);
#1227=LINE('',#7291,#1728);
#1228=LINE('',#7293,#1729);
#1229=LINE('',#7294,#1730);
#1230=LINE('',#7297,#1731);
#1231=LINE('',#7299,#1732);
#1232=LINE('',#7300,#1733);
#1233=LINE('',#7302,#1734);
#1234=LINE('',#7303,#1735);
#1235=LINE('',#7309,#1736);
#1236=LINE('',#7311,#1737);
#1237=LINE('',#7313,#1738);
#1238=LINE('',#7314,#1739);
#1239=LINE('',#7317,#1740);
#1240=LINE('',#7319,#1741);
#1241=LINE('',#7320,#1742);
#1242=LINE('',#7323,#1743);
#1243=LINE('',#7325,#1744);
#1244=LINE('',#7326,#1745);
#1245=LINE('',#7328,#1746);
#1246=LINE('',#7329,#1747);
#1247=LINE('',#7335,#1748);
#1248=LINE('',#7337,#1749);
#1249=LINE('',#7339,#1750);
#1250=LINE('',#7340,#1751);
#1251=LINE('',#7343,#1752);
#1252=LINE('',#7345,#1753);
#1253=LINE('',#7346,#1754);
#1254=LINE('',#7349,#1755);
#1255=LINE('',#7351,#1756);
#1256=LINE('',#7352,#1757);
#1257=LINE('',#7354,#1758);
#1258=LINE('',#7355,#1759);
#1259=VECTOR('',#4760,10.);
#1260=VECTOR('',#4761,10.);
#1261=VECTOR('',#4762,10.);
#1262=VECTOR('',#4763,10.);
#1263=VECTOR('',#4766,10.);
#1264=VECTOR('',#4767,10.);
#1265=VECTOR('',#4768,10.);
#1266=VECTOR('',#4771,10.);
#1267=VECTOR('',#4772,10.);
#1268=VECTOR('',#4773,10.);
#1269=VECTOR('',#4776,10.);
#1270=VECTOR('',#4777,10.);
#1271=VECTOR('',#4784,10.);
#1272=VECTOR('',#4785,10.);
#1273=VECTOR('',#4786,10.);
#1274=VECTOR('',#4787,10.);
#1275=VECTOR('',#4790,10.);
#1276=VECTOR('',#4791,10.);
#1277=VECTOR('',#4792,10.);
#1278=VECTOR('',#4795,10.);
#1279=VECTOR('',#4796,10.);
#1280=VECTOR('',#4797,10.);
#1281=VECTOR('',#4800,10.);
#1282=VECTOR('',#4801,10.);
#1283=VECTOR('',#4808,10.);
#1284=VECTOR('',#4809,10.);
#1285=VECTOR('',#4810,10.);
#1286=VECTOR('',#4811,10.);
#1287=VECTOR('',#4814,10.);
#1288=VECTOR('',#4815,10.);
#1289=VECTOR('',#4816,10.);
#1290=VECTOR('',#4819,10.);
#1291=VECTOR('',#4820,10.);
#1292=VECTOR('',#4821,10.);
#1293=VECTOR('',#4824,10.);
#1294=VECTOR('',#4825,10.);
#1295=VECTOR('',#4832,10.);
#1296=VECTOR('',#4833,10.);
#1297=VECTOR('',#4834,10.);
#1298=VECTOR('',#4835,10.);
#1299=VECTOR('',#4838,10.);
#1300=VECTOR('',#4839,10.);
#1301=VECTOR('',#4840,10.);
#1302=VECTOR('',#4843,10.);
#1303=VECTOR('',#4844,10.);
#1304=VECTOR('',#4845,10.);
#1305=VECTOR('',#4848,10.);
#1306=VECTOR('',#4849,10.);
#1307=VECTOR('',#4860,1000.);
#1308=VECTOR('',#4861,1000.);
#1309=VECTOR('',#4862,1000.);
#1310=VECTOR('',#4863,1000.);
#1311=VECTOR('',#4866,1000.);
#1312=VECTOR('',#4867,1000.);
#1313=VECTOR('',#4868,1000.);
#1314=VECTOR('',#4871,1000.);
#1315=VECTOR('',#4872,1000.);
#1316=VECTOR('',#4875,1000.);
#1317=VECTOR('',#4876,1000.);
#1318=VECTOR('',#4879,1000.);
#1319=VECTOR('',#4882,1000.);
#1320=VECTOR('',#4883,1000.);
#1321=VECTOR('',#4884,1000.);
#1322=VECTOR('',#4885,1000.);
#1323=VECTOR('',#4888,1000.);
#1324=VECTOR('',#4889,1000.);
#1325=VECTOR('',#4890,1000.);
#1326=VECTOR('',#4893,1000.);
#1327=VECTOR('',#4894,1000.);
#1328=VECTOR('',#4897,1000.);
#1329=VECTOR('',#4898,1000.);
#1330=VECTOR('',#4901,1000.);
#1331=VECTOR('',#4904,1000.);
#1332=VECTOR('',#4905,1000.);
#1333=VECTOR('',#4906,1000.);
#1334=VECTOR('',#4907,1000.);
#1335=VECTOR('',#4910,1000.);
#1336=VECTOR('',#4911,1000.);
#1337=VECTOR('',#4912,1000.);
#1338=VECTOR('',#4915,1000.);
#1339=VECTOR('',#4916,1000.);
#1340=VECTOR('',#4919,1000.);
#1341=VECTOR('',#4920,1000.);
#1342=VECTOR('',#4923,1000.);
#1343=VECTOR('',#4926,1000.);
#1344=VECTOR('',#4927,1000.);
#1345=VECTOR('',#4928,1000.);
#1346=VECTOR('',#4929,1000.);
#1347=VECTOR('',#4932,1000.);
#1348=VECTOR('',#4933,1000.);
#1349=VECTOR('',#4934,1000.);
#1350=VECTOR('',#4937,1000.);
#1351=VECTOR('',#4938,1000.);
#1352=VECTOR('',#4941,1000.);
#1353=VECTOR('',#4942,1000.);
#1354=VECTOR('',#4945,1000.);
#1355=VECTOR('',#4948,1000.);
#1356=VECTOR('',#4949,1000.);
#1357=VECTOR('',#4950,1000.);
#1358=VECTOR('',#4951,1000.);
#1359=VECTOR('',#4954,1000.);
#1360=VECTOR('',#4955,1000.);
#1361=VECTOR('',#4956,1000.);
#1362=VECTOR('',#4959,1000.);
#1363=VECTOR('',#4960,1000.);
#1364=VECTOR('',#4963,1000.);
#1365=VECTOR('',#4964,1000.);
#1366=VECTOR('',#4967,1000.);
#1367=VECTOR('',#4970,1000.);
#1368=VECTOR('',#4971,1000.);
#1369=VECTOR('',#4972,1000.);
#1370=VECTOR('',#4973,1000.);
#1371=VECTOR('',#4976,1000.);
#1372=VECTOR('',#4977,1000.);
#1373=VECTOR('',#4978,1000.);
#1374=VECTOR('',#4981,1000.);
#1375=VECTOR('',#4982,1000.);
#1376=VECTOR('',#4983,1000.);
#1377=VECTOR('',#4986,1000.);
#1378=VECTOR('',#4987,1000.);
#1379=VECTOR('',#4990,1000.);
#1380=VECTOR('',#4991,1000.);
#1381=VECTOR('',#4992,1000.);
#1382=VECTOR('',#4993,1000.);
#1383=VECTOR('',#4996,1000.);
#1384=VECTOR('',#4997,1000.);
#1385=VECTOR('',#4998,1000.);
#1386=VECTOR('',#5001,1000.);
#1387=VECTOR('',#5002,1000.);
#1388=VECTOR('',#5005,1000.);
#1389=VECTOR('',#5006,1000.);
#1390=VECTOR('',#5009,1000.);
#1391=VECTOR('',#5012,1000.);
#1392=VECTOR('',#5013,1000.);
#1393=VECTOR('',#5014,1000.);
#1394=VECTOR('',#5015,1000.);
#1395=VECTOR('',#5018,1000.);
#1396=VECTOR('',#5019,1000.);
#1397=VECTOR('',#5020,1000.);
#1398=VECTOR('',#5023,1000.);
#1399=VECTOR('',#5024,1000.);
#1400=VECTOR('',#5027,1000.);
#1401=VECTOR('',#5028,1000.);
#1402=VECTOR('',#5031,1000.);
#1403=VECTOR('',#5034,1000.);
#1404=VECTOR('',#5035,1000.);
#1405=VECTOR('',#5036,1000.);
#1406=VECTOR('',#5037,1000.);
#1407=VECTOR('',#5040,1000.);
#1408=VECTOR('',#5041,1000.);
#1409=VECTOR('',#5042,1000.);
#1410=VECTOR('',#5045,1000.);
#1411=VECTOR('',#5046,1000.);
#1412=VECTOR('',#5049,1000.);
#1413=VECTOR('',#5050,1000.);
#1414=VECTOR('',#5053,1000.);
#1415=VECTOR('',#5056,1000.);
#1416=VECTOR('',#5057,1000.);
#1417=VECTOR('',#5058,1000.);
#1418=VECTOR('',#5059,1000.);
#1419=VECTOR('',#5062,1000.);
#1420=VECTOR('',#5063,1000.);
#1421=VECTOR('',#5064,1000.);
#1422=VECTOR('',#5067,1000.);
#1423=VECTOR('',#5068,1000.);
#1424=VECTOR('',#5071,1000.);
#1425=VECTOR('',#5072,1000.);
#1426=VECTOR('',#5075,1000.);
#1427=VECTOR('',#5078,1000.);
#1428=VECTOR('',#5079,1000.);
#1429=VECTOR('',#5080,1000.);
#1430=VECTOR('',#5081,1000.);
#1431=VECTOR('',#5084,1000.);
#1432=VECTOR('',#5085,1000.);
#1433=VECTOR('',#5086,1000.);
#1434=VECTOR('',#5089,1000.);
#1435=VECTOR('',#5090,1000.);
#1436=VECTOR('',#5093,1000.);
#1437=VECTOR('',#5094,1000.);
#1438=VECTOR('',#5097,1000.);
#1439=VECTOR('',#5100,1000.);
#1440=VECTOR('',#5101,1000.);
#1441=VECTOR('',#5102,1000.);
#1442=VECTOR('',#5103,1000.);
#1443=VECTOR('',#5106,1000.);
#1444=VECTOR('',#5107,1000.);
#1445=VECTOR('',#5108,1000.);
#1446=VECTOR('',#5111,1000.);
#1447=VECTOR('',#5112,1000.);
#1448=VECTOR('',#5115,1000.);
#1449=VECTOR('',#5116,1000.);
#1450=VECTOR('',#5119,1000.);
#1451=VECTOR('',#5122,1000.);
#1452=VECTOR('',#5123,1000.);
#1453=VECTOR('',#5124,1000.);
#1454=VECTOR('',#5125,1000.);
#1455=VECTOR('',#5128,1000.);
#1456=VECTOR('',#5129,1000.);
#1457=VECTOR('',#5130,1000.);
#1458=VECTOR('',#5133,1000.);
#1459=VECTOR('',#5134,1000.);
#1460=VECTOR('',#5137,1000.);
#1461=VECTOR('',#5138,1000.);
#1462=VECTOR('',#5141,1000.);
#1463=VECTOR('',#5144,1000.);
#1464=VECTOR('',#5145,1000.);
#1465=VECTOR('',#5146,1000.);
#1466=VECTOR('',#5147,1000.);
#1467=VECTOR('',#5150,1000.);
#1468=VECTOR('',#5151,1000.);
#1469=VECTOR('',#5152,1000.);
#1470=VECTOR('',#5155,1000.);
#1471=VECTOR('',#5156,1000.);
#1472=VECTOR('',#5159,1000.);
#1473=VECTOR('',#5160,1000.);
#1474=VECTOR('',#5163,1000.);
#1475=VECTOR('',#5166,1000.);
#1476=VECTOR('',#5167,1000.);
#1477=VECTOR('',#5168,1000.);
#1478=VECTOR('',#5169,1000.);
#1479=VECTOR('',#5172,1000.);
#1480=VECTOR('',#5173,1000.);
#1481=VECTOR('',#5174,1000.);
#1482=VECTOR('',#5177,1000.);
#1483=VECTOR('',#5178,1000.);
#1484=VECTOR('',#5181,1000.);
#1485=VECTOR('',#5182,1000.);
#1486=VECTOR('',#5185,1000.);
#1487=VECTOR('',#5188,1000.);
#1488=VECTOR('',#5189,1000.);
#1489=VECTOR('',#5190,1000.);
#1490=VECTOR('',#5191,1000.);
#1491=VECTOR('',#5194,1000.);
#1492=VECTOR('',#5195,1000.);
#1493=VECTOR('',#5196,1000.);
#1494=VECTOR('',#5199,1000.);
#1495=VECTOR('',#5200,1000.);
#1496=VECTOR('',#5203,1000.);
#1497=VECTOR('',#5204,1000.);
#1498=VECTOR('',#5207,1000.);
#1499=VECTOR('',#5210,1000.);
#1500=VECTOR('',#5211,1000.);
#1501=VECTOR('',#5212,1000.);
#1502=VECTOR('',#5213,1000.);
#1503=VECTOR('',#5216,1000.);
#1504=VECTOR('',#5217,1000.);
#1505=VECTOR('',#5218,1000.);
#1506=VECTOR('',#5221,1000.);
#1507=VECTOR('',#5222,1000.);
#1508=VECTOR('',#5225,1000.);
#1509=VECTOR('',#5226,1000.);
#1510=VECTOR('',#5229,1000.);
#1511=VECTOR('',#5232,1000.);
#1512=VECTOR('',#5233,1000.);
#1513=VECTOR('',#5234,1000.);
#1514=VECTOR('',#5235,1000.);
#1515=VECTOR('',#5238,1000.);
#1516=VECTOR('',#5239,1000.);
#1517=VECTOR('',#5240,1000.);
#1518=VECTOR('',#5243,1000.);
#1519=VECTOR('',#5244,1000.);
#1520=VECTOR('',#5247,1000.);
#1521=VECTOR('',#5248,1000.);
#1522=VECTOR('',#5251,1000.);
#1523=VECTOR('',#5254,1000.);
#1524=VECTOR('',#5255,1000.);
#1525=VECTOR('',#5256,1000.);
#1526=VECTOR('',#5257,1000.);
#1527=VECTOR('',#5260,1000.);
#1528=VECTOR('',#5261,1000.);
#1529=VECTOR('',#5262,1000.);
#1530=VECTOR('',#5265,1000.);
#1531=VECTOR('',#5266,1000.);
#1532=VECTOR('',#5269,1000.);
#1533=VECTOR('',#5270,1000.);
#1534=VECTOR('',#5273,1000.);
#1535=VECTOR('',#5276,1000.);
#1536=VECTOR('',#5277,1000.);
#1537=VECTOR('',#5278,1000.);
#1538=VECTOR('',#5279,1000.);
#1539=VECTOR('',#5280,1000.);
#1540=VECTOR('',#5281,1000.);
#1541=VECTOR('',#5282,1000.);
#1542=VECTOR('',#5283,1000.);
#1543=VECTOR('',#5284,1000.);
#1544=VECTOR('',#5285,1000.);
#1545=VECTOR('',#5286,1000.);
#1546=VECTOR('',#5287,1000.);
#1547=VECTOR('',#5288,1000.);
#1548=VECTOR('',#5289,1000.);
#1549=VECTOR('',#5290,1000.);
#1550=VECTOR('',#5291,1000.);
#1551=VECTOR('',#5292,1000.);
#1552=VECTOR('',#5293,1000.);
#1553=VECTOR('',#5294,1000.);
#1554=VECTOR('',#5295,1000.);
#1555=VECTOR('',#5296,1000.);
#1556=VECTOR('',#5297,1000.);
#1557=VECTOR('',#5298,1000.);
#1558=VECTOR('',#5299,1000.);
#1559=VECTOR('',#5304,1000.);
#1560=VECTOR('',#5305,1000.);
#1561=VECTOR('',#5306,1000.);
#1562=VECTOR('',#5307,1000.);
#1563=VECTOR('',#5310,1000.);
#1564=VECTOR('',#5311,1000.);
#1565=VECTOR('',#5314,1000.);
#1566=VECTOR('',#5317,1000.);
#1567=VECTOR('',#5322,1000.);
#1568=VECTOR('',#5323,1000.);
#1569=VECTOR('',#5324,1000.);
#1570=VECTOR('',#5325,1000.);
#1571=VECTOR('',#5328,1000.);
#1572=VECTOR('',#5329,1000.);
#1573=VECTOR('',#5332,1000.);
#1574=VECTOR('',#5335,1000.);
#1575=VECTOR('',#5340,1000.);
#1576=VECTOR('',#5341,1000.);
#1577=VECTOR('',#5342,1000.);
#1578=VECTOR('',#5343,1000.);
#1579=VECTOR('',#5346,1000.);
#1580=VECTOR('',#5347,1000.);
#1581=VECTOR('',#5350,1000.);
#1582=VECTOR('',#5353,1000.);
#1583=VECTOR('',#5358,1000.);
#1584=VECTOR('',#5359,1000.);
#1585=VECTOR('',#5360,1000.);
#1586=VECTOR('',#5361,1000.);
#1587=VECTOR('',#5364,1000.);
#1588=VECTOR('',#5365,1000.);
#1589=VECTOR('',#5368,1000.);
#1590=VECTOR('',#5371,1000.);
#1591=VECTOR('',#5376,1000.);
#1592=VECTOR('',#5377,1000.);
#1593=VECTOR('',#5378,1000.);
#1594=VECTOR('',#5379,1000.);
#1595=VECTOR('',#5382,1000.);
#1596=VECTOR('',#5383,1000.);
#1597=VECTOR('',#5386,1000.);
#1598=VECTOR('',#5389,1000.);
#1599=VECTOR('',#5394,1000.);
#1600=VECTOR('',#5395,1000.);
#1601=VECTOR('',#5396,1000.);
#1602=VECTOR('',#5397,1000.);
#1603=VECTOR('',#5400,1000.);
#1604=VECTOR('',#5401,1000.);
#1605=VECTOR('',#5404,1000.);
#1606=VECTOR('',#5407,1000.);
#1607=VECTOR('',#5414,0.0999998000000002);
#1608=VECTOR('',#5421,1000.);
#1609=VECTOR('',#5424,1000.);
#1610=VECTOR('',#5427,1000.);
#1611=VECTOR('',#5430,1000.);
#1612=VECTOR('',#5437,1000.);
#1613=VECTOR('',#5440,1000.);
#1614=VECTOR('',#5459,1000.);
#1615=VECTOR('',#5460,1000.);
#1616=VECTOR('',#5465,1000.);
#1617=VECTOR('',#5468,1000.);
#1618=VECTOR('',#5485,1000.);
#1619=VECTOR('',#5488,1000.);
#1620=VECTOR('',#5493,1000.);
#1621=VECTOR('',#5494,1000.);
#1622=VECTOR('',#5499,1000.);
#1623=VECTOR('',#5500,1000.);
#1624=VECTOR('',#5505,1000.);
#1625=VECTOR('',#5506,1000.);
#1626=VECTOR('',#5511,1000.);
#1627=VECTOR('',#5512,1000.);
#1628=VECTOR('',#5523,1000.);
#1629=VECTOR('',#5524,1000.);
#1630=VECTOR('',#5529,1000.);
#1631=VECTOR('',#5532,1000.);
#1632=VECTOR('',#5547,1000.);
#1633=VECTOR('',#5548,1000.);
#1634=VECTOR('',#5553,1000.);
#1635=VECTOR('',#5556,1000.);
#1636=VECTOR('',#5563,1000.);
#1637=VECTOR('',#5566,1000.);
#1638=VECTOR('',#5569,1000.);
#1639=VECTOR('',#5572,1000.);
#1640=VECTOR('',#5575,1000.);
#1641=VECTOR('',#5578,1000.);
#1642=VECTOR('',#5581,1000.);
#1643=VECTOR('',#5584,1000.);
#1644=VECTOR('',#5587,1000.);
#1645=VECTOR('',#5588,1000.);
#1646=VECTOR('',#5589,1000.);
#1647=VECTOR('',#5590,1000.);
#1648=VECTOR('',#5629,1000.);
#1649=VECTOR('',#5632,1000.);
#1650=VECTOR('',#5635,1000.);
#1651=VECTOR('',#5638,1000.);
#1652=VECTOR('',#5641,1000.);
#1653=VECTOR('',#5648,1000.);
#1654=VECTOR('',#5649,1000.);
#1655=VECTOR('',#5654,1000.);
#1656=VECTOR('',#5655,1000.);
#1657=VECTOR('',#5660,1000.);
#1658=VECTOR('',#5661,1000.);
#1659=VECTOR('',#5664,1000.);
#1660=VECTOR('',#5667,1000.);
#1661=VECTOR('',#5670,1000.);
#1662=VECTOR('',#5671,1000.);
#1663=VECTOR('',#5674,1000.);
#1664=VECTOR('',#5675,1000.);
#1665=VECTOR('',#5678,1000.);
#1666=VECTOR('',#5679,1000.);
#1667=VECTOR('',#5680,1000.);
#1668=VECTOR('',#5691,1000.);
#1669=VECTOR('',#5692,1000.);
#1670=VECTOR('',#5693,1000.);
#1671=VECTOR('',#5694,1000.);
#1672=VECTOR('',#5697,1000.);
#1673=VECTOR('',#5700,1000.);
#1674=VECTOR('',#5703,1000.);
#1675=VECTOR('',#5708,1000.);
#1676=VECTOR('',#5713,1000.);
#1677=VECTOR('',#5714,1000.);
#1678=VECTOR('',#5715,1000.);
#1679=VECTOR('',#5722,1000.);
#1680=VECTOR('',#5723,1000.);
#1681=VECTOR('',#5724,1000.);
#1682=VECTOR('',#5727,1000.);
#1683=VECTOR('',#5728,1000.);
#1684=VECTOR('',#5729,1000.);
#1685=VECTOR('',#5742,1000.);
#1686=VECTOR('',#5747,1000.);
#1687=VECTOR('',#5748,1000.);
#1688=VECTOR('',#5761,10.);
#1689=VECTOR('',#5762,10.);
#1690=VECTOR('',#5763,10.);
#1691=VECTOR('',#5764,10.);
#1692=VECTOR('',#5767,10.);
#1693=VECTOR('',#5768,10.);
#1694=VECTOR('',#5769,10.);
#1695=VECTOR('',#5772,10.);
#1696=VECTOR('',#5773,10.);
#1697=VECTOR('',#5774,10.);
#1698=VECTOR('',#5777,10.);
#1699=VECTOR('',#5778,10.);
#1700=VECTOR('',#5785,10.);
#1701=VECTOR('',#5786,10.);
#1702=VECTOR('',#5787,10.);
#1703=VECTOR('',#5788,10.);
#1704=VECTOR('',#5791,10.);
#1705=VECTOR('',#5792,10.);
#1706=VECTOR('',#5793,10.);
#1707=VECTOR('',#5796,10.);
#1708=VECTOR('',#5797,10.);
#1709=VECTOR('',#5798,10.);
#1710=VECTOR('',#5801,10.);
#1711=VECTOR('',#5802,10.);
#1712=VECTOR('',#5809,10.);
#1713=VECTOR('',#5810,10.);
#1714=VECTOR('',#5811,10.);
#1715=VECTOR('',#5812,10.);
#1716=VECTOR('',#5815,10.);
#1717=VECTOR('',#5816,10.);
#1718=VECTOR('',#5817,10.);
#1719=VECTOR('',#5820,10.);
#1720=VECTOR('',#5821,10.);
#1721=VECTOR('',#5822,10.);
#1722=VECTOR('',#5825,10.);
#1723=VECTOR('',#5826,10.);
#1724=VECTOR('',#5833,10.);
#1725=VECTOR('',#5834,10.);
#1726=VECTOR('',#5835,10.);
#1727=VECTOR('',#5836,10.);
#1728=VECTOR('',#5839,10.);
#1729=VECTOR('',#5840,10.);
#1730=VECTOR('',#5841,10.);
#1731=VECTOR('',#5844,10.);
#1732=VECTOR('',#5845,10.);
#1733=VECTOR('',#5846,10.);
#1734=VECTOR('',#5849,10.);
#1735=VECTOR('',#5850,10.);
#1736=VECTOR('',#5857,10.);
#1737=VECTOR('',#5858,10.);
#1738=VECTOR('',#5859,10.);
#1739=VECTOR('',#5860,10.);
#1740=VECTOR('',#5863,10.);
#1741=VECTOR('',#5864,10.);
#1742=VECTOR('',#5865,10.);
#1743=VECTOR('',#5868,10.);
#1744=VECTOR('',#5869,10.);
#1745=VECTOR('',#5870,10.);
#1746=VECTOR('',#5873,10.);
#1747=VECTOR('',#5874,10.);
#1748=VECTOR('',#5881,10.);
#1749=VECTOR('',#5882,10.);
#1750=VECTOR('',#5883,10.);
#1751=VECTOR('',#5884,10.);
#1752=VECTOR('',#5887,10.);
#1753=VECTOR('',#5888,10.);
#1754=VECTOR('',#5889,10.);
#1755=VECTOR('',#5892,10.);
#1756=VECTOR('',#5893,10.);
#1757=VECTOR('',#5894,10.);
#1758=VECTOR('',#5897,10.);
#1759=VECTOR('',#5898,10.);
#1760=VERTEX_POINT('',#5910);
#1761=VERTEX_POINT('',#5911);
#1762=VERTEX_POINT('',#5913);
#1763=VERTEX_POINT('',#5915);
#1764=VERTEX_POINT('',#5919);
#1765=VERTEX_POINT('',#5921);
#1766=VERTEX_POINT('',#5925);
#1767=VERTEX_POINT('',#5927);
#1768=VERTEX_POINT('',#5936);
#1769=VERTEX_POINT('',#5937);
#1770=VERTEX_POINT('',#5939);
#1771=VERTEX_POINT('',#5941);
#1772=VERTEX_POINT('',#5945);
#1773=VERTEX_POINT('',#5947);
#1774=VERTEX_POINT('',#5951);
#1775=VERTEX_POINT('',#5953);
#1776=VERTEX_POINT('',#5962);
#1777=VERTEX_POINT('',#5963);
#1778=VERTEX_POINT('',#5965);
#1779=VERTEX_POINT('',#5967);
#1780=VERTEX_POINT('',#5971);
#1781=VERTEX_POINT('',#5973);
#1782=VERTEX_POINT('',#5977);
#1783=VERTEX_POINT('',#5979);
#1784=VERTEX_POINT('',#5988);
#1785=VERTEX_POINT('',#5989);
#1786=VERTEX_POINT('',#5991);
#1787=VERTEX_POINT('',#5993);
#1788=VERTEX_POINT('',#5997);
#1789=VERTEX_POINT('',#5999);
#1790=VERTEX_POINT('',#6003);
#1791=VERTEX_POINT('',#6005);
#1792=VERTEX_POINT('',#6016);
#1793=VERTEX_POINT('',#6017);
#1794=VERTEX_POINT('',#6019);
#1795=VERTEX_POINT('',#6021);
#1796=VERTEX_POINT('',#6025);
#1797=VERTEX_POINT('',#6027);
#1798=VERTEX_POINT('',#6031);
#1799=VERTEX_POINT('',#6035);
#1800=VERTEX_POINT('',#6041);
#1801=VERTEX_POINT('',#6042);
#1802=VERTEX_POINT('',#6044);
#1803=VERTEX_POINT('',#6046);
#1804=VERTEX_POINT('',#6050);
#1805=VERTEX_POINT('',#6052);
#1806=VERTEX_POINT('',#6056);
#1807=VERTEX_POINT('',#6060);
#1808=VERTEX_POINT('',#6066);
#1809=VERTEX_POINT('',#6067);
#1810=VERTEX_POINT('',#6069);
#1811=VERTEX_POINT('',#6071);
#1812=VERTEX_POINT('',#6075);
#1813=VERTEX_POINT('',#6077);
#1814=VERTEX_POINT('',#6081);
#1815=VERTEX_POINT('',#6085);
#1816=VERTEX_POINT('',#6091);
#1817=VERTEX_POINT('',#6092);
#1818=VERTEX_POINT('',#6094);
#1819=VERTEX_POINT('',#6096);
#1820=VERTEX_POINT('',#6100);
#1821=VERTEX_POINT('',#6102);
#1822=VERTEX_POINT('',#6106);
#1823=VERTEX_POINT('',#6110);
#1824=VERTEX_POINT('',#6116);
#1825=VERTEX_POINT('',#6117);
#1826=VERTEX_POINT('',#6119);
#1827=VERTEX_POINT('',#6121);
#1828=VERTEX_POINT('',#6125);
#1829=VERTEX_POINT('',#6127);
#1830=VERTEX_POINT('',#6131);
#1831=VERTEX_POINT('',#6135);
#1832=VERTEX_POINT('',#6141);
#1833=VERTEX_POINT('',#6142);
#1834=VERTEX_POINT('',#6144);
#1835=VERTEX_POINT('',#6146);
#1836=VERTEX_POINT('',#6150);
#1837=VERTEX_POINT('',#6151);
#1838=VERTEX_POINT('',#6156);
#1839=VERTEX_POINT('',#6157);
#1840=VERTEX_POINT('',#6165);
#1841=VERTEX_POINT('',#6166);
#1842=VERTEX_POINT('',#6168);
#1843=VERTEX_POINT('',#6170);
#1844=VERTEX_POINT('',#6174);
#1845=VERTEX_POINT('',#6176);
#1846=VERTEX_POINT('',#6180);
#1847=VERTEX_POINT('',#6184);
#1848=VERTEX_POINT('',#6190);
#1849=VERTEX_POINT('',#6191);
#1850=VERTEX_POINT('',#6193);
#1851=VERTEX_POINT('',#6195);
#1852=VERTEX_POINT('',#6199);
#1853=VERTEX_POINT('',#6201);
#1854=VERTEX_POINT('',#6205);
#1855=VERTEX_POINT('',#6209);
#1856=VERTEX_POINT('',#6215);
#1857=VERTEX_POINT('',#6216);
#1858=VERTEX_POINT('',#6218);
#1859=VERTEX_POINT('',#6220);
#1860=VERTEX_POINT('',#6224);
#1861=VERTEX_POINT('',#6226);
#1862=VERTEX_POINT('',#6230);
#1863=VERTEX_POINT('',#6234);
#1864=VERTEX_POINT('',#6240);
#1865=VERTEX_POINT('',#6241);
#1866=VERTEX_POINT('',#6243);
#1867=VERTEX_POINT('',#6245);
#1868=VERTEX_POINT('',#6249);
#1869=VERTEX_POINT('',#6251);
#1870=VERTEX_POINT('',#6255);
#1871=VERTEX_POINT('',#6259);
#1872=VERTEX_POINT('',#6265);
#1873=VERTEX_POINT('',#6266);
#1874=VERTEX_POINT('',#6268);
#1875=VERTEX_POINT('',#6270);
#1876=VERTEX_POINT('',#6274);
#1877=VERTEX_POINT('',#6276);
#1878=VERTEX_POINT('',#6280);
#1879=VERTEX_POINT('',#6284);
#1880=VERTEX_POINT('',#6290);
#1881=VERTEX_POINT('',#6291);
#1882=VERTEX_POINT('',#6293);
#1883=VERTEX_POINT('',#6295);
#1884=VERTEX_POINT('',#6299);
#1885=VERTEX_POINT('',#6301);
#1886=VERTEX_POINT('',#6305);
#1887=VERTEX_POINT('',#6309);
#1888=VERTEX_POINT('',#6315);
#1889=VERTEX_POINT('',#6316);
#1890=VERTEX_POINT('',#6318);
#1891=VERTEX_POINT('',#6320);
#1892=VERTEX_POINT('',#6324);
#1893=VERTEX_POINT('',#6326);
#1894=VERTEX_POINT('',#6330);
#1895=VERTEX_POINT('',#6334);
#1896=VERTEX_POINT('',#6340);
#1897=VERTEX_POINT('',#6341);
#1898=VERTEX_POINT('',#6343);
#1899=VERTEX_POINT('',#6345);
#1900=VERTEX_POINT('',#6349);
#1901=VERTEX_POINT('',#6351);
#1902=VERTEX_POINT('',#6355);
#1903=VERTEX_POINT('',#6359);
#1904=VERTEX_POINT('',#6365);
#1905=VERTEX_POINT('',#6366);
#1906=VERTEX_POINT('',#6368);
#1907=VERTEX_POINT('',#6370);
#1908=VERTEX_POINT('',#6374);
#1909=VERTEX_POINT('',#6376);
#1910=VERTEX_POINT('',#6380);
#1911=VERTEX_POINT('',#6384);
#1912=VERTEX_POINT('',#6390);
#1913=VERTEX_POINT('',#6391);
#1914=VERTEX_POINT('',#6393);
#1915=VERTEX_POINT('',#6395);
#1916=VERTEX_POINT('',#6399);
#1917=VERTEX_POINT('',#6401);
#1918=VERTEX_POINT('',#6405);
#1919=VERTEX_POINT('',#6409);
#1920=VERTEX_POINT('',#6415);
#1921=VERTEX_POINT('',#6416);
#1922=VERTEX_POINT('',#6418);
#1923=VERTEX_POINT('',#6420);
#1924=VERTEX_POINT('',#6424);
#1925=VERTEX_POINT('',#6426);
#1926=VERTEX_POINT('',#6430);
#1927=VERTEX_POINT('',#6434);
#1928=VERTEX_POINT('',#6440);
#1929=VERTEX_POINT('',#6441);
#1930=VERTEX_POINT('',#6443);
#1931=VERTEX_POINT('',#6445);
#1932=VERTEX_POINT('',#6449);
#1933=VERTEX_POINT('',#6451);
#1934=VERTEX_POINT('',#6455);
#1935=VERTEX_POINT('',#6459);
#1936=VERTEX_POINT('',#6465);
#1937=VERTEX_POINT('',#6466);
#1938=VERTEX_POINT('',#6468);
#1939=VERTEX_POINT('',#6470);
#1940=VERTEX_POINT('',#6474);
#1941=VERTEX_POINT('',#6476);
#1942=VERTEX_POINT('',#6480);
#1943=VERTEX_POINT('',#6484);
#1944=VERTEX_POINT('',#6490);
#1945=VERTEX_POINT('',#6491);
#1946=VERTEX_POINT('',#6493);
#1947=VERTEX_POINT('',#6495);
#1948=VERTEX_POINT('',#6498);
#1949=VERTEX_POINT('',#6499);
#1950=VERTEX_POINT('',#6501);
#1951=VERTEX_POINT('',#6503);
#1952=VERTEX_POINT('',#6506);
#1953=VERTEX_POINT('',#6507);
#1954=VERTEX_POINT('',#6509);
#1955=VERTEX_POINT('',#6511);
#1956=VERTEX_POINT('',#6514);
#1957=VERTEX_POINT('',#6515);
#1958=VERTEX_POINT('',#6517);
#1959=VERTEX_POINT('',#6519);
#1960=VERTEX_POINT('',#6522);
#1961=VERTEX_POINT('',#6523);
#1962=VERTEX_POINT('',#6525);
#1963=VERTEX_POINT('',#6527);
#1964=VERTEX_POINT('',#6530);
#1965=VERTEX_POINT('',#6531);
#1966=VERTEX_POINT('',#6533);
#1967=VERTEX_POINT('',#6535);
#1968=VERTEX_POINT('',#6538);
#1969=VERTEX_POINT('',#6541);
#1970=VERTEX_POINT('',#6542);
#1971=VERTEX_POINT('',#6544);
#1972=VERTEX_POINT('',#6546);
#1973=VERTEX_POINT('',#6558);
#1974=VERTEX_POINT('',#6559);
#1975=VERTEX_POINT('',#6561);
#1976=VERTEX_POINT('',#6563);
#1977=VERTEX_POINT('',#6575);
#1978=VERTEX_POINT('',#6576);
#1979=VERTEX_POINT('',#6578);
#1980=VERTEX_POINT('',#6580);
#1981=VERTEX_POINT('',#6592);
#1982=VERTEX_POINT('',#6593);
#1983=VERTEX_POINT('',#6595);
#1984=VERTEX_POINT('',#6597);
#1985=VERTEX_POINT('',#6609);
#1986=VERTEX_POINT('',#6610);
#1987=VERTEX_POINT('',#6612);
#1988=VERTEX_POINT('',#6614);
#1989=VERTEX_POINT('',#6626);
#1990=VERTEX_POINT('',#6627);
#1991=VERTEX_POINT('',#6629);
#1992=VERTEX_POINT('',#6631);
#1993=VERTEX_POINT('',#6643);
#1994=VERTEX_POINT('',#6649);
#1995=VERTEX_POINT('',#6650);
#1996=VERTEX_POINT('',#6652);
#1997=VERTEX_POINT('',#6654);
#1998=VERTEX_POINT('',#6656);
#1999=VERTEX_POINT('',#6658);
#2000=VERTEX_POINT('',#6660);
#2001=VERTEX_POINT('',#6662);
#2002=VERTEX_POINT('',#6666);
#2003=VERTEX_POINT('',#6667);
#2004=VERTEX_POINT('',#6669);
#2005=VERTEX_POINT('',#6671);
#2006=VERTEX_POINT('',#6686);
#2007=VERTEX_POINT('',#6687);
#2008=VERTEX_POINT('',#6689);
#2009=VERTEX_POINT('',#6691);
#2010=VERTEX_POINT('',#6706);
#2011=VERTEX_POINT('',#6707);
#2012=VERTEX_POINT('',#6712);
#2013=VERTEX_POINT('',#6713);
#2014=VERTEX_POINT('',#6718);
#2015=VERTEX_POINT('',#6719);
#2016=VERTEX_POINT('',#6721);
#2017=VERTEX_POINT('',#6723);
#2018=VERTEX_POINT('',#6738);
#2019=VERTEX_POINT('',#6739);
#2020=VERTEX_POINT('',#6741);
#2021=VERTEX_POINT('',#6743);
#2022=VERTEX_POINT('',#6758);
#2023=VERTEX_POINT('',#6759);
#2024=VERTEX_POINT('',#6764);
#2025=VERTEX_POINT('',#6766);
#2026=VERTEX_POINT('',#6770);
#2027=VERTEX_POINT('',#6771);
#2028=VERTEX_POINT('',#6776);
#2029=VERTEX_POINT('',#6777);
#2030=VERTEX_POINT('',#6782);
#2031=VERTEX_POINT('',#6783);
#2032=VERTEX_POINT('',#6788);
#2033=VERTEX_POINT('',#6789);
#2034=VERTEX_POINT('',#6805);
#2035=VERTEX_POINT('',#6806);
#2036=VERTEX_POINT('',#6808);
#2037=VERTEX_POINT('',#6815);
#2038=VERTEX_POINT('',#6819);
#2039=VERTEX_POINT('',#6820);
#2040=VERTEX_POINT('',#6825);
#2041=VERTEX_POINT('',#6826);
#2042=VERTEX_POINT('',#6828);
#2043=VERTEX_POINT('',#6830);
#2044=VERTEX_POINT('',#6845);
#2045=VERTEX_POINT('',#6846);
#2046=VERTEX_POINT('',#6848);
#2047=VERTEX_POINT('',#6855);
#2048=VERTEX_POINT('',#6870);
#2049=VERTEX_POINT('',#6871);
#2050=VERTEX_POINT('',#6881);
#2051=VERTEX_POINT('',#6882);
#2052=VERTEX_POINT('',#6887);
#2053=VERTEX_POINT('',#6888);
#2054=VERTEX_POINT('',#6890);
#2055=VERTEX_POINT('',#6892);
#2056=VERTEX_POINT('',#6907);
#2057=VERTEX_POINT('',#6908);
#2058=VERTEX_POINT('',#7077);
#2059=VERTEX_POINT('',#7078);
#2060=VERTEX_POINT('',#7080);
#2061=VERTEX_POINT('',#7082);
#2062=VERTEX_POINT('',#7084);
#2063=VERTEX_POINT('',#7086);
#2064=VERTEX_POINT('',#7088);
#2065=VERTEX_POINT('',#7090);
#2066=VERTEX_POINT('',#7092);
#2067=VERTEX_POINT('',#7094);
#2068=VERTEX_POINT('',#7098);
#2069=VERTEX_POINT('',#7099);
#2070=VERTEX_POINT('',#7104);
#2071=VERTEX_POINT('',#7105);
#2072=VERTEX_POINT('',#7110);
#2073=VERTEX_POINT('',#7111);
#2074=VERTEX_POINT('',#7120);
#2075=VERTEX_POINT('',#7124);
#2076=VERTEX_POINT('',#7128);
#2077=VERTEX_POINT('',#7129);
#2078=VERTEX_POINT('',#7138);
#2079=VERTEX_POINT('',#7139);
#2080=VERTEX_POINT('',#7141);
#2081=VERTEX_POINT('',#7143);
#2082=VERTEX_POINT('',#7147);
#2083=VERTEX_POINT('',#7148);
#2084=VERTEX_POINT('',#7150);
#2085=VERTEX_POINT('',#7152);
#2086=VERTEX_POINT('',#7154);
#2087=VERTEX_POINT('',#7156);
#2088=VERTEX_POINT('',#7159);
#2089=VERTEX_POINT('',#7161);
#2090=VERTEX_POINT('',#7165);
#2091=VERTEX_POINT('',#7166);
#2092=VERTEX_POINT('',#7173);
#2093=VERTEX_POINT('',#7175);
#2094=VERTEX_POINT('',#7179);
#2095=VERTEX_POINT('',#7180);
#2096=VERTEX_POINT('',#7189);
#2097=VERTEX_POINT('',#7191);
#2098=VERTEX_POINT('',#7203);
#2099=VERTEX_POINT('',#7204);
#2100=VERTEX_POINT('',#7206);
#2101=VERTEX_POINT('',#7208);
#2102=VERTEX_POINT('',#7212);
#2103=VERTEX_POINT('',#7214);
#2104=VERTEX_POINT('',#7218);
#2105=VERTEX_POINT('',#7220);
#2106=VERTEX_POINT('',#7229);
#2107=VERTEX_POINT('',#7230);
#2108=VERTEX_POINT('',#7232);
#2109=VERTEX_POINT('',#7234);
#2110=VERTEX_POINT('',#7238);
#2111=VERTEX_POINT('',#7240);
#2112=VERTEX_POINT('',#7244);
#2113=VERTEX_POINT('',#7246);
#2114=VERTEX_POINT('',#7255);
#2115=VERTEX_POINT('',#7256);
#2116=VERTEX_POINT('',#7258);
#2117=VERTEX_POINT('',#7260);
#2118=VERTEX_POINT('',#7264);
#2119=VERTEX_POINT('',#7266);
#2120=VERTEX_POINT('',#7270);
#2121=VERTEX_POINT('',#7272);
#2122=VERTEX_POINT('',#7281);
#2123=VERTEX_POINT('',#7282);
#2124=VERTEX_POINT('',#7284);
#2125=VERTEX_POINT('',#7286);
#2126=VERTEX_POINT('',#7290);
#2127=VERTEX_POINT('',#7292);
#2128=VERTEX_POINT('',#7296);
#2129=VERTEX_POINT('',#7298);
#2130=VERTEX_POINT('',#7307);
#2131=VERTEX_POINT('',#7308);
#2132=VERTEX_POINT('',#7310);
#2133=VERTEX_POINT('',#7312);
#2134=VERTEX_POINT('',#7316);
#2135=VERTEX_POINT('',#7318);
#2136=VERTEX_POINT('',#7322);
#2137=VERTEX_POINT('',#7324);
#2138=VERTEX_POINT('',#7333);
#2139=VERTEX_POINT('',#7334);
#2140=VERTEX_POINT('',#7336);
#2141=VERTEX_POINT('',#7338);
#2142=VERTEX_POINT('',#7342);
#2143=VERTEX_POINT('',#7344);
#2144=VERTEX_POINT('',#7348);
#2145=VERTEX_POINT('',#7350);
#2146=EDGE_CURVE('',#1760,#1761,#758,.T.);
#2147=EDGE_CURVE('',#1760,#1762,#759,.T.);
#2148=EDGE_CURVE('',#1763,#1762,#760,.T.);
#2149=EDGE_CURVE('',#1761,#1763,#761,.T.);
#2150=EDGE_CURVE('',#1761,#1764,#762,.T.);
#2151=EDGE_CURVE('',#1765,#1763,#763,.T.);
#2152=EDGE_CURVE('',#1764,#1765,#764,.T.);
#2153=EDGE_CURVE('',#1764,#1766,#765,.T.);
#2154=EDGE_CURVE('',#1767,#1765,#766,.T.);
#2155=EDGE_CURVE('',#1766,#1767,#767,.T.);
#2156=EDGE_CURVE('',#1766,#1760,#768,.T.);
#2157=EDGE_CURVE('',#1762,#1767,#769,.T.);
#2158=EDGE_CURVE('',#1768,#1769,#770,.T.);
#2159=EDGE_CURVE('',#1768,#1770,#771,.T.);
#2160=EDGE_CURVE('',#1771,#1770,#772,.T.);
#2161=EDGE_CURVE('',#1769,#1771,#773,.T.);
#2162=EDGE_CURVE('',#1769,#1772,#774,.T.);
#2163=EDGE_CURVE('',#1773,#1771,#775,.T.);
#2164=EDGE_CURVE('',#1772,#1773,#776,.T.);
#2165=EDGE_CURVE('',#1772,#1774,#777,.T.);
#2166=EDGE_CURVE('',#1775,#1773,#778,.T.);
#2167=EDGE_CURVE('',#1774,#1775,#779,.T.);
#2168=EDGE_CURVE('',#1774,#1768,#780,.T.);
#2169=EDGE_CURVE('',#1770,#1775,#781,.T.);
#2170=EDGE_CURVE('',#1776,#1777,#782,.T.);
#2171=EDGE_CURVE('',#1776,#1778,#783,.T.);
#2172=EDGE_CURVE('',#1779,#1778,#784,.T.);
#2173=EDGE_CURVE('',#1777,#1779,#785,.T.);
#2174=EDGE_CURVE('',#1777,#1780,#786,.T.);
#2175=EDGE_CURVE('',#1781,#1779,#787,.T.);
#2176=EDGE_CURVE('',#1780,#1781,#788,.T.);
#2177=EDGE_CURVE('',#1780,#1782,#789,.T.);
#2178=EDGE_CURVE('',#1783,#1781,#790,.T.);
#2179=EDGE_CURVE('',#1782,#1783,#791,.T.);
#2180=EDGE_CURVE('',#1782,#1776,#792,.T.);
#2181=EDGE_CURVE('',#1778,#1783,#793,.T.);
#2182=EDGE_CURVE('',#1784,#1785,#794,.T.);
#2183=EDGE_CURVE('',#1784,#1786,#795,.T.);
#2184=EDGE_CURVE('',#1787,#1786,#796,.T.);
#2185=EDGE_CURVE('',#1785,#1787,#797,.T.);
#2186=EDGE_CURVE('',#1785,#1788,#798,.T.);
#2187=EDGE_CURVE('',#1789,#1787,#799,.T.);
#2188=EDGE_CURVE('',#1788,#1789,#800,.T.);
#2189=EDGE_CURVE('',#1788,#1790,#801,.T.);
#2190=EDGE_CURVE('',#1791,#1789,#802,.T.);
#2191=EDGE_CURVE('',#1790,#1791,#803,.T.);
#2192=EDGE_CURVE('',#1790,#1784,#804,.T.);
#2193=EDGE_CURVE('',#1786,#1791,#805,.T.);
#2194=EDGE_CURVE('',#1792,#1793,#806,.T.);
#2195=EDGE_CURVE('',#1793,#1794,#807,.T.);
#2196=EDGE_CURVE('',#1794,#1795,#808,.T.);
#2197=EDGE_CURVE('',#1795,#1792,#809,.T.);
#2198=EDGE_CURVE('',#1795,#1796,#810,.T.);
#2199=EDGE_CURVE('',#1796,#1797,#811,.T.);
#2200=EDGE_CURVE('',#1792,#1797,#812,.T.);
#2201=EDGE_CURVE('',#1794,#1798,#813,.T.);
#2202=EDGE_CURVE('',#1798,#1796,#814,.T.);
#2203=EDGE_CURVE('',#1793,#1799,#815,.T.);
#2204=EDGE_CURVE('',#1799,#1798,#816,.T.);
#2205=EDGE_CURVE('',#1797,#1799,#817,.T.);
#2206=EDGE_CURVE('',#1800,#1801,#818,.T.);
#2207=EDGE_CURVE('',#1801,#1802,#819,.T.);
#2208=EDGE_CURVE('',#1802,#1803,#820,.T.);
#2209=EDGE_CURVE('',#1803,#1800,#821,.T.);
#2210=EDGE_CURVE('',#1803,#1804,#822,.T.);
#2211=EDGE_CURVE('',#1804,#1805,#823,.T.);
#2212=EDGE_CURVE('',#1800,#1805,#824,.T.);
#2213=EDGE_CURVE('',#1802,#1806,#825,.T.);
#2214=EDGE_CURVE('',#1806,#1804,#826,.T.);
#2215=EDGE_CURVE('',#1801,#1807,#827,.T.);
#2216=EDGE_CURVE('',#1807,#1806,#828,.T.);
#2217=EDGE_CURVE('',#1805,#1807,#829,.T.);
#2218=EDGE_CURVE('',#1808,#1809,#830,.T.);
#2219=EDGE_CURVE('',#1809,#1810,#831,.T.);
#2220=EDGE_CURVE('',#1810,#1811,#832,.T.);
#2221=EDGE_CURVE('',#1811,#1808,#833,.T.);
#2222=EDGE_CURVE('',#1811,#1812,#834,.T.);
#2223=EDGE_CURVE('',#1812,#1813,#835,.T.);
#2224=EDGE_CURVE('',#1808,#1813,#836,.T.);
#2225=EDGE_CURVE('',#1810,#1814,#837,.T.);
#2226=EDGE_CURVE('',#1814,#1812,#838,.T.);
#2227=EDGE_CURVE('',#1809,#1815,#839,.T.);
#2228=EDGE_CURVE('',#1815,#1814,#840,.T.);
#2229=EDGE_CURVE('',#1813,#1815,#841,.T.);
#2230=EDGE_CURVE('',#1816,#1817,#842,.T.);
#2231=EDGE_CURVE('',#1817,#1818,#843,.T.);
#2232=EDGE_CURVE('',#1818,#1819,#844,.T.);
#2233=EDGE_CURVE('',#1819,#1816,#845,.T.);
#2234=EDGE_CURVE('',#1819,#1820,#846,.T.);
#2235=EDGE_CURVE('',#1820,#1821,#847,.T.);
#2236=EDGE_CURVE('',#1816,#1821,#848,.T.);
#2237=EDGE_CURVE('',#1818,#1822,#849,.T.);
#2238=EDGE_CURVE('',#1822,#1820,#850,.T.);
#2239=EDGE_CURVE('',#1817,#1823,#851,.T.);
#2240=EDGE_CURVE('',#1823,#1822,#852,.T.);
#2241=EDGE_CURVE('',#1821,#1823,#853,.T.);
#2242=EDGE_CURVE('',#1824,#1825,#854,.T.);
#2243=EDGE_CURVE('',#1825,#1826,#855,.T.);
#2244=EDGE_CURVE('',#1826,#1827,#856,.T.);
#2245=EDGE_CURVE('',#1827,#1824,#857,.T.);
#2246=EDGE_CURVE('',#1827,#1828,#858,.T.);
#2247=EDGE_CURVE('',#1828,#1829,#859,.T.);
#2248=EDGE_CURVE('',#1824,#1829,#860,.T.);
#2249=EDGE_CURVE('',#1826,#1830,#861,.T.);
#2250=EDGE_CURVE('',#1830,#1828,#862,.T.);
#2251=EDGE_CURVE('',#1825,#1831,#863,.T.);
#2252=EDGE_CURVE('',#1831,#1830,#864,.T.);
#2253=EDGE_CURVE('',#1829,#1831,#865,.T.);
#2254=EDGE_CURVE('',#1832,#1833,#866,.T.);
#2255=EDGE_CURVE('',#1833,#1834,#867,.T.);
#2256=EDGE_CURVE('',#1835,#1834,#868,.T.);
#2257=EDGE_CURVE('',#1832,#1835,#869,.T.);
#2258=EDGE_CURVE('',#1836,#1837,#870,.T.);
#2259=EDGE_CURVE('',#1837,#1833,#871,.T.);
#2260=EDGE_CURVE('',#1836,#1832,#872,.T.);
#2261=EDGE_CURVE('',#1838,#1839,#873,.T.);
#2262=EDGE_CURVE('',#1839,#1837,#874,.T.);
#2263=EDGE_CURVE('',#1838,#1836,#875,.T.);
#2264=EDGE_CURVE('',#1834,#1839,#876,.T.);
#2265=EDGE_CURVE('',#1835,#1838,#877,.T.);
#2266=EDGE_CURVE('',#1840,#1841,#878,.T.);
#2267=EDGE_CURVE('',#1841,#1842,#879,.T.);
#2268=EDGE_CURVE('',#1842,#1843,#880,.T.);
#2269=EDGE_CURVE('',#1843,#1840,#881,.T.);
#2270=EDGE_CURVE('',#1843,#1844,#882,.T.);
#2271=EDGE_CURVE('',#1844,#1845,#883,.T.);
#2272=EDGE_CURVE('',#1840,#1845,#884,.T.);
#2273=EDGE_CURVE('',#1842,#1846,#885,.T.);
#2274=EDGE_CURVE('',#1846,#1844,#886,.T.);
#2275=EDGE_CURVE('',#1841,#1847,#887,.T.);
#2276=EDGE_CURVE('',#1847,#1846,#888,.T.);
#2277=EDGE_CURVE('',#1845,#1847,#889,.T.);
#2278=EDGE_CURVE('',#1848,#1849,#890,.T.);
#2279=EDGE_CURVE('',#1849,#1850,#891,.T.);
#2280=EDGE_CURVE('',#1850,#1851,#892,.T.);
#2281=EDGE_CURVE('',#1851,#1848,#893,.T.);
#2282=EDGE_CURVE('',#1851,#1852,#894,.T.);
#2283=EDGE_CURVE('',#1852,#1853,#895,.T.);
#2284=EDGE_CURVE('',#1848,#1853,#896,.T.);
#2285=EDGE_CURVE('',#1850,#1854,#897,.T.);
#2286=EDGE_CURVE('',#1854,#1852,#898,.T.);
#2287=EDGE_CURVE('',#1849,#1855,#899,.T.);
#2288=EDGE_CURVE('',#1855,#1854,#900,.T.);
#2289=EDGE_CURVE('',#1853,#1855,#901,.T.);
#2290=EDGE_CURVE('',#1856,#1857,#902,.T.);
#2291=EDGE_CURVE('',#1857,#1858,#903,.T.);
#2292=EDGE_CURVE('',#1858,#1859,#904,.T.);
#2293=EDGE_CURVE('',#1859,#1856,#905,.T.);
#2294=EDGE_CURVE('',#1859,#1860,#906,.T.);
#2295=EDGE_CURVE('',#1860,#1861,#907,.T.);
#2296=EDGE_CURVE('',#1856,#1861,#908,.T.);
#2297=EDGE_CURVE('',#1858,#1862,#909,.T.);
#2298=EDGE_CURVE('',#1862,#1860,#910,.T.);
#2299=EDGE_CURVE('',#1857,#1863,#911,.T.);
#2300=EDGE_CURVE('',#1863,#1862,#912,.T.);
#2301=EDGE_CURVE('',#1861,#1863,#913,.T.);
#2302=EDGE_CURVE('',#1864,#1865,#914,.T.);
#2303=EDGE_CURVE('',#1865,#1866,#915,.T.);
#2304=EDGE_CURVE('',#1866,#1867,#916,.T.);
#2305=EDGE_CURVE('',#1867,#1864,#917,.T.);
#2306=EDGE_CURVE('',#1867,#1868,#918,.T.);
#2307=EDGE_CURVE('',#1868,#1869,#919,.T.);
#2308=EDGE_CURVE('',#1864,#1869,#920,.T.);
#2309=EDGE_CURVE('',#1866,#1870,#921,.T.);
#2310=EDGE_CURVE('',#1870,#1868,#922,.T.);
#2311=EDGE_CURVE('',#1865,#1871,#923,.T.);
#2312=EDGE_CURVE('',#1871,#1870,#924,.T.);
#2313=EDGE_CURVE('',#1869,#1871,#925,.T.);
#2314=EDGE_CURVE('',#1872,#1873,#926,.T.);
#2315=EDGE_CURVE('',#1874,#1872,#927,.T.);
#2316=EDGE_CURVE('',#1875,#1874,#928,.T.);
#2317=EDGE_CURVE('',#1873,#1875,#929,.T.);
#2318=EDGE_CURVE('',#1873,#1876,#930,.T.);
#2319=EDGE_CURVE('',#1877,#1876,#931,.T.);
#2320=EDGE_CURVE('',#1872,#1877,#932,.T.);
#2321=EDGE_CURVE('',#1878,#1877,#933,.T.);
#2322=EDGE_CURVE('',#1874,#1878,#934,.T.);
#2323=EDGE_CURVE('',#1879,#1878,#935,.T.);
#2324=EDGE_CURVE('',#1875,#1879,#936,.T.);
#2325=EDGE_CURVE('',#1876,#1879,#937,.T.);
#2326=EDGE_CURVE('',#1880,#1881,#938,.T.);
#2327=EDGE_CURVE('',#1882,#1880,#939,.T.);
#2328=EDGE_CURVE('',#1883,#1882,#940,.T.);
#2329=EDGE_CURVE('',#1881,#1883,#941,.T.);
#2330=EDGE_CURVE('',#1881,#1884,#942,.T.);
#2331=EDGE_CURVE('',#1885,#1884,#943,.T.);
#2332=EDGE_CURVE('',#1880,#1885,#944,.T.);
#2333=EDGE_CURVE('',#1886,#1885,#945,.T.);
#2334=EDGE_CURVE('',#1882,#1886,#946,.T.);
#2335=EDGE_CURVE('',#1887,#1886,#947,.T.);
#2336=EDGE_CURVE('',#1883,#1887,#948,.T.);
#2337=EDGE_CURVE('',#1884,#1887,#949,.T.);
#2338=EDGE_CURVE('',#1888,#1889,#950,.T.);
#2339=EDGE_CURVE('',#1889,#1890,#951,.T.);
#2340=EDGE_CURVE('',#1890,#1891,#952,.T.);
#2341=EDGE_CURVE('',#1891,#1888,#953,.T.);
#2342=EDGE_CURVE('',#1891,#1892,#954,.T.);
#2343=EDGE_CURVE('',#1892,#1893,#955,.T.);
#2344=EDGE_CURVE('',#1888,#1893,#956,.T.);
#2345=EDGE_CURVE('',#1890,#1894,#957,.T.);
#2346=EDGE_CURVE('',#1894,#1892,#958,.T.);
#2347=EDGE_CURVE('',#1889,#1895,#959,.T.);
#2348=EDGE_CURVE('',#1895,#1894,#960,.T.);
#2349=EDGE_CURVE('',#1893,#1895,#961,.T.);
#2350=EDGE_CURVE('',#1896,#1897,#962,.T.);
#2351=EDGE_CURVE('',#1897,#1898,#963,.T.);
#2352=EDGE_CURVE('',#1898,#1899,#964,.T.);
#2353=EDGE_CURVE('',#1899,#1896,#965,.T.);
#2354=EDGE_CURVE('',#1899,#1900,#966,.T.);
#2355=EDGE_CURVE('',#1900,#1901,#967,.T.);
#2356=EDGE_CURVE('',#1896,#1901,#968,.T.);
#2357=EDGE_CURVE('',#1898,#1902,#969,.T.);
#2358=EDGE_CURVE('',#1902,#1900,#970,.T.);
#2359=EDGE_CURVE('',#1897,#1903,#971,.T.);
#2360=EDGE_CURVE('',#1903,#1902,#972,.T.);
#2361=EDGE_CURVE('',#1901,#1903,#973,.T.);
#2362=EDGE_CURVE('',#1904,#1905,#974,.T.);
#2363=EDGE_CURVE('',#1905,#1906,#975,.T.);
#2364=EDGE_CURVE('',#1906,#1907,#976,.T.);
#2365=EDGE_CURVE('',#1907,#1904,#977,.T.);
#2366=EDGE_CURVE('',#1907,#1908,#978,.T.);
#2367=EDGE_CURVE('',#1908,#1909,#979,.T.);
#2368=EDGE_CURVE('',#1904,#1909,#980,.T.);
#2369=EDGE_CURVE('',#1906,#1910,#981,.T.);
#2370=EDGE_CURVE('',#1910,#1908,#982,.T.);
#2371=EDGE_CURVE('',#1905,#1911,#983,.T.);
#2372=EDGE_CURVE('',#1911,#1910,#984,.T.);
#2373=EDGE_CURVE('',#1909,#1911,#985,.T.);
#2374=EDGE_CURVE('',#1912,#1913,#986,.T.);
#2375=EDGE_CURVE('',#1913,#1914,#987,.T.);
#2376=EDGE_CURVE('',#1914,#1915,#988,.T.);
#2377=EDGE_CURVE('',#1915,#1912,#989,.T.);
#2378=EDGE_CURVE('',#1915,#1916,#990,.T.);
#2379=EDGE_CURVE('',#1916,#1917,#991,.T.);
#2380=EDGE_CURVE('',#1912,#1917,#992,.T.);
#2381=EDGE_CURVE('',#1914,#1918,#993,.T.);
#2382=EDGE_CURVE('',#1918,#1916,#994,.T.);
#2383=EDGE_CURVE('',#1913,#1919,#995,.T.);
#2384=EDGE_CURVE('',#1919,#1918,#996,.T.);
#2385=EDGE_CURVE('',#1917,#1919,#997,.T.);
#2386=EDGE_CURVE('',#1920,#1921,#998,.T.);
#2387=EDGE_CURVE('',#1921,#1922,#999,.T.);
#2388=EDGE_CURVE('',#1922,#1923,#1000,.T.);
#2389=EDGE_CURVE('',#1923,#1920,#1001,.T.);
#2390=EDGE_CURVE('',#1923,#1924,#1002,.T.);
#2391=EDGE_CURVE('',#1924,#1925,#1003,.T.);
#2392=EDGE_CURVE('',#1920,#1925,#1004,.T.);
#2393=EDGE_CURVE('',#1922,#1926,#1005,.T.);
#2394=EDGE_CURVE('',#1926,#1924,#1006,.T.);
#2395=EDGE_CURVE('',#1921,#1927,#1007,.T.);
#2396=EDGE_CURVE('',#1927,#1926,#1008,.T.);
#2397=EDGE_CURVE('',#1925,#1927,#1009,.T.);
#2398=EDGE_CURVE('',#1928,#1929,#1010,.T.);
#2399=EDGE_CURVE('',#1929,#1930,#1011,.T.);
#2400=EDGE_CURVE('',#1930,#1931,#1012,.T.);
#2401=EDGE_CURVE('',#1931,#1928,#1013,.T.);
#2402=EDGE_CURVE('',#1931,#1932,#1014,.T.);
#2403=EDGE_CURVE('',#1932,#1933,#1015,.T.);
#2404=EDGE_CURVE('',#1928,#1933,#1016,.T.);
#2405=EDGE_CURVE('',#1930,#1934,#1017,.T.);
#2406=EDGE_CURVE('',#1934,#1932,#1018,.T.);
#2407=EDGE_CURVE('',#1929,#1935,#1019,.T.);
#2408=EDGE_CURVE('',#1935,#1934,#1020,.T.);
#2409=EDGE_CURVE('',#1933,#1935,#1021,.T.);
#2410=EDGE_CURVE('',#1936,#1937,#1022,.T.);
#2411=EDGE_CURVE('',#1938,#1936,#1023,.T.);
#2412=EDGE_CURVE('',#1939,#1938,#1024,.T.);
#2413=EDGE_CURVE('',#1937,#1939,#1025,.T.);
#2414=EDGE_CURVE('',#1937,#1940,#1026,.T.);
#2415=EDGE_CURVE('',#1941,#1940,#1027,.T.);
#2416=EDGE_CURVE('',#1936,#1941,#1028,.T.);
#2417=EDGE_CURVE('',#1942,#1941,#1029,.T.);
#2418=EDGE_CURVE('',#1938,#1942,#1030,.T.);
#2419=EDGE_CURVE('',#1943,#1942,#1031,.T.);
#2420=EDGE_CURVE('',#1939,#1943,#1032,.T.);
#2421=EDGE_CURVE('',#1940,#1943,#1033,.T.);
#2422=EDGE_CURVE('',#1944,#1945,#1034,.T.);
#2423=EDGE_CURVE('',#1945,#1946,#1035,.T.);
#2424=EDGE_CURVE('',#1946,#1947,#1036,.T.);
#2425=EDGE_CURVE('',#1947,#1944,#1037,.T.);
#2426=EDGE_CURVE('',#1948,#1949,#1038,.T.);
#2427=EDGE_CURVE('',#1950,#1948,#1039,.T.);
#2428=EDGE_CURVE('',#1951,#1950,#1040,.T.);
#2429=EDGE_CURVE('',#1949,#1951,#1041,.T.);
#2430=EDGE_CURVE('',#1952,#1953,#1042,.T.);
#2431=EDGE_CURVE('',#1954,#1952,#1043,.T.);
#2432=EDGE_CURVE('',#1955,#1954,#1044,.T.);
#2433=EDGE_CURVE('',#1953,#1955,#1045,.T.);
#2434=EDGE_CURVE('',#1956,#1957,#1046,.T.);
#2435=EDGE_CURVE('',#1958,#1956,#1047,.T.);
#2436=EDGE_CURVE('',#1959,#1958,#1048,.T.);
#2437=EDGE_CURVE('',#1957,#1959,#1049,.T.);
#2438=EDGE_CURVE('',#1960,#1961,#1050,.T.);
#2439=EDGE_CURVE('',#1962,#1960,#1051,.T.);
#2440=EDGE_CURVE('',#1963,#1962,#1052,.T.);
#2441=EDGE_CURVE('',#1961,#1963,#1053,.T.);
#2442=EDGE_CURVE('',#1964,#1965,#1054,.T.);
#2443=EDGE_CURVE('',#1966,#1964,#1055,.T.);
#2444=EDGE_CURVE('',#1967,#1966,#1056,.T.);
#2445=EDGE_CURVE('',#1965,#1967,#1057,.T.);
#2446=EDGE_CURVE('',#1968,#1968,#106,.T.);
#2447=EDGE_CURVE('',#1969,#1970,#1058,.T.);
#2448=EDGE_CURVE('',#1971,#1969,#1059,.T.);
#2449=EDGE_CURVE('',#1972,#1971,#1060,.T.);
#2450=EDGE_CURVE('',#1970,#1972,#1061,.T.);
#2451=EDGE_CURVE('',#1970,#1945,#1062,.T.);
#2452=EDGE_CURVE('',#1969,#1944,#1063,.T.);
#2453=EDGE_CURVE('',#1971,#1947,#1064,.T.);
#2454=EDGE_CURVE('',#1972,#1946,#1065,.T.);
#2455=EDGE_CURVE('',#1973,#1974,#1066,.T.);
#2456=EDGE_CURVE('',#1974,#1975,#1067,.T.);
#2457=EDGE_CURVE('',#1975,#1976,#1068,.T.);
#2458=EDGE_CURVE('',#1976,#1973,#1069,.T.);
#2459=EDGE_CURVE('',#1976,#1966,#1070,.T.);
#2460=EDGE_CURVE('',#1973,#1964,#1071,.T.);
#2461=EDGE_CURVE('',#1975,#1967,#1072,.T.);
#2462=EDGE_CURVE('',#1974,#1965,#1073,.T.);
#2463=EDGE_CURVE('',#1977,#1978,#1074,.T.);
#2464=EDGE_CURVE('',#1978,#1979,#1075,.T.);
#2465=EDGE_CURVE('',#1979,#1980,#1076,.T.);
#2466=EDGE_CURVE('',#1980,#1977,#1077,.T.);
#2467=EDGE_CURVE('',#1980,#1962,#1078,.T.);
#2468=EDGE_CURVE('',#1977,#1960,#1079,.T.);
#2469=EDGE_CURVE('',#1979,#1963,#1080,.T.);
#2470=EDGE_CURVE('',#1978,#1961,#1081,.T.);
#2471=EDGE_CURVE('',#1981,#1982,#1082,.T.);
#2472=EDGE_CURVE('',#1982,#1983,#1083,.T.);
#2473=EDGE_CURVE('',#1983,#1984,#1084,.T.);
#2474=EDGE_CURVE('',#1984,#1981,#1085,.T.);
#2475=EDGE_CURVE('',#1984,#1958,#1086,.T.);
#2476=EDGE_CURVE('',#1981,#1956,#1087,.T.);
#2477=EDGE_CURVE('',#1983,#1959,#1088,.T.);
#2478=EDGE_CURVE('',#1982,#1957,#1089,.T.);
#2479=EDGE_CURVE('',#1985,#1986,#1090,.T.);
#2480=EDGE_CURVE('',#1986,#1987,#1091,.T.);
#2481=EDGE_CURVE('',#1987,#1988,#1092,.T.);
#2482=EDGE_CURVE('',#1988,#1985,#1093,.T.);
#2483=EDGE_CURVE('',#1988,#1954,#1094,.T.);
#2484=EDGE_CURVE('',#1985,#1952,#1095,.T.);
#2485=EDGE_CURVE('',#1987,#1955,#1096,.T.);
#2486=EDGE_CURVE('',#1986,#1953,#1097,.T.);
#2487=EDGE_CURVE('',#1989,#1990,#1098,.T.);
#2488=EDGE_CURVE('',#1990,#1991,#1099,.T.);
#2489=EDGE_CURVE('',#1991,#1992,#1100,.T.);
#2490=EDGE_CURVE('',#1992,#1989,#1101,.T.);
#2491=EDGE_CURVE('',#1992,#1950,#1102,.T.);
#2492=EDGE_CURVE('',#1989,#1948,#1103,.T.);
#2493=EDGE_CURVE('',#1991,#1951,#1104,.T.);
#2494=EDGE_CURVE('',#1990,#1949,#1105,.T.);
#2495=EDGE_CURVE('',#1993,#1993,#107,.T.);
#2496=EDGE_CURVE('',#1993,#1968,#1106,.T.);
#2497=EDGE_CURVE('',#1994,#1995,#1107,.T.);
#2498=EDGE_CURVE('',#1995,#1996,#108,.T.);
#2499=EDGE_CURVE('',#1996,#1997,#1108,.T.);
#2500=EDGE_CURVE('',#1997,#1998,#109,.T.);
#2501=EDGE_CURVE('',#1998,#1999,#1109,.T.);
#2502=EDGE_CURVE('',#1999,#2000,#110,.T.);
#2503=EDGE_CURVE('',#2000,#2001,#1110,.T.);
#2504=EDGE_CURVE('',#2001,#1994,#111,.T.);
#2505=EDGE_CURVE('',#2002,#2003,#112,.T.);
#2506=EDGE_CURVE('',#2004,#2003,#1111,.T.);
#2507=EDGE_CURVE('',#2004,#2005,#113,.T.);
#2508=EDGE_CURVE('',#2002,#2005,#1112,.T.);
#2509=EDGE_CURVE('',#2006,#2007,#114,.T.);
#2510=EDGE_CURVE('',#2008,#2006,#39,.T.);
#2511=EDGE_CURVE('',#2008,#2009,#115,.T.);
#2512=EDGE_CURVE('',#2007,#2009,#40,.T.);
#2513=EDGE_CURVE('',#2010,#2011,#116,.T.);
#2514=EDGE_CURVE('',#2003,#2010,#41,.T.);
#2515=EDGE_CURVE('',#2011,#2002,#42,.T.);
#2516=EDGE_CURVE('',#2012,#2013,#117,.T.);
#2517=EDGE_CURVE('',#2009,#2013,#1113,.T.);
#2518=EDGE_CURVE('',#2012,#2008,#1114,.T.);
#2519=EDGE_CURVE('',#2014,#2015,#118,.T.);
#2520=EDGE_CURVE('',#2016,#2015,#1115,.T.);
#2521=EDGE_CURVE('',#2017,#2016,#119,.T.);
#2522=EDGE_CURVE('',#2014,#2017,#1116,.T.);
#2523=EDGE_CURVE('',#2018,#2019,#120,.T.);
#2524=EDGE_CURVE('',#2020,#2018,#43,.T.);
#2525=EDGE_CURVE('',#2020,#2021,#121,.T.);
#2526=EDGE_CURVE('',#2019,#2021,#44,.T.);
#2527=EDGE_CURVE('',#2022,#2023,#122,.T.);
#2528=EDGE_CURVE('',#2015,#2022,#45,.T.);
#2529=EDGE_CURVE('',#2023,#2014,#46,.T.);
#2530=EDGE_CURVE('',#2024,#2020,#1117,.T.);
#2531=EDGE_CURVE('',#2025,#2024,#123,.T.);
#2532=EDGE_CURVE('',#2021,#2025,#1118,.T.);
#2533=EDGE_CURVE('',#2026,#2027,#124,.T.);
#2534=EDGE_CURVE('',#1994,#2026,#1119,.T.);
#2535=EDGE_CURVE('',#2027,#2001,#1120,.T.);
#2536=EDGE_CURVE('',#2028,#2029,#125,.T.);
#2537=EDGE_CURVE('',#2000,#2028,#1121,.T.);
#2538=EDGE_CURVE('',#2029,#1999,#1122,.T.);
#2539=EDGE_CURVE('',#2030,#2031,#126,.T.);
#2540=EDGE_CURVE('',#1998,#2030,#1123,.T.);
#2541=EDGE_CURVE('',#2031,#1997,#1124,.T.);
#2542=EDGE_CURVE('',#2032,#2033,#127,.T.);
#2543=EDGE_CURVE('',#1996,#2032,#1125,.T.);
#2544=EDGE_CURVE('',#2033,#1995,#1126,.T.);
#2545=EDGE_CURVE('',#2034,#2035,#128,.T.);
#2546=EDGE_CURVE('',#2036,#2034,#31,.T.);
#2547=EDGE_CURVE('',#2036,#2037,#129,.T.);
#2548=EDGE_CURVE('',#2035,#2037,#47,.T.);
#2549=EDGE_CURVE('',#2038,#2039,#130,.T.);
#2550=EDGE_CURVE('',#2037,#2039,#1127,.T.);
#2551=EDGE_CURVE('',#2038,#2036,#1128,.T.);
#2552=EDGE_CURVE('',#2040,#2041,#131,.T.);
#2553=EDGE_CURVE('',#2042,#2041,#1129,.T.);
#2554=EDGE_CURVE('',#2043,#2042,#132,.T.);
#2555=EDGE_CURVE('',#2040,#2043,#1130,.T.);
#2556=EDGE_CURVE('',#2044,#2045,#133,.T.);
#2557=EDGE_CURVE('',#2046,#2044,#32,.T.);
#2558=EDGE_CURVE('',#2046,#2047,#134,.T.);
#2559=EDGE_CURVE('',#2045,#2047,#48,.T.);
#2560=EDGE_CURVE('',#2048,#2049,#135,.T.);
#2561=EDGE_CURVE('',#2041,#2048,#33,.T.);
#2562=EDGE_CURVE('',#2049,#2040,#49,.T.);
#2563=EDGE_CURVE('',#2050,#2051,#136,.T.);
#2564=EDGE_CURVE('',#2047,#2051,#1131,.T.);
#2565=EDGE_CURVE('',#2050,#2046,#1132,.T.);
#2566=EDGE_CURVE('',#2052,#2053,#137,.T.);
#2567=EDGE_CURVE('',#2054,#2053,#1133,.T.);
#2568=EDGE_CURVE('',#2055,#2054,#138,.T.);
#2569=EDGE_CURVE('',#2052,#2055,#1134,.T.);
#2570=EDGE_CURVE('',#2056,#2057,#139,.T.);
#2571=EDGE_CURVE('',#2053,#2056,#34,.T.);
#2572=EDGE_CURVE('',#2057,#2052,#50,.T.);
#2573=EDGE_CURVE('',#2005,#2038,#1135,.T.);
#2574=EDGE_CURVE('',#2005,#2007,#51,.T.);
#2575=EDGE_CURVE('',#2046,#2009,#1136,.T.);
#2576=EDGE_CURVE('',#2044,#2038,#35,.T.);
#2577=EDGE_CURVE('',#2013,#2050,#1137,.T.);
#2578=EDGE_CURVE('',#2013,#2019,#52,.T.);
#2579=EDGE_CURVE('',#2053,#2021,#1138,.T.);
#2580=EDGE_CURVE('',#2056,#2050,#36,.T.);
#2581=EDGE_CURVE('',#2025,#2054,#1139,.T.);
#2582=EDGE_CURVE('',#2025,#2023,#53,.T.);
#2583=EDGE_CURVE('',#2041,#2014,#1140,.T.);
#2584=EDGE_CURVE('',#2048,#2054,#37,.T.);
#2585=EDGE_CURVE('',#2017,#2042,#1141,.T.);
#2586=EDGE_CURVE('',#2017,#2011,#54,.T.);
#2587=EDGE_CURVE('',#2036,#2002,#1142,.T.);
#2588=EDGE_CURVE('',#2034,#2042,#38,.T.);
#2589=EDGE_CURVE('',#2032,#2031,#1143,.T.);
#2590=EDGE_CURVE('',#2026,#2033,#1144,.T.);
#2591=EDGE_CURVE('',#2028,#2027,#1145,.T.);
#2592=EDGE_CURVE('',#2030,#2029,#1146,.T.);
#2593=EDGE_CURVE('',#2006,#2004,#55,.T.);
#2594=EDGE_CURVE('',#2010,#2016,#56,.T.);
#2595=EDGE_CURVE('',#2022,#2024,#57,.T.);
#2596=EDGE_CURVE('',#2018,#2012,#58,.T.);
#2597=EDGE_CURVE('',#2043,#2035,#59,.T.);
#2598=EDGE_CURVE('',#2039,#2045,#60,.T.);
#2599=EDGE_CURVE('',#2051,#2057,#61,.T.);
#2600=EDGE_CURVE('',#2055,#2049,#62,.T.);
#2601=EDGE_CURVE('',#2058,#2059,#1147,.T.);
#2602=EDGE_CURVE('',#2059,#2060,#140,.T.);
#2603=EDGE_CURVE('',#2061,#2060,#1148,.T.);
#2604=EDGE_CURVE('',#2061,#2062,#141,.T.);
#2605=EDGE_CURVE('',#2062,#2063,#1149,.T.);
#2606=EDGE_CURVE('',#2063,#2064,#142,.T.);
#2607=EDGE_CURVE('',#2064,#2065,#1150,.T.);
#2608=EDGE_CURVE('',#2065,#2066,#143,.T.);
#2609=EDGE_CURVE('',#2067,#2066,#1151,.T.);
#2610=EDGE_CURVE('',#2067,#2058,#144,.T.);
#2611=EDGE_CURVE('',#2068,#2069,#145,.T.);
#2612=EDGE_CURVE('',#2066,#2068,#1152,.T.);
#2613=EDGE_CURVE('',#2069,#2065,#1153,.T.);
#2614=EDGE_CURVE('',#2070,#2071,#146,.T.);
#2615=EDGE_CURVE('',#2062,#2070,#1154,.T.);
#2616=EDGE_CURVE('',#2071,#2061,#1155,.T.);
#2617=EDGE_CURVE('',#2072,#2073,#147,.T.);
#2618=EDGE_CURVE('',#2064,#2072,#1156,.T.);
#2619=EDGE_CURVE('',#2073,#2063,#1157,.T.);
#2620=EDGE_CURVE('',#2072,#2069,#1158,.T.);
#2621=EDGE_CURVE('',#2070,#2073,#1159,.T.);
#2622=EDGE_CURVE('',#2060,#2074,#1160,.T.);
#2623=EDGE_CURVE('',#2071,#2074,#1161,.T.);
#2624=EDGE_CURVE('',#2075,#2068,#1162,.T.);
#2625=EDGE_CURVE('',#2075,#2067,#1163,.T.);
#2626=EDGE_CURVE('',#2076,#2077,#1164,.T.);
#2627=EDGE_CURVE('',#2077,#2059,#1165,.T.);
#2628=EDGE_CURVE('',#2058,#2076,#1166,.T.);
#2629=EDGE_CURVE('',#2074,#2077,#148,.T.);
#2630=EDGE_CURVE('',#2076,#2075,#149,.T.);
#2631=EDGE_CURVE('',#2078,#2079,#1167,.T.);
#2632=EDGE_CURVE('',#2079,#2080,#1168,.T.);
#2633=EDGE_CURVE('',#2081,#2080,#1169,.T.);
#2634=EDGE_CURVE('',#2081,#2078,#1170,.T.);
#2635=EDGE_CURVE('',#2082,#2083,#1171,.T.);
#2636=EDGE_CURVE('',#2082,#2084,#150,.T.);
#2637=EDGE_CURVE('',#2085,#2084,#1172,.T.);
#2638=EDGE_CURVE('',#2085,#2086,#151,.T.);
#2639=EDGE_CURVE('',#2087,#2086,#1173,.T.);
#2640=EDGE_CURVE('',#2087,#2079,#152,.T.);
#2641=EDGE_CURVE('',#2078,#2088,#153,.T.);
#2642=EDGE_CURVE('',#2089,#2088,#1174,.T.);
#2643=EDGE_CURVE('',#2089,#2083,#154,.T.);
#2644=EDGE_CURVE('',#2090,#2091,#1175,.T.);
#2645=EDGE_CURVE('',#2090,#2089,#1176,.T.);
#2646=EDGE_CURVE('',#2088,#2091,#1177,.T.);
#2647=EDGE_CURVE('',#2091,#2081,#155,.T.);
#2648=EDGE_CURVE('',#2084,#2092,#1178,.T.);
#2649=EDGE_CURVE('',#2093,#2092,#1179,.T.);
#2650=EDGE_CURVE('',#2093,#2085,#1180,.T.);
#2651=EDGE_CURVE('',#2094,#2095,#1181,.T.);
#2652=EDGE_CURVE('',#2094,#2087,#1182,.T.);
#2653=EDGE_CURVE('',#2086,#2095,#1183,.T.);
#2654=EDGE_CURVE('',#2095,#2093,#156,.T.);
#2655=EDGE_CURVE('',#2080,#2094,#157,.T.);
#2656=EDGE_CURVE('',#2092,#2096,#158,.T.);
#2657=EDGE_CURVE('',#2096,#2097,#1184,.T.);
#2658=EDGE_CURVE('',#2097,#2090,#159,.T.);
#2659=EDGE_CURVE('',#2096,#2082,#1185,.T.);
#2660=EDGE_CURVE('',#2083,#2097,#1186,.T.);
#2661=EDGE_CURVE('',#2098,#2099,#1187,.T.);
#2662=EDGE_CURVE('',#2098,#2100,#1188,.T.);
#2663=EDGE_CURVE('',#2101,#2100,#1189,.T.);
#2664=EDGE_CURVE('',#2099,#2101,#1190,.T.);
#2665=EDGE_CURVE('',#2099,#2102,#1191,.T.);
#2666=EDGE_CURVE('',#2103,#2101,#1192,.T.);
#2667=EDGE_CURVE('',#2102,#2103,#1193,.T.);
#2668=EDGE_CURVE('',#2102,#2104,#1194,.T.);
#2669=EDGE_CURVE('',#2105,#2103,#1195,.T.);
#2670=EDGE_CURVE('',#2104,#2105,#1196,.T.);
#2671=EDGE_CURVE('',#2104,#2098,#1197,.T.);
#2672=EDGE_CURVE('',#2100,#2105,#1198,.T.);
#2673=EDGE_CURVE('',#2106,#2107,#1199,.T.);
#2674=EDGE_CURVE('',#2106,#2108,#1200,.T.);
#2675=EDGE_CURVE('',#2109,#2108,#1201,.T.);
#2676=EDGE_CURVE('',#2107,#2109,#1202,.T.);
#2677=EDGE_CURVE('',#2107,#2110,#1203,.T.);
#2678=EDGE_CURVE('',#2111,#2109,#1204,.T.);
#2679=EDGE_CURVE('',#2110,#2111,#1205,.T.);
#2680=EDGE_CURVE('',#2110,#2112,#1206,.T.);
#2681=EDGE_CURVE('',#2113,#2111,#1207,.T.);
#2682=EDGE_CURVE('',#2112,#2113,#1208,.T.);
#2683=EDGE_CURVE('',#2112,#2106,#1209,.T.);
#2684=EDGE_CURVE('',#2108,#2113,#1210,.T.);
#2685=EDGE_CURVE('',#2114,#2115,#1211,.T.);
#2686=EDGE_CURVE('',#2114,#2116,#1212,.T.);
#2687=EDGE_CURVE('',#2117,#2116,#1213,.T.);
#2688=EDGE_CURVE('',#2115,#2117,#1214,.T.);
#2689=EDGE_CURVE('',#2115,#2118,#1215,.T.);
#2690=EDGE_CURVE('',#2119,#2117,#1216,.T.);
#2691=EDGE_CURVE('',#2118,#2119,#1217,.T.);
#2692=EDGE_CURVE('',#2118,#2120,#1218,.T.);
#2693=EDGE_CURVE('',#2121,#2119,#1219,.T.);
#2694=EDGE_CURVE('',#2120,#2121,#1220,.T.);
#2695=EDGE_CURVE('',#2114,#2120,#1221,.T.);
#2696=EDGE_CURVE('',#2116,#2121,#1222,.T.);
#2697=EDGE_CURVE('',#2122,#2123,#1223,.T.);
#2698=EDGE_CURVE('',#2122,#2124,#1224,.T.);
#2699=EDGE_CURVE('',#2125,#2124,#1225,.T.);
#2700=EDGE_CURVE('',#2123,#2125,#1226,.T.);
#2701=EDGE_CURVE('',#2123,#2126,#1227,.T.);
#2702=EDGE_CURVE('',#2127,#2125,#1228,.T.);
#2703=EDGE_CURVE('',#2126,#2127,#1229,.T.);
#2704=EDGE_CURVE('',#2126,#2128,#1230,.T.);
#2705=EDGE_CURVE('',#2129,#2127,#1231,.T.);
#2706=EDGE_CURVE('',#2128,#2129,#1232,.T.);
#2707=EDGE_CURVE('',#2128,#2122,#1233,.T.);
#2708=EDGE_CURVE('',#2124,#2129,#1234,.T.);
#2709=EDGE_CURVE('',#2130,#2131,#1235,.T.);
#2710=EDGE_CURVE('',#2130,#2132,#1236,.T.);
#2711=EDGE_CURVE('',#2133,#2132,#1237,.T.);
#2712=EDGE_CURVE('',#2131,#2133,#1238,.T.);
#2713=EDGE_CURVE('',#2131,#2134,#1239,.T.);
#2714=EDGE_CURVE('',#2135,#2133,#1240,.T.);
#2715=EDGE_CURVE('',#2134,#2135,#1241,.T.);
#2716=EDGE_CURVE('',#2134,#2136,#1242,.T.);
#2717=EDGE_CURVE('',#2137,#2135,#1243,.T.);
#2718=EDGE_CURVE('',#2136,#2137,#1244,.T.);
#2719=EDGE_CURVE('',#2136,#2130,#1245,.T.);
#2720=EDGE_CURVE('',#2132,#2137,#1246,.T.);
#2721=EDGE_CURVE('',#2138,#2139,#1247,.T.);
#2722=EDGE_CURVE('',#2138,#2140,#1248,.T.);
#2723=EDGE_CURVE('',#2141,#2140,#1249,.T.);
#2724=EDGE_CURVE('',#2139,#2141,#1250,.T.);
#2725=EDGE_CURVE('',#2139,#2142,#1251,.T.);
#2726=EDGE_CURVE('',#2143,#2141,#1252,.T.);
#2727=EDGE_CURVE('',#2142,#2143,#1253,.T.);
#2728=EDGE_CURVE('',#2142,#2144,#1254,.T.);
#2729=EDGE_CURVE('',#2145,#2143,#1255,.T.);
#2730=EDGE_CURVE('',#2144,#2145,#1256,.T.);
#2731=EDGE_CURVE('',#2144,#2138,#1257,.T.);
#2732=EDGE_CURVE('',#2140,#2145,#1258,.T.);
#2733=ORIENTED_EDGE('',*,*,#2146,.F.);
#2734=ORIENTED_EDGE('',*,*,#2147,.T.);
#2735=ORIENTED_EDGE('',*,*,#2148,.F.);
#2736=ORIENTED_EDGE('',*,*,#2149,.F.);
#2737=ORIENTED_EDGE('',*,*,#2150,.F.);
#2738=ORIENTED_EDGE('',*,*,#2149,.T.);
#2739=ORIENTED_EDGE('',*,*,#2151,.F.);
#2740=ORIENTED_EDGE('',*,*,#2152,.F.);
#2741=ORIENTED_EDGE('',*,*,#2153,.F.);
#2742=ORIENTED_EDGE('',*,*,#2152,.T.);
#2743=ORIENTED_EDGE('',*,*,#2154,.F.);
#2744=ORIENTED_EDGE('',*,*,#2155,.F.);
#2745=ORIENTED_EDGE('',*,*,#2156,.F.);
#2746=ORIENTED_EDGE('',*,*,#2155,.T.);
#2747=ORIENTED_EDGE('',*,*,#2157,.F.);
#2748=ORIENTED_EDGE('',*,*,#2147,.F.);
#2749=ORIENTED_EDGE('',*,*,#2157,.T.);
#2750=ORIENTED_EDGE('',*,*,#2154,.T.);
#2751=ORIENTED_EDGE('',*,*,#2151,.T.);
#2752=ORIENTED_EDGE('',*,*,#2148,.T.);
#2753=ORIENTED_EDGE('',*,*,#2156,.T.);
#2754=ORIENTED_EDGE('',*,*,#2146,.T.);
#2755=ORIENTED_EDGE('',*,*,#2150,.T.);
#2756=ORIENTED_EDGE('',*,*,#2153,.T.);
#2757=ORIENTED_EDGE('',*,*,#2158,.F.);
#2758=ORIENTED_EDGE('',*,*,#2159,.T.);
#2759=ORIENTED_EDGE('',*,*,#2160,.F.);
#2760=ORIENTED_EDGE('',*,*,#2161,.F.);
#2761=ORIENTED_EDGE('',*,*,#2162,.F.);
#2762=ORIENTED_EDGE('',*,*,#2161,.T.);
#2763=ORIENTED_EDGE('',*,*,#2163,.F.);
#2764=ORIENTED_EDGE('',*,*,#2164,.F.);
#2765=ORIENTED_EDGE('',*,*,#2165,.F.);
#2766=ORIENTED_EDGE('',*,*,#2164,.T.);
#2767=ORIENTED_EDGE('',*,*,#2166,.F.);
#2768=ORIENTED_EDGE('',*,*,#2167,.F.);
#2769=ORIENTED_EDGE('',*,*,#2168,.F.);
#2770=ORIENTED_EDGE('',*,*,#2167,.T.);
#2771=ORIENTED_EDGE('',*,*,#2169,.F.);
#2772=ORIENTED_EDGE('',*,*,#2159,.F.);
#2773=ORIENTED_EDGE('',*,*,#2169,.T.);
#2774=ORIENTED_EDGE('',*,*,#2166,.T.);
#2775=ORIENTED_EDGE('',*,*,#2163,.T.);
#2776=ORIENTED_EDGE('',*,*,#2160,.T.);
#2777=ORIENTED_EDGE('',*,*,#2168,.T.);
#2778=ORIENTED_EDGE('',*,*,#2158,.T.);
#2779=ORIENTED_EDGE('',*,*,#2162,.T.);
#2780=ORIENTED_EDGE('',*,*,#2165,.T.);
#2781=ORIENTED_EDGE('',*,*,#2170,.F.);
#2782=ORIENTED_EDGE('',*,*,#2171,.T.);
#2783=ORIENTED_EDGE('',*,*,#2172,.F.);
#2784=ORIENTED_EDGE('',*,*,#2173,.F.);
#2785=ORIENTED_EDGE('',*,*,#2174,.F.);
#2786=ORIENTED_EDGE('',*,*,#2173,.T.);
#2787=ORIENTED_EDGE('',*,*,#2175,.F.);
#2788=ORIENTED_EDGE('',*,*,#2176,.F.);
#2789=ORIENTED_EDGE('',*,*,#2177,.F.);
#2790=ORIENTED_EDGE('',*,*,#2176,.T.);
#2791=ORIENTED_EDGE('',*,*,#2178,.F.);
#2792=ORIENTED_EDGE('',*,*,#2179,.F.);
#2793=ORIENTED_EDGE('',*,*,#2180,.F.);
#2794=ORIENTED_EDGE('',*,*,#2179,.T.);
#2795=ORIENTED_EDGE('',*,*,#2181,.F.);
#2796=ORIENTED_EDGE('',*,*,#2171,.F.);
#2797=ORIENTED_EDGE('',*,*,#2181,.T.);
#2798=ORIENTED_EDGE('',*,*,#2178,.T.);
#2799=ORIENTED_EDGE('',*,*,#2175,.T.);
#2800=ORIENTED_EDGE('',*,*,#2172,.T.);
#2801=ORIENTED_EDGE('',*,*,#2180,.T.);
#2802=ORIENTED_EDGE('',*,*,#2170,.T.);
#2803=ORIENTED_EDGE('',*,*,#2174,.T.);
#2804=ORIENTED_EDGE('',*,*,#2177,.T.);
#2805=ORIENTED_EDGE('',*,*,#2182,.F.);
#2806=ORIENTED_EDGE('',*,*,#2183,.T.);
#2807=ORIENTED_EDGE('',*,*,#2184,.F.);
#2808=ORIENTED_EDGE('',*,*,#2185,.F.);
#2809=ORIENTED_EDGE('',*,*,#2186,.F.);
#2810=ORIENTED_EDGE('',*,*,#2185,.T.);
#2811=ORIENTED_EDGE('',*,*,#2187,.F.);
#2812=ORIENTED_EDGE('',*,*,#2188,.F.);
#2813=ORIENTED_EDGE('',*,*,#2189,.F.);
#2814=ORIENTED_EDGE('',*,*,#2188,.T.);
#2815=ORIENTED_EDGE('',*,*,#2190,.F.);
#2816=ORIENTED_EDGE('',*,*,#2191,.F.);
#2817=ORIENTED_EDGE('',*,*,#2192,.F.);
#2818=ORIENTED_EDGE('',*,*,#2191,.T.);
#2819=ORIENTED_EDGE('',*,*,#2193,.F.);
#2820=ORIENTED_EDGE('',*,*,#2183,.F.);
#2821=ORIENTED_EDGE('',*,*,#2193,.T.);
#2822=ORIENTED_EDGE('',*,*,#2190,.T.);
#2823=ORIENTED_EDGE('',*,*,#2187,.T.);
#2824=ORIENTED_EDGE('',*,*,#2184,.T.);
#2825=ORIENTED_EDGE('',*,*,#2192,.T.);
#2826=ORIENTED_EDGE('',*,*,#2182,.T.);
#2827=ORIENTED_EDGE('',*,*,#2186,.T.);
#2828=ORIENTED_EDGE('',*,*,#2189,.T.);
#2829=ORIENTED_EDGE('',*,*,#2194,.T.);
#2830=ORIENTED_EDGE('',*,*,#2195,.T.);
#2831=ORIENTED_EDGE('',*,*,#2196,.T.);
#2832=ORIENTED_EDGE('',*,*,#2197,.T.);
#2833=ORIENTED_EDGE('',*,*,#2198,.T.);
#2834=ORIENTED_EDGE('',*,*,#2199,.T.);
#2835=ORIENTED_EDGE('',*,*,#2200,.F.);
#2836=ORIENTED_EDGE('',*,*,#2197,.F.);
#2837=ORIENTED_EDGE('',*,*,#2201,.T.);
#2838=ORIENTED_EDGE('',*,*,#2202,.T.);
#2839=ORIENTED_EDGE('',*,*,#2198,.F.);
#2840=ORIENTED_EDGE('',*,*,#2196,.F.);
#2841=ORIENTED_EDGE('',*,*,#2203,.T.);
#2842=ORIENTED_EDGE('',*,*,#2204,.T.);
#2843=ORIENTED_EDGE('',*,*,#2201,.F.);
#2844=ORIENTED_EDGE('',*,*,#2195,.F.);
#2845=ORIENTED_EDGE('',*,*,#2200,.T.);
#2846=ORIENTED_EDGE('',*,*,#2205,.T.);
#2847=ORIENTED_EDGE('',*,*,#2203,.F.);
#2848=ORIENTED_EDGE('',*,*,#2194,.F.);
#2849=ORIENTED_EDGE('',*,*,#2206,.T.);
#2850=ORIENTED_EDGE('',*,*,#2207,.T.);
#2851=ORIENTED_EDGE('',*,*,#2208,.T.);
#2852=ORIENTED_EDGE('',*,*,#2209,.T.);
#2853=ORIENTED_EDGE('',*,*,#2210,.T.);
#2854=ORIENTED_EDGE('',*,*,#2211,.T.);
#2855=ORIENTED_EDGE('',*,*,#2212,.F.);
#2856=ORIENTED_EDGE('',*,*,#2209,.F.);
#2857=ORIENTED_EDGE('',*,*,#2213,.T.);
#2858=ORIENTED_EDGE('',*,*,#2214,.T.);
#2859=ORIENTED_EDGE('',*,*,#2210,.F.);
#2860=ORIENTED_EDGE('',*,*,#2208,.F.);
#2861=ORIENTED_EDGE('',*,*,#2215,.T.);
#2862=ORIENTED_EDGE('',*,*,#2216,.T.);
#2863=ORIENTED_EDGE('',*,*,#2213,.F.);
#2864=ORIENTED_EDGE('',*,*,#2207,.F.);
#2865=ORIENTED_EDGE('',*,*,#2212,.T.);
#2866=ORIENTED_EDGE('',*,*,#2217,.T.);
#2867=ORIENTED_EDGE('',*,*,#2215,.F.);
#2868=ORIENTED_EDGE('',*,*,#2206,.F.);
#2869=ORIENTED_EDGE('',*,*,#2218,.T.);
#2870=ORIENTED_EDGE('',*,*,#2219,.T.);
#2871=ORIENTED_EDGE('',*,*,#2220,.T.);
#2872=ORIENTED_EDGE('',*,*,#2221,.T.);
#2873=ORIENTED_EDGE('',*,*,#2222,.T.);
#2874=ORIENTED_EDGE('',*,*,#2223,.T.);
#2875=ORIENTED_EDGE('',*,*,#2224,.F.);
#2876=ORIENTED_EDGE('',*,*,#2221,.F.);
#2877=ORIENTED_EDGE('',*,*,#2225,.T.);
#2878=ORIENTED_EDGE('',*,*,#2226,.T.);
#2879=ORIENTED_EDGE('',*,*,#2222,.F.);
#2880=ORIENTED_EDGE('',*,*,#2220,.F.);
#2881=ORIENTED_EDGE('',*,*,#2227,.T.);
#2882=ORIENTED_EDGE('',*,*,#2228,.T.);
#2883=ORIENTED_EDGE('',*,*,#2225,.F.);
#2884=ORIENTED_EDGE('',*,*,#2219,.F.);
#2885=ORIENTED_EDGE('',*,*,#2224,.T.);
#2886=ORIENTED_EDGE('',*,*,#2229,.T.);
#2887=ORIENTED_EDGE('',*,*,#2227,.F.);
#2888=ORIENTED_EDGE('',*,*,#2218,.F.);
#2889=ORIENTED_EDGE('',*,*,#2230,.T.);
#2890=ORIENTED_EDGE('',*,*,#2231,.T.);
#2891=ORIENTED_EDGE('',*,*,#2232,.T.);
#2892=ORIENTED_EDGE('',*,*,#2233,.T.);
#2893=ORIENTED_EDGE('',*,*,#2234,.T.);
#2894=ORIENTED_EDGE('',*,*,#2235,.T.);
#2895=ORIENTED_EDGE('',*,*,#2236,.F.);
#2896=ORIENTED_EDGE('',*,*,#2233,.F.);
#2897=ORIENTED_EDGE('',*,*,#2237,.T.);
#2898=ORIENTED_EDGE('',*,*,#2238,.T.);
#2899=ORIENTED_EDGE('',*,*,#2234,.F.);
#2900=ORIENTED_EDGE('',*,*,#2232,.F.);
#2901=ORIENTED_EDGE('',*,*,#2239,.T.);
#2902=ORIENTED_EDGE('',*,*,#2240,.T.);
#2903=ORIENTED_EDGE('',*,*,#2237,.F.);
#2904=ORIENTED_EDGE('',*,*,#2231,.F.);
#2905=ORIENTED_EDGE('',*,*,#2236,.T.);
#2906=ORIENTED_EDGE('',*,*,#2241,.T.);
#2907=ORIENTED_EDGE('',*,*,#2239,.F.);
#2908=ORIENTED_EDGE('',*,*,#2230,.F.);
#2909=ORIENTED_EDGE('',*,*,#2242,.T.);
#2910=ORIENTED_EDGE('',*,*,#2243,.T.);
#2911=ORIENTED_EDGE('',*,*,#2244,.T.);
#2912=ORIENTED_EDGE('',*,*,#2245,.T.);
#2913=ORIENTED_EDGE('',*,*,#2246,.T.);
#2914=ORIENTED_EDGE('',*,*,#2247,.T.);
#2915=ORIENTED_EDGE('',*,*,#2248,.F.);
#2916=ORIENTED_EDGE('',*,*,#2245,.F.);
#2917=ORIENTED_EDGE('',*,*,#2249,.T.);
#2918=ORIENTED_EDGE('',*,*,#2250,.T.);
#2919=ORIENTED_EDGE('',*,*,#2246,.F.);
#2920=ORIENTED_EDGE('',*,*,#2244,.F.);
#2921=ORIENTED_EDGE('',*,*,#2251,.T.);
#2922=ORIENTED_EDGE('',*,*,#2252,.T.);
#2923=ORIENTED_EDGE('',*,*,#2249,.F.);
#2924=ORIENTED_EDGE('',*,*,#2243,.F.);
#2925=ORIENTED_EDGE('',*,*,#2248,.T.);
#2926=ORIENTED_EDGE('',*,*,#2253,.T.);
#2927=ORIENTED_EDGE('',*,*,#2251,.F.);
#2928=ORIENTED_EDGE('',*,*,#2242,.F.);
#2929=ORIENTED_EDGE('',*,*,#2254,.T.);
#2930=ORIENTED_EDGE('',*,*,#2255,.T.);
#2931=ORIENTED_EDGE('',*,*,#2256,.F.);
#2932=ORIENTED_EDGE('',*,*,#2257,.F.);
#2933=ORIENTED_EDGE('',*,*,#2258,.T.);
#2934=ORIENTED_EDGE('',*,*,#2259,.T.);
#2935=ORIENTED_EDGE('',*,*,#2254,.F.);
#2936=ORIENTED_EDGE('',*,*,#2260,.F.);
#2937=ORIENTED_EDGE('',*,*,#2261,.T.);
#2938=ORIENTED_EDGE('',*,*,#2262,.T.);
#2939=ORIENTED_EDGE('',*,*,#2258,.F.);
#2940=ORIENTED_EDGE('',*,*,#2263,.F.);
#2941=ORIENTED_EDGE('',*,*,#2256,.T.);
#2942=ORIENTED_EDGE('',*,*,#2264,.T.);
#2943=ORIENTED_EDGE('',*,*,#2261,.F.);
#2944=ORIENTED_EDGE('',*,*,#2265,.F.);
#2945=ORIENTED_EDGE('',*,*,#2266,.T.);
#2946=ORIENTED_EDGE('',*,*,#2267,.T.);
#2947=ORIENTED_EDGE('',*,*,#2268,.T.);
#2948=ORIENTED_EDGE('',*,*,#2269,.T.);
#2949=ORIENTED_EDGE('',*,*,#2270,.T.);
#2950=ORIENTED_EDGE('',*,*,#2271,.T.);
#2951=ORIENTED_EDGE('',*,*,#2272,.F.);
#2952=ORIENTED_EDGE('',*,*,#2269,.F.);
#2953=ORIENTED_EDGE('',*,*,#2273,.T.);
#2954=ORIENTED_EDGE('',*,*,#2274,.T.);
#2955=ORIENTED_EDGE('',*,*,#2270,.F.);
#2956=ORIENTED_EDGE('',*,*,#2268,.F.);
#2957=ORIENTED_EDGE('',*,*,#2275,.T.);
#2958=ORIENTED_EDGE('',*,*,#2276,.T.);
#2959=ORIENTED_EDGE('',*,*,#2273,.F.);
#2960=ORIENTED_EDGE('',*,*,#2267,.F.);
#2961=ORIENTED_EDGE('',*,*,#2272,.T.);
#2962=ORIENTED_EDGE('',*,*,#2277,.T.);
#2963=ORIENTED_EDGE('',*,*,#2275,.F.);
#2964=ORIENTED_EDGE('',*,*,#2266,.F.);
#2965=ORIENTED_EDGE('',*,*,#2278,.T.);
#2966=ORIENTED_EDGE('',*,*,#2279,.T.);
#2967=ORIENTED_EDGE('',*,*,#2280,.T.);
#2968=ORIENTED_EDGE('',*,*,#2281,.T.);
#2969=ORIENTED_EDGE('',*,*,#2282,.T.);
#2970=ORIENTED_EDGE('',*,*,#2283,.T.);
#2971=ORIENTED_EDGE('',*,*,#2284,.F.);
#2972=ORIENTED_EDGE('',*,*,#2281,.F.);
#2973=ORIENTED_EDGE('',*,*,#2285,.T.);
#2974=ORIENTED_EDGE('',*,*,#2286,.T.);
#2975=ORIENTED_EDGE('',*,*,#2282,.F.);
#2976=ORIENTED_EDGE('',*,*,#2280,.F.);
#2977=ORIENTED_EDGE('',*,*,#2287,.T.);
#2978=ORIENTED_EDGE('',*,*,#2288,.T.);
#2979=ORIENTED_EDGE('',*,*,#2285,.F.);
#2980=ORIENTED_EDGE('',*,*,#2279,.F.);
#2981=ORIENTED_EDGE('',*,*,#2284,.T.);
#2982=ORIENTED_EDGE('',*,*,#2289,.T.);
#2983=ORIENTED_EDGE('',*,*,#2287,.F.);
#2984=ORIENTED_EDGE('',*,*,#2278,.F.);
#2985=ORIENTED_EDGE('',*,*,#2290,.T.);
#2986=ORIENTED_EDGE('',*,*,#2291,.T.);
#2987=ORIENTED_EDGE('',*,*,#2292,.T.);
#2988=ORIENTED_EDGE('',*,*,#2293,.T.);
#2989=ORIENTED_EDGE('',*,*,#2294,.T.);
#2990=ORIENTED_EDGE('',*,*,#2295,.T.);
#2991=ORIENTED_EDGE('',*,*,#2296,.F.);
#2992=ORIENTED_EDGE('',*,*,#2293,.F.);
#2993=ORIENTED_EDGE('',*,*,#2297,.T.);
#2994=ORIENTED_EDGE('',*,*,#2298,.T.);
#2995=ORIENTED_EDGE('',*,*,#2294,.F.);
#2996=ORIENTED_EDGE('',*,*,#2292,.F.);
#2997=ORIENTED_EDGE('',*,*,#2299,.T.);
#2998=ORIENTED_EDGE('',*,*,#2300,.T.);
#2999=ORIENTED_EDGE('',*,*,#2297,.F.);
#3000=ORIENTED_EDGE('',*,*,#2291,.F.);
#3001=ORIENTED_EDGE('',*,*,#2296,.T.);
#3002=ORIENTED_EDGE('',*,*,#2301,.T.);
#3003=ORIENTED_EDGE('',*,*,#2299,.F.);
#3004=ORIENTED_EDGE('',*,*,#2290,.F.);
#3005=ORIENTED_EDGE('',*,*,#2302,.T.);
#3006=ORIENTED_EDGE('',*,*,#2303,.T.);
#3007=ORIENTED_EDGE('',*,*,#2304,.T.);
#3008=ORIENTED_EDGE('',*,*,#2305,.T.);
#3009=ORIENTED_EDGE('',*,*,#2306,.T.);
#3010=ORIENTED_EDGE('',*,*,#2307,.T.);
#3011=ORIENTED_EDGE('',*,*,#2308,.F.);
#3012=ORIENTED_EDGE('',*,*,#2305,.F.);
#3013=ORIENTED_EDGE('',*,*,#2309,.T.);
#3014=ORIENTED_EDGE('',*,*,#2310,.T.);
#3015=ORIENTED_EDGE('',*,*,#2306,.F.);
#3016=ORIENTED_EDGE('',*,*,#2304,.F.);
#3017=ORIENTED_EDGE('',*,*,#2311,.T.);
#3018=ORIENTED_EDGE('',*,*,#2312,.T.);
#3019=ORIENTED_EDGE('',*,*,#2309,.F.);
#3020=ORIENTED_EDGE('',*,*,#2303,.F.);
#3021=ORIENTED_EDGE('',*,*,#2308,.T.);
#3022=ORIENTED_EDGE('',*,*,#2313,.T.);
#3023=ORIENTED_EDGE('',*,*,#2311,.F.);
#3024=ORIENTED_EDGE('',*,*,#2302,.F.);
#3025=ORIENTED_EDGE('',*,*,#2314,.F.);
#3026=ORIENTED_EDGE('',*,*,#2315,.F.);
#3027=ORIENTED_EDGE('',*,*,#2316,.F.);
#3028=ORIENTED_EDGE('',*,*,#2317,.F.);
#3029=ORIENTED_EDGE('',*,*,#2314,.T.);
#3030=ORIENTED_EDGE('',*,*,#2318,.T.);
#3031=ORIENTED_EDGE('',*,*,#2319,.F.);
#3032=ORIENTED_EDGE('',*,*,#2320,.F.);
#3033=ORIENTED_EDGE('',*,*,#2315,.T.);
#3034=ORIENTED_EDGE('',*,*,#2320,.T.);
#3035=ORIENTED_EDGE('',*,*,#2321,.F.);
#3036=ORIENTED_EDGE('',*,*,#2322,.F.);
#3037=ORIENTED_EDGE('',*,*,#2316,.T.);
#3038=ORIENTED_EDGE('',*,*,#2322,.T.);
#3039=ORIENTED_EDGE('',*,*,#2323,.F.);
#3040=ORIENTED_EDGE('',*,*,#2324,.F.);
#3041=ORIENTED_EDGE('',*,*,#2317,.T.);
#3042=ORIENTED_EDGE('',*,*,#2324,.T.);
#3043=ORIENTED_EDGE('',*,*,#2325,.F.);
#3044=ORIENTED_EDGE('',*,*,#2318,.F.);
#3045=ORIENTED_EDGE('',*,*,#2326,.F.);
#3046=ORIENTED_EDGE('',*,*,#2327,.F.);
#3047=ORIENTED_EDGE('',*,*,#2328,.F.);
#3048=ORIENTED_EDGE('',*,*,#2329,.F.);
#3049=ORIENTED_EDGE('',*,*,#2326,.T.);
#3050=ORIENTED_EDGE('',*,*,#2330,.T.);
#3051=ORIENTED_EDGE('',*,*,#2331,.F.);
#3052=ORIENTED_EDGE('',*,*,#2332,.F.);
#3053=ORIENTED_EDGE('',*,*,#2327,.T.);
#3054=ORIENTED_EDGE('',*,*,#2332,.T.);
#3055=ORIENTED_EDGE('',*,*,#2333,.F.);
#3056=ORIENTED_EDGE('',*,*,#2334,.F.);
#3057=ORIENTED_EDGE('',*,*,#2328,.T.);
#3058=ORIENTED_EDGE('',*,*,#2334,.T.);
#3059=ORIENTED_EDGE('',*,*,#2335,.F.);
#3060=ORIENTED_EDGE('',*,*,#2336,.F.);
#3061=ORIENTED_EDGE('',*,*,#2329,.T.);
#3062=ORIENTED_EDGE('',*,*,#2336,.T.);
#3063=ORIENTED_EDGE('',*,*,#2337,.F.);
#3064=ORIENTED_EDGE('',*,*,#2330,.F.);
#3065=ORIENTED_EDGE('',*,*,#2338,.T.);
#3066=ORIENTED_EDGE('',*,*,#2339,.T.);
#3067=ORIENTED_EDGE('',*,*,#2340,.T.);
#3068=ORIENTED_EDGE('',*,*,#2341,.T.);
#3069=ORIENTED_EDGE('',*,*,#2342,.T.);
#3070=ORIENTED_EDGE('',*,*,#2343,.T.);
#3071=ORIENTED_EDGE('',*,*,#2344,.F.);
#3072=ORIENTED_EDGE('',*,*,#2341,.F.);
#3073=ORIENTED_EDGE('',*,*,#2345,.T.);
#3074=ORIENTED_EDGE('',*,*,#2346,.T.);
#3075=ORIENTED_EDGE('',*,*,#2342,.F.);
#3076=ORIENTED_EDGE('',*,*,#2340,.F.);
#3077=ORIENTED_EDGE('',*,*,#2347,.T.);
#3078=ORIENTED_EDGE('',*,*,#2348,.T.);
#3079=ORIENTED_EDGE('',*,*,#2345,.F.);
#3080=ORIENTED_EDGE('',*,*,#2339,.F.);
#3081=ORIENTED_EDGE('',*,*,#2344,.T.);
#3082=ORIENTED_EDGE('',*,*,#2349,.T.);
#3083=ORIENTED_EDGE('',*,*,#2347,.F.);
#3084=ORIENTED_EDGE('',*,*,#2338,.F.);
#3085=ORIENTED_EDGE('',*,*,#2350,.T.);
#3086=ORIENTED_EDGE('',*,*,#2351,.T.);
#3087=ORIENTED_EDGE('',*,*,#2352,.T.);
#3088=ORIENTED_EDGE('',*,*,#2353,.T.);
#3089=ORIENTED_EDGE('',*,*,#2354,.T.);
#3090=ORIENTED_EDGE('',*,*,#2355,.T.);
#3091=ORIENTED_EDGE('',*,*,#2356,.F.);
#3092=ORIENTED_EDGE('',*,*,#2353,.F.);
#3093=ORIENTED_EDGE('',*,*,#2357,.T.);
#3094=ORIENTED_EDGE('',*,*,#2358,.T.);
#3095=ORIENTED_EDGE('',*,*,#2354,.F.);
#3096=ORIENTED_EDGE('',*,*,#2352,.F.);
#3097=ORIENTED_EDGE('',*,*,#2359,.T.);
#3098=ORIENTED_EDGE('',*,*,#2360,.T.);
#3099=ORIENTED_EDGE('',*,*,#2357,.F.);
#3100=ORIENTED_EDGE('',*,*,#2351,.F.);
#3101=ORIENTED_EDGE('',*,*,#2356,.T.);
#3102=ORIENTED_EDGE('',*,*,#2361,.T.);
#3103=ORIENTED_EDGE('',*,*,#2359,.F.);
#3104=ORIENTED_EDGE('',*,*,#2350,.F.);
#3105=ORIENTED_EDGE('',*,*,#2362,.T.);
#3106=ORIENTED_EDGE('',*,*,#2363,.T.);
#3107=ORIENTED_EDGE('',*,*,#2364,.T.);
#3108=ORIENTED_EDGE('',*,*,#2365,.T.);
#3109=ORIENTED_EDGE('',*,*,#2366,.T.);
#3110=ORIENTED_EDGE('',*,*,#2367,.T.);
#3111=ORIENTED_EDGE('',*,*,#2368,.F.);
#3112=ORIENTED_EDGE('',*,*,#2365,.F.);
#3113=ORIENTED_EDGE('',*,*,#2369,.T.);
#3114=ORIENTED_EDGE('',*,*,#2370,.T.);
#3115=ORIENTED_EDGE('',*,*,#2366,.F.);
#3116=ORIENTED_EDGE('',*,*,#2364,.F.);
#3117=ORIENTED_EDGE('',*,*,#2371,.T.);
#3118=ORIENTED_EDGE('',*,*,#2372,.T.);
#3119=ORIENTED_EDGE('',*,*,#2369,.F.);
#3120=ORIENTED_EDGE('',*,*,#2363,.F.);
#3121=ORIENTED_EDGE('',*,*,#2368,.T.);
#3122=ORIENTED_EDGE('',*,*,#2373,.T.);
#3123=ORIENTED_EDGE('',*,*,#2371,.F.);
#3124=ORIENTED_EDGE('',*,*,#2362,.F.);
#3125=ORIENTED_EDGE('',*,*,#2374,.T.);
#3126=ORIENTED_EDGE('',*,*,#2375,.T.);
#3127=ORIENTED_EDGE('',*,*,#2376,.T.);
#3128=ORIENTED_EDGE('',*,*,#2377,.T.);
#3129=ORIENTED_EDGE('',*,*,#2378,.T.);
#3130=ORIENTED_EDGE('',*,*,#2379,.T.);
#3131=ORIENTED_EDGE('',*,*,#2380,.F.);
#3132=ORIENTED_EDGE('',*,*,#2377,.F.);
#3133=ORIENTED_EDGE('',*,*,#2381,.T.);
#3134=ORIENTED_EDGE('',*,*,#2382,.T.);
#3135=ORIENTED_EDGE('',*,*,#2378,.F.);
#3136=ORIENTED_EDGE('',*,*,#2376,.F.);
#3137=ORIENTED_EDGE('',*,*,#2383,.T.);
#3138=ORIENTED_EDGE('',*,*,#2384,.T.);
#3139=ORIENTED_EDGE('',*,*,#2381,.F.);
#3140=ORIENTED_EDGE('',*,*,#2375,.F.);
#3141=ORIENTED_EDGE('',*,*,#2380,.T.);
#3142=ORIENTED_EDGE('',*,*,#2385,.T.);
#3143=ORIENTED_EDGE('',*,*,#2383,.F.);
#3144=ORIENTED_EDGE('',*,*,#2374,.F.);
#3145=ORIENTED_EDGE('',*,*,#2386,.T.);
#3146=ORIENTED_EDGE('',*,*,#2387,.T.);
#3147=ORIENTED_EDGE('',*,*,#2388,.T.);
#3148=ORIENTED_EDGE('',*,*,#2389,.T.);
#3149=ORIENTED_EDGE('',*,*,#2390,.T.);
#3150=ORIENTED_EDGE('',*,*,#2391,.T.);
#3151=ORIENTED_EDGE('',*,*,#2392,.F.);
#3152=ORIENTED_EDGE('',*,*,#2389,.F.);
#3153=ORIENTED_EDGE('',*,*,#2393,.T.);
#3154=ORIENTED_EDGE('',*,*,#2394,.T.);
#3155=ORIENTED_EDGE('',*,*,#2390,.F.);
#3156=ORIENTED_EDGE('',*,*,#2388,.F.);
#3157=ORIENTED_EDGE('',*,*,#2395,.T.);
#3158=ORIENTED_EDGE('',*,*,#2396,.T.);
#3159=ORIENTED_EDGE('',*,*,#2393,.F.);
#3160=ORIENTED_EDGE('',*,*,#2387,.F.);
#3161=ORIENTED_EDGE('',*,*,#2392,.T.);
#3162=ORIENTED_EDGE('',*,*,#2397,.T.);
#3163=ORIENTED_EDGE('',*,*,#2395,.F.);
#3164=ORIENTED_EDGE('',*,*,#2386,.F.);
#3165=ORIENTED_EDGE('',*,*,#2398,.T.);
#3166=ORIENTED_EDGE('',*,*,#2399,.T.);
#3167=ORIENTED_EDGE('',*,*,#2400,.T.);
#3168=ORIENTED_EDGE('',*,*,#2401,.T.);
#3169=ORIENTED_EDGE('',*,*,#2402,.T.);
#3170=ORIENTED_EDGE('',*,*,#2403,.T.);
#3171=ORIENTED_EDGE('',*,*,#2404,.F.);
#3172=ORIENTED_EDGE('',*,*,#2401,.F.);
#3173=ORIENTED_EDGE('',*,*,#2405,.T.);
#3174=ORIENTED_EDGE('',*,*,#2406,.T.);
#3175=ORIENTED_EDGE('',*,*,#2402,.F.);
#3176=ORIENTED_EDGE('',*,*,#2400,.F.);
#3177=ORIENTED_EDGE('',*,*,#2407,.T.);
#3178=ORIENTED_EDGE('',*,*,#2408,.T.);
#3179=ORIENTED_EDGE('',*,*,#2405,.F.);
#3180=ORIENTED_EDGE('',*,*,#2399,.F.);
#3181=ORIENTED_EDGE('',*,*,#2404,.T.);
#3182=ORIENTED_EDGE('',*,*,#2409,.T.);
#3183=ORIENTED_EDGE('',*,*,#2407,.F.);
#3184=ORIENTED_EDGE('',*,*,#2398,.F.);
#3185=ORIENTED_EDGE('',*,*,#2410,.F.);
#3186=ORIENTED_EDGE('',*,*,#2411,.F.);
#3187=ORIENTED_EDGE('',*,*,#2412,.F.);
#3188=ORIENTED_EDGE('',*,*,#2413,.F.);
#3189=ORIENTED_EDGE('',*,*,#2410,.T.);
#3190=ORIENTED_EDGE('',*,*,#2414,.T.);
#3191=ORIENTED_EDGE('',*,*,#2415,.F.);
#3192=ORIENTED_EDGE('',*,*,#2416,.F.);
#3193=ORIENTED_EDGE('',*,*,#2411,.T.);
#3194=ORIENTED_EDGE('',*,*,#2416,.T.);
#3195=ORIENTED_EDGE('',*,*,#2417,.F.);
#3196=ORIENTED_EDGE('',*,*,#2418,.F.);
#3197=ORIENTED_EDGE('',*,*,#2412,.T.);
#3198=ORIENTED_EDGE('',*,*,#2418,.T.);
#3199=ORIENTED_EDGE('',*,*,#2419,.F.);
#3200=ORIENTED_EDGE('',*,*,#2420,.F.);
#3201=ORIENTED_EDGE('',*,*,#2413,.T.);
#3202=ORIENTED_EDGE('',*,*,#2420,.T.);
#3203=ORIENTED_EDGE('',*,*,#2421,.F.);
#3204=ORIENTED_EDGE('',*,*,#2414,.F.);
#3205=ORIENTED_EDGE('',*,*,#2265,.T.);
#3206=ORIENTED_EDGE('',*,*,#2263,.T.);
#3207=ORIENTED_EDGE('',*,*,#2260,.T.);
#3208=ORIENTED_EDGE('',*,*,#2257,.T.);
#3209=ORIENTED_EDGE('',*,*,#2247,.F.);
#3210=ORIENTED_EDGE('',*,*,#2250,.F.);
#3211=ORIENTED_EDGE('',*,*,#2252,.F.);
#3212=ORIENTED_EDGE('',*,*,#2253,.F.);
#3213=ORIENTED_EDGE('',*,*,#2319,.T.);
#3214=ORIENTED_EDGE('',*,*,#2325,.T.);
#3215=ORIENTED_EDGE('',*,*,#2323,.T.);
#3216=ORIENTED_EDGE('',*,*,#2321,.T.);
#3217=ORIENTED_EDGE('',*,*,#2331,.T.);
#3218=ORIENTED_EDGE('',*,*,#2337,.T.);
#3219=ORIENTED_EDGE('',*,*,#2335,.T.);
#3220=ORIENTED_EDGE('',*,*,#2333,.T.);
#3221=ORIENTED_EDGE('',*,*,#2415,.T.);
#3222=ORIENTED_EDGE('',*,*,#2421,.T.);
#3223=ORIENTED_EDGE('',*,*,#2419,.T.);
#3224=ORIENTED_EDGE('',*,*,#2417,.T.);
#3225=ORIENTED_EDGE('',*,*,#2422,.T.);
#3226=ORIENTED_EDGE('',*,*,#2423,.T.);
#3227=ORIENTED_EDGE('',*,*,#2424,.T.);
#3228=ORIENTED_EDGE('',*,*,#2425,.T.);
#3229=ORIENTED_EDGE('',*,*,#2426,.F.);
#3230=ORIENTED_EDGE('',*,*,#2427,.F.);
#3231=ORIENTED_EDGE('',*,*,#2428,.F.);
#3232=ORIENTED_EDGE('',*,*,#2429,.F.);
#3233=ORIENTED_EDGE('',*,*,#2430,.F.);
#3234=ORIENTED_EDGE('',*,*,#2431,.F.);
#3235=ORIENTED_EDGE('',*,*,#2432,.F.);
#3236=ORIENTED_EDGE('',*,*,#2433,.F.);
#3237=ORIENTED_EDGE('',*,*,#2434,.F.);
#3238=ORIENTED_EDGE('',*,*,#2435,.F.);
#3239=ORIENTED_EDGE('',*,*,#2436,.F.);
#3240=ORIENTED_EDGE('',*,*,#2437,.F.);
#3241=ORIENTED_EDGE('',*,*,#2438,.F.);
#3242=ORIENTED_EDGE('',*,*,#2439,.F.);
#3243=ORIENTED_EDGE('',*,*,#2440,.F.);
#3244=ORIENTED_EDGE('',*,*,#2441,.F.);
#3245=ORIENTED_EDGE('',*,*,#2442,.F.);
#3246=ORIENTED_EDGE('',*,*,#2443,.F.);
#3247=ORIENTED_EDGE('',*,*,#2444,.F.);
#3248=ORIENTED_EDGE('',*,*,#2445,.F.);
#3249=ORIENTED_EDGE('',*,*,#2409,.F.);
#3250=ORIENTED_EDGE('',*,*,#2403,.F.);
#3251=ORIENTED_EDGE('',*,*,#2406,.F.);
#3252=ORIENTED_EDGE('',*,*,#2408,.F.);
#3253=ORIENTED_EDGE('',*,*,#2397,.F.);
#3254=ORIENTED_EDGE('',*,*,#2391,.F.);
#3255=ORIENTED_EDGE('',*,*,#2394,.F.);
#3256=ORIENTED_EDGE('',*,*,#2396,.F.);
#3257=ORIENTED_EDGE('',*,*,#2385,.F.);
#3258=ORIENTED_EDGE('',*,*,#2379,.F.);
#3259=ORIENTED_EDGE('',*,*,#2382,.F.);
#3260=ORIENTED_EDGE('',*,*,#2384,.F.);
#3261=ORIENTED_EDGE('',*,*,#2373,.F.);
#3262=ORIENTED_EDGE('',*,*,#2367,.F.);
#3263=ORIENTED_EDGE('',*,*,#2370,.F.);
#3264=ORIENTED_EDGE('',*,*,#2372,.F.);
#3265=ORIENTED_EDGE('',*,*,#2361,.F.);
#3266=ORIENTED_EDGE('',*,*,#2355,.F.);
#3267=ORIENTED_EDGE('',*,*,#2358,.F.);
#3268=ORIENTED_EDGE('',*,*,#2360,.F.);
#3269=ORIENTED_EDGE('',*,*,#2349,.F.);
#3270=ORIENTED_EDGE('',*,*,#2343,.F.);
#3271=ORIENTED_EDGE('',*,*,#2346,.F.);
#3272=ORIENTED_EDGE('',*,*,#2348,.F.);
#3273=ORIENTED_EDGE('',*,*,#2313,.F.);
#3274=ORIENTED_EDGE('',*,*,#2307,.F.);
#3275=ORIENTED_EDGE('',*,*,#2310,.F.);
#3276=ORIENTED_EDGE('',*,*,#2312,.F.);
#3277=ORIENTED_EDGE('',*,*,#2301,.F.);
#3278=ORIENTED_EDGE('',*,*,#2295,.F.);
#3279=ORIENTED_EDGE('',*,*,#2298,.F.);
#3280=ORIENTED_EDGE('',*,*,#2300,.F.);
#3281=ORIENTED_EDGE('',*,*,#2289,.F.);
#3282=ORIENTED_EDGE('',*,*,#2283,.F.);
#3283=ORIENTED_EDGE('',*,*,#2286,.F.);
#3284=ORIENTED_EDGE('',*,*,#2288,.F.);
#3285=ORIENTED_EDGE('',*,*,#2277,.F.);
#3286=ORIENTED_EDGE('',*,*,#2271,.F.);
#3287=ORIENTED_EDGE('',*,*,#2274,.F.);
#3288=ORIENTED_EDGE('',*,*,#2276,.F.);
#3289=ORIENTED_EDGE('',*,*,#2204,.F.);
#3290=ORIENTED_EDGE('',*,*,#2205,.F.);
#3291=ORIENTED_EDGE('',*,*,#2199,.F.);
#3292=ORIENTED_EDGE('',*,*,#2202,.F.);
#3293=ORIENTED_EDGE('',*,*,#2216,.F.);
#3294=ORIENTED_EDGE('',*,*,#2217,.F.);
#3295=ORIENTED_EDGE('',*,*,#2211,.F.);
#3296=ORIENTED_EDGE('',*,*,#2214,.F.);
#3297=ORIENTED_EDGE('',*,*,#2228,.F.);
#3298=ORIENTED_EDGE('',*,*,#2229,.F.);
#3299=ORIENTED_EDGE('',*,*,#2223,.F.);
#3300=ORIENTED_EDGE('',*,*,#2226,.F.);
#3301=ORIENTED_EDGE('',*,*,#2240,.F.);
#3302=ORIENTED_EDGE('',*,*,#2241,.F.);
#3303=ORIENTED_EDGE('',*,*,#2235,.F.);
#3304=ORIENTED_EDGE('',*,*,#2238,.F.);
#3305=ORIENTED_EDGE('',*,*,#2446,.T.);
#3306=ORIENTED_EDGE('',*,*,#2447,.F.);
#3307=ORIENTED_EDGE('',*,*,#2448,.F.);
#3308=ORIENTED_EDGE('',*,*,#2449,.F.);
#3309=ORIENTED_EDGE('',*,*,#2450,.F.);
#3310=ORIENTED_EDGE('',*,*,#2447,.T.);
#3311=ORIENTED_EDGE('',*,*,#2451,.T.);
#3312=ORIENTED_EDGE('',*,*,#2422,.F.);
#3313=ORIENTED_EDGE('',*,*,#2452,.F.);
#3314=ORIENTED_EDGE('',*,*,#2448,.T.);
#3315=ORIENTED_EDGE('',*,*,#2452,.T.);
#3316=ORIENTED_EDGE('',*,*,#2425,.F.);
#3317=ORIENTED_EDGE('',*,*,#2453,.F.);
#3318=ORIENTED_EDGE('',*,*,#2449,.T.);
#3319=ORIENTED_EDGE('',*,*,#2453,.T.);
#3320=ORIENTED_EDGE('',*,*,#2424,.F.);
#3321=ORIENTED_EDGE('',*,*,#2454,.F.);
#3322=ORIENTED_EDGE('',*,*,#2450,.T.);
#3323=ORIENTED_EDGE('',*,*,#2454,.T.);
#3324=ORIENTED_EDGE('',*,*,#2423,.F.);
#3325=ORIENTED_EDGE('',*,*,#2451,.F.);
#3326=ORIENTED_EDGE('',*,*,#2455,.T.);
#3327=ORIENTED_EDGE('',*,*,#2456,.T.);
#3328=ORIENTED_EDGE('',*,*,#2457,.T.);
#3329=ORIENTED_EDGE('',*,*,#2458,.T.);
#3330=ORIENTED_EDGE('',*,*,#2459,.T.);
#3331=ORIENTED_EDGE('',*,*,#2443,.T.);
#3332=ORIENTED_EDGE('',*,*,#2460,.F.);
#3333=ORIENTED_EDGE('',*,*,#2458,.F.);
#3334=ORIENTED_EDGE('',*,*,#2461,.T.);
#3335=ORIENTED_EDGE('',*,*,#2444,.T.);
#3336=ORIENTED_EDGE('',*,*,#2459,.F.);
#3337=ORIENTED_EDGE('',*,*,#2457,.F.);
#3338=ORIENTED_EDGE('',*,*,#2462,.T.);
#3339=ORIENTED_EDGE('',*,*,#2445,.T.);
#3340=ORIENTED_EDGE('',*,*,#2461,.F.);
#3341=ORIENTED_EDGE('',*,*,#2456,.F.);
#3342=ORIENTED_EDGE('',*,*,#2460,.T.);
#3343=ORIENTED_EDGE('',*,*,#2442,.T.);
#3344=ORIENTED_EDGE('',*,*,#2462,.F.);
#3345=ORIENTED_EDGE('',*,*,#2455,.F.);
#3346=ORIENTED_EDGE('',*,*,#2463,.T.);
#3347=ORIENTED_EDGE('',*,*,#2464,.T.);
#3348=ORIENTED_EDGE('',*,*,#2465,.T.);
#3349=ORIENTED_EDGE('',*,*,#2466,.T.);
#3350=ORIENTED_EDGE('',*,*,#2467,.T.);
#3351=ORIENTED_EDGE('',*,*,#2439,.T.);
#3352=ORIENTED_EDGE('',*,*,#2468,.F.);
#3353=ORIENTED_EDGE('',*,*,#2466,.F.);
#3354=ORIENTED_EDGE('',*,*,#2469,.T.);
#3355=ORIENTED_EDGE('',*,*,#2440,.T.);
#3356=ORIENTED_EDGE('',*,*,#2467,.F.);
#3357=ORIENTED_EDGE('',*,*,#2465,.F.);
#3358=ORIENTED_EDGE('',*,*,#2470,.T.);
#3359=ORIENTED_EDGE('',*,*,#2441,.T.);
#3360=ORIENTED_EDGE('',*,*,#2469,.F.);
#3361=ORIENTED_EDGE('',*,*,#2464,.F.);
#3362=ORIENTED_EDGE('',*,*,#2468,.T.);
#3363=ORIENTED_EDGE('',*,*,#2438,.T.);
#3364=ORIENTED_EDGE('',*,*,#2470,.F.);
#3365=ORIENTED_EDGE('',*,*,#2463,.F.);
#3366=ORIENTED_EDGE('',*,*,#2471,.T.);
#3367=ORIENTED_EDGE('',*,*,#2472,.T.);
#3368=ORIENTED_EDGE('',*,*,#2473,.T.);
#3369=ORIENTED_EDGE('',*,*,#2474,.T.);
#3370=ORIENTED_EDGE('',*,*,#2475,.T.);
#3371=ORIENTED_EDGE('',*,*,#2435,.T.);
#3372=ORIENTED_EDGE('',*,*,#2476,.F.);
#3373=ORIENTED_EDGE('',*,*,#2474,.F.);
#3374=ORIENTED_EDGE('',*,*,#2477,.T.);
#3375=ORIENTED_EDGE('',*,*,#2436,.T.);
#3376=ORIENTED_EDGE('',*,*,#2475,.F.);
#3377=ORIENTED_EDGE('',*,*,#2473,.F.);
#3378=ORIENTED_EDGE('',*,*,#2478,.T.);
#3379=ORIENTED_EDGE('',*,*,#2437,.T.);
#3380=ORIENTED_EDGE('',*,*,#2477,.F.);
#3381=ORIENTED_EDGE('',*,*,#2472,.F.);
#3382=ORIENTED_EDGE('',*,*,#2476,.T.);
#3383=ORIENTED_EDGE('',*,*,#2434,.T.);
#3384=ORIENTED_EDGE('',*,*,#2478,.F.);
#3385=ORIENTED_EDGE('',*,*,#2471,.F.);
#3386=ORIENTED_EDGE('',*,*,#2479,.T.);
#3387=ORIENTED_EDGE('',*,*,#2480,.T.);
#3388=ORIENTED_EDGE('',*,*,#2481,.T.);
#3389=ORIENTED_EDGE('',*,*,#2482,.T.);
#3390=ORIENTED_EDGE('',*,*,#2483,.T.);
#3391=ORIENTED_EDGE('',*,*,#2431,.T.);
#3392=ORIENTED_EDGE('',*,*,#2484,.F.);
#3393=ORIENTED_EDGE('',*,*,#2482,.F.);
#3394=ORIENTED_EDGE('',*,*,#2485,.T.);
#3395=ORIENTED_EDGE('',*,*,#2432,.T.);
#3396=ORIENTED_EDGE('',*,*,#2483,.F.);
#3397=ORIENTED_EDGE('',*,*,#2481,.F.);
#3398=ORIENTED_EDGE('',*,*,#2486,.T.);
#3399=ORIENTED_EDGE('',*,*,#2433,.T.);
#3400=ORIENTED_EDGE('',*,*,#2485,.F.);
#3401=ORIENTED_EDGE('',*,*,#2480,.F.);
#3402=ORIENTED_EDGE('',*,*,#2484,.T.);
#3403=ORIENTED_EDGE('',*,*,#2430,.T.);
#3404=ORIENTED_EDGE('',*,*,#2486,.F.);
#3405=ORIENTED_EDGE('',*,*,#2479,.F.);
#3406=ORIENTED_EDGE('',*,*,#2487,.T.);
#3407=ORIENTED_EDGE('',*,*,#2488,.T.);
#3408=ORIENTED_EDGE('',*,*,#2489,.T.);
#3409=ORIENTED_EDGE('',*,*,#2490,.T.);
#3410=ORIENTED_EDGE('',*,*,#2491,.T.);
#3411=ORIENTED_EDGE('',*,*,#2427,.T.);
#3412=ORIENTED_EDGE('',*,*,#2492,.F.);
#3413=ORIENTED_EDGE('',*,*,#2490,.F.);
#3414=ORIENTED_EDGE('',*,*,#2493,.T.);
#3415=ORIENTED_EDGE('',*,*,#2428,.T.);
#3416=ORIENTED_EDGE('',*,*,#2491,.F.);
#3417=ORIENTED_EDGE('',*,*,#2489,.F.);
#3418=ORIENTED_EDGE('',*,*,#2494,.T.);
#3419=ORIENTED_EDGE('',*,*,#2429,.T.);
#3420=ORIENTED_EDGE('',*,*,#2493,.F.);
#3421=ORIENTED_EDGE('',*,*,#2488,.F.);
#3422=ORIENTED_EDGE('',*,*,#2492,.T.);
#3423=ORIENTED_EDGE('',*,*,#2426,.T.);
#3424=ORIENTED_EDGE('',*,*,#2494,.F.);
#3425=ORIENTED_EDGE('',*,*,#2487,.F.);
#3426=ORIENTED_EDGE('',*,*,#2495,.T.);
#3427=ORIENTED_EDGE('',*,*,#2496,.T.);
#3428=ORIENTED_EDGE('',*,*,#2446,.F.);
#3429=ORIENTED_EDGE('',*,*,#2496,.F.);
#3430=ORIENTED_EDGE('',*,*,#2255,.F.);
#3431=ORIENTED_EDGE('',*,*,#2259,.F.);
#3432=ORIENTED_EDGE('',*,*,#2262,.F.);
#3433=ORIENTED_EDGE('',*,*,#2264,.F.);
#3434=ORIENTED_EDGE('',*,*,#2495,.F.);
#3435=ORIENTED_EDGE('',*,*,#2497,.T.);
#3436=ORIENTED_EDGE('',*,*,#2498,.T.);
#3437=ORIENTED_EDGE('',*,*,#2499,.T.);
#3438=ORIENTED_EDGE('',*,*,#2500,.T.);
#3439=ORIENTED_EDGE('',*,*,#2501,.T.);
#3440=ORIENTED_EDGE('',*,*,#2502,.T.);
#3441=ORIENTED_EDGE('',*,*,#2503,.T.);
#3442=ORIENTED_EDGE('',*,*,#2504,.T.);
#3443=ORIENTED_EDGE('',*,*,#2505,.T.);
#3444=ORIENTED_EDGE('',*,*,#2506,.F.);
#3445=ORIENTED_EDGE('',*,*,#2507,.T.);
#3446=ORIENTED_EDGE('',*,*,#2508,.F.);
#3447=ORIENTED_EDGE('',*,*,#2509,.F.);
#3448=ORIENTED_EDGE('',*,*,#2510,.F.);
#3449=ORIENTED_EDGE('',*,*,#2511,.T.);
#3450=ORIENTED_EDGE('',*,*,#2512,.F.);
#3451=ORIENTED_EDGE('',*,*,#2513,.F.);
#3452=ORIENTED_EDGE('',*,*,#2514,.F.);
#3453=ORIENTED_EDGE('',*,*,#2505,.F.);
#3454=ORIENTED_EDGE('',*,*,#2515,.F.);
#3455=ORIENTED_EDGE('',*,*,#2516,.T.);
#3456=ORIENTED_EDGE('',*,*,#2517,.F.);
#3457=ORIENTED_EDGE('',*,*,#2511,.F.);
#3458=ORIENTED_EDGE('',*,*,#2518,.F.);
#3459=ORIENTED_EDGE('',*,*,#2519,.T.);
#3460=ORIENTED_EDGE('',*,*,#2520,.F.);
#3461=ORIENTED_EDGE('',*,*,#2521,.F.);
#3462=ORIENTED_EDGE('',*,*,#2522,.F.);
#3463=ORIENTED_EDGE('',*,*,#2523,.F.);
#3464=ORIENTED_EDGE('',*,*,#2524,.F.);
#3465=ORIENTED_EDGE('',*,*,#2525,.T.);
#3466=ORIENTED_EDGE('',*,*,#2526,.F.);
#3467=ORIENTED_EDGE('',*,*,#2527,.F.);
#3468=ORIENTED_EDGE('',*,*,#2528,.F.);
#3469=ORIENTED_EDGE('',*,*,#2519,.F.);
#3470=ORIENTED_EDGE('',*,*,#2529,.F.);
#3471=ORIENTED_EDGE('',*,*,#2525,.F.);
#3472=ORIENTED_EDGE('',*,*,#2530,.F.);
#3473=ORIENTED_EDGE('',*,*,#2531,.F.);
#3474=ORIENTED_EDGE('',*,*,#2532,.F.);
#3475=ORIENTED_EDGE('',*,*,#2533,.F.);
#3476=ORIENTED_EDGE('',*,*,#2534,.F.);
#3477=ORIENTED_EDGE('',*,*,#2504,.F.);
#3478=ORIENTED_EDGE('',*,*,#2535,.F.);
#3479=ORIENTED_EDGE('',*,*,#2536,.F.);
#3480=ORIENTED_EDGE('',*,*,#2537,.F.);
#3481=ORIENTED_EDGE('',*,*,#2502,.F.);
#3482=ORIENTED_EDGE('',*,*,#2538,.F.);
#3483=ORIENTED_EDGE('',*,*,#2539,.F.);
#3484=ORIENTED_EDGE('',*,*,#2540,.F.);
#3485=ORIENTED_EDGE('',*,*,#2500,.F.);
#3486=ORIENTED_EDGE('',*,*,#2541,.F.);
#3487=ORIENTED_EDGE('',*,*,#2542,.F.);
#3488=ORIENTED_EDGE('',*,*,#2543,.F.);
#3489=ORIENTED_EDGE('',*,*,#2498,.F.);
#3490=ORIENTED_EDGE('',*,*,#2544,.F.);
#3491=ORIENTED_EDGE('',*,*,#2545,.F.);
#3492=ORIENTED_EDGE('',*,*,#2546,.F.);
#3493=ORIENTED_EDGE('',*,*,#2547,.T.);
#3494=ORIENTED_EDGE('',*,*,#2548,.F.);
#3495=ORIENTED_EDGE('',*,*,#2549,.T.);
#3496=ORIENTED_EDGE('',*,*,#2550,.F.);
#3497=ORIENTED_EDGE('',*,*,#2547,.F.);
#3498=ORIENTED_EDGE('',*,*,#2551,.F.);
#3499=ORIENTED_EDGE('',*,*,#2552,.T.);
#3500=ORIENTED_EDGE('',*,*,#2553,.F.);
#3501=ORIENTED_EDGE('',*,*,#2554,.F.);
#3502=ORIENTED_EDGE('',*,*,#2555,.F.);
#3503=ORIENTED_EDGE('',*,*,#2556,.F.);
#3504=ORIENTED_EDGE('',*,*,#2557,.F.);
#3505=ORIENTED_EDGE('',*,*,#2558,.T.);
#3506=ORIENTED_EDGE('',*,*,#2559,.F.);
#3507=ORIENTED_EDGE('',*,*,#2560,.F.);
#3508=ORIENTED_EDGE('',*,*,#2561,.F.);
#3509=ORIENTED_EDGE('',*,*,#2552,.F.);
#3510=ORIENTED_EDGE('',*,*,#2562,.F.);
#3511=ORIENTED_EDGE('',*,*,#2563,.T.);
#3512=ORIENTED_EDGE('',*,*,#2564,.F.);
#3513=ORIENTED_EDGE('',*,*,#2558,.F.);
#3514=ORIENTED_EDGE('',*,*,#2565,.F.);
#3515=ORIENTED_EDGE('',*,*,#2566,.T.);
#3516=ORIENTED_EDGE('',*,*,#2567,.F.);
#3517=ORIENTED_EDGE('',*,*,#2568,.F.);
#3518=ORIENTED_EDGE('',*,*,#2569,.F.);
#3519=ORIENTED_EDGE('',*,*,#2570,.F.);
#3520=ORIENTED_EDGE('',*,*,#2571,.F.);
#3521=ORIENTED_EDGE('',*,*,#2566,.F.);
#3522=ORIENTED_EDGE('',*,*,#2572,.F.);
#3523=ORIENTED_EDGE('',*,*,#2573,.F.);
#3524=ORIENTED_EDGE('',*,*,#2574,.T.);
#3525=ORIENTED_EDGE('',*,*,#2512,.T.);
#3526=ORIENTED_EDGE('',*,*,#2575,.F.);
#3527=ORIENTED_EDGE('',*,*,#2557,.T.);
#3528=ORIENTED_EDGE('',*,*,#2576,.T.);
#3529=ORIENTED_EDGE('',*,*,#2577,.F.);
#3530=ORIENTED_EDGE('',*,*,#2578,.T.);
#3531=ORIENTED_EDGE('',*,*,#2526,.T.);
#3532=ORIENTED_EDGE('',*,*,#2579,.F.);
#3533=ORIENTED_EDGE('',*,*,#2571,.T.);
#3534=ORIENTED_EDGE('',*,*,#2580,.T.);
#3535=ORIENTED_EDGE('',*,*,#2581,.F.);
#3536=ORIENTED_EDGE('',*,*,#2582,.T.);
#3537=ORIENTED_EDGE('',*,*,#2529,.T.);
#3538=ORIENTED_EDGE('',*,*,#2583,.F.);
#3539=ORIENTED_EDGE('',*,*,#2561,.T.);
#3540=ORIENTED_EDGE('',*,*,#2584,.T.);
#3541=ORIENTED_EDGE('',*,*,#2585,.F.);
#3542=ORIENTED_EDGE('',*,*,#2586,.T.);
#3543=ORIENTED_EDGE('',*,*,#2515,.T.);
#3544=ORIENTED_EDGE('',*,*,#2587,.F.);
#3545=ORIENTED_EDGE('',*,*,#2546,.T.);
#3546=ORIENTED_EDGE('',*,*,#2588,.T.);
#3547=ORIENTED_EDGE('',*,*,#2589,.F.);
#3548=ORIENTED_EDGE('',*,*,#2542,.T.);
#3549=ORIENTED_EDGE('',*,*,#2590,.F.);
#3550=ORIENTED_EDGE('',*,*,#2533,.T.);
#3551=ORIENTED_EDGE('',*,*,#2591,.F.);
#3552=ORIENTED_EDGE('',*,*,#2536,.T.);
#3553=ORIENTED_EDGE('',*,*,#2592,.F.);
#3554=ORIENTED_EDGE('',*,*,#2539,.T.);
#3555=ORIENTED_EDGE('',*,*,#2510,.T.);
#3556=ORIENTED_EDGE('',*,*,#2593,.T.);
#3557=ORIENTED_EDGE('',*,*,#2506,.T.);
#3558=ORIENTED_EDGE('',*,*,#2514,.T.);
#3559=ORIENTED_EDGE('',*,*,#2594,.T.);
#3560=ORIENTED_EDGE('',*,*,#2520,.T.);
#3561=ORIENTED_EDGE('',*,*,#2528,.T.);
#3562=ORIENTED_EDGE('',*,*,#2595,.T.);
#3563=ORIENTED_EDGE('',*,*,#2530,.T.);
#3564=ORIENTED_EDGE('',*,*,#2524,.T.);
#3565=ORIENTED_EDGE('',*,*,#2596,.T.);
#3566=ORIENTED_EDGE('',*,*,#2518,.T.);
#3567=ORIENTED_EDGE('',*,*,#2590,.T.);
#3568=ORIENTED_EDGE('',*,*,#2544,.T.);
#3569=ORIENTED_EDGE('',*,*,#2497,.F.);
#3570=ORIENTED_EDGE('',*,*,#2534,.T.);
#3571=ORIENTED_EDGE('',*,*,#2499,.F.);
#3572=ORIENTED_EDGE('',*,*,#2543,.T.);
#3573=ORIENTED_EDGE('',*,*,#2589,.T.);
#3574=ORIENTED_EDGE('',*,*,#2541,.T.);
#3575=ORIENTED_EDGE('',*,*,#2501,.F.);
#3576=ORIENTED_EDGE('',*,*,#2540,.T.);
#3577=ORIENTED_EDGE('',*,*,#2592,.T.);
#3578=ORIENTED_EDGE('',*,*,#2538,.T.);
#3579=ORIENTED_EDGE('',*,*,#2503,.F.);
#3580=ORIENTED_EDGE('',*,*,#2537,.T.);
#3581=ORIENTED_EDGE('',*,*,#2591,.T.);
#3582=ORIENTED_EDGE('',*,*,#2535,.T.);
#3583=ORIENTED_EDGE('',*,*,#2555,.T.);
#3584=ORIENTED_EDGE('',*,*,#2597,.T.);
#3585=ORIENTED_EDGE('',*,*,#2548,.T.);
#3586=ORIENTED_EDGE('',*,*,#2550,.T.);
#3587=ORIENTED_EDGE('',*,*,#2598,.T.);
#3588=ORIENTED_EDGE('',*,*,#2559,.T.);
#3589=ORIENTED_EDGE('',*,*,#2564,.T.);
#3590=ORIENTED_EDGE('',*,*,#2599,.T.);
#3591=ORIENTED_EDGE('',*,*,#2572,.T.);
#3592=ORIENTED_EDGE('',*,*,#2569,.T.);
#3593=ORIENTED_EDGE('',*,*,#2600,.T.);
#3594=ORIENTED_EDGE('',*,*,#2562,.T.);
#3595=ORIENTED_EDGE('',*,*,#2583,.T.);
#3596=ORIENTED_EDGE('',*,*,#2522,.T.);
#3597=ORIENTED_EDGE('',*,*,#2585,.T.);
#3598=ORIENTED_EDGE('',*,*,#2553,.T.);
#3599=ORIENTED_EDGE('',*,*,#2579,.T.);
#3600=ORIENTED_EDGE('',*,*,#2532,.T.);
#3601=ORIENTED_EDGE('',*,*,#2581,.T.);
#3602=ORIENTED_EDGE('',*,*,#2567,.T.);
#3603=ORIENTED_EDGE('',*,*,#2575,.T.);
#3604=ORIENTED_EDGE('',*,*,#2517,.T.);
#3605=ORIENTED_EDGE('',*,*,#2577,.T.);
#3606=ORIENTED_EDGE('',*,*,#2565,.T.);
#3607=ORIENTED_EDGE('',*,*,#2587,.T.);
#3608=ORIENTED_EDGE('',*,*,#2508,.T.);
#3609=ORIENTED_EDGE('',*,*,#2573,.T.);
#3610=ORIENTED_EDGE('',*,*,#2551,.T.);
#3611=ORIENTED_EDGE('',*,*,#2580,.F.);
#3612=ORIENTED_EDGE('',*,*,#2570,.T.);
#3613=ORIENTED_EDGE('',*,*,#2599,.F.);
#3614=ORIENTED_EDGE('',*,*,#2563,.F.);
#3615=ORIENTED_EDGE('',*,*,#2584,.F.);
#3616=ORIENTED_EDGE('',*,*,#2560,.T.);
#3617=ORIENTED_EDGE('',*,*,#2600,.F.);
#3618=ORIENTED_EDGE('',*,*,#2568,.T.);
#3619=ORIENTED_EDGE('',*,*,#2576,.F.);
#3620=ORIENTED_EDGE('',*,*,#2556,.T.);
#3621=ORIENTED_EDGE('',*,*,#2598,.F.);
#3622=ORIENTED_EDGE('',*,*,#2549,.F.);
#3623=ORIENTED_EDGE('',*,*,#2588,.F.);
#3624=ORIENTED_EDGE('',*,*,#2545,.T.);
#3625=ORIENTED_EDGE('',*,*,#2597,.F.);
#3626=ORIENTED_EDGE('',*,*,#2554,.T.);
#3627=ORIENTED_EDGE('',*,*,#2595,.F.);
#3628=ORIENTED_EDGE('',*,*,#2527,.T.);
#3629=ORIENTED_EDGE('',*,*,#2582,.F.);
#3630=ORIENTED_EDGE('',*,*,#2531,.T.);
#3631=ORIENTED_EDGE('',*,*,#2596,.F.);
#3632=ORIENTED_EDGE('',*,*,#2523,.T.);
#3633=ORIENTED_EDGE('',*,*,#2578,.F.);
#3634=ORIENTED_EDGE('',*,*,#2516,.F.);
#3635=ORIENTED_EDGE('',*,*,#2594,.F.);
#3636=ORIENTED_EDGE('',*,*,#2513,.T.);
#3637=ORIENTED_EDGE('',*,*,#2586,.F.);
#3638=ORIENTED_EDGE('',*,*,#2521,.T.);
#3639=ORIENTED_EDGE('',*,*,#2593,.F.);
#3640=ORIENTED_EDGE('',*,*,#2509,.T.);
#3641=ORIENTED_EDGE('',*,*,#2574,.F.);
#3642=ORIENTED_EDGE('',*,*,#2507,.F.);
#3643=ORIENTED_EDGE('',*,*,#2601,.T.);
#3644=ORIENTED_EDGE('',*,*,#2602,.T.);
#3645=ORIENTED_EDGE('',*,*,#2603,.F.);
#3646=ORIENTED_EDGE('',*,*,#2604,.T.);
#3647=ORIENTED_EDGE('',*,*,#2605,.T.);
#3648=ORIENTED_EDGE('',*,*,#2606,.T.);
#3649=ORIENTED_EDGE('',*,*,#2607,.T.);
#3650=ORIENTED_EDGE('',*,*,#2608,.T.);
#3651=ORIENTED_EDGE('',*,*,#2609,.F.);
#3652=ORIENTED_EDGE('',*,*,#2610,.T.);
#3653=ORIENTED_EDGE('',*,*,#2611,.F.);
#3654=ORIENTED_EDGE('',*,*,#2612,.F.);
#3655=ORIENTED_EDGE('',*,*,#2608,.F.);
#3656=ORIENTED_EDGE('',*,*,#2613,.F.);
#3657=ORIENTED_EDGE('',*,*,#2614,.F.);
#3658=ORIENTED_EDGE('',*,*,#2615,.F.);
#3659=ORIENTED_EDGE('',*,*,#2604,.F.);
#3660=ORIENTED_EDGE('',*,*,#2616,.F.);
#3661=ORIENTED_EDGE('',*,*,#2617,.F.);
#3662=ORIENTED_EDGE('',*,*,#2618,.F.);
#3663=ORIENTED_EDGE('',*,*,#2606,.F.);
#3664=ORIENTED_EDGE('',*,*,#2619,.F.);
#3665=ORIENTED_EDGE('',*,*,#2620,.T.);
#3666=ORIENTED_EDGE('',*,*,#2613,.T.);
#3667=ORIENTED_EDGE('',*,*,#2607,.F.);
#3668=ORIENTED_EDGE('',*,*,#2618,.T.);
#3669=ORIENTED_EDGE('',*,*,#2605,.F.);
#3670=ORIENTED_EDGE('',*,*,#2615,.T.);
#3671=ORIENTED_EDGE('',*,*,#2621,.T.);
#3672=ORIENTED_EDGE('',*,*,#2619,.T.);
#3673=ORIENTED_EDGE('',*,*,#2603,.T.);
#3674=ORIENTED_EDGE('',*,*,#2622,.T.);
#3675=ORIENTED_EDGE('',*,*,#2623,.F.);
#3676=ORIENTED_EDGE('',*,*,#2616,.T.);
#3677=ORIENTED_EDGE('',*,*,#2624,.F.);
#3678=ORIENTED_EDGE('',*,*,#2625,.T.);
#3679=ORIENTED_EDGE('',*,*,#2609,.T.);
#3680=ORIENTED_EDGE('',*,*,#2612,.T.);
#3681=ORIENTED_EDGE('',*,*,#2626,.T.);
#3682=ORIENTED_EDGE('',*,*,#2627,.T.);
#3683=ORIENTED_EDGE('',*,*,#2601,.F.);
#3684=ORIENTED_EDGE('',*,*,#2628,.T.);
#3685=ORIENTED_EDGE('',*,*,#2602,.F.);
#3686=ORIENTED_EDGE('',*,*,#2627,.F.);
#3687=ORIENTED_EDGE('',*,*,#2629,.F.);
#3688=ORIENTED_EDGE('',*,*,#2622,.F.);
#3689=ORIENTED_EDGE('',*,*,#2610,.F.);
#3690=ORIENTED_EDGE('',*,*,#2625,.F.);
#3691=ORIENTED_EDGE('',*,*,#2630,.F.);
#3692=ORIENTED_EDGE('',*,*,#2628,.F.);
#3693=ORIENTED_EDGE('',*,*,#2631,.T.);
#3694=ORIENTED_EDGE('',*,*,#2632,.T.);
#3695=ORIENTED_EDGE('',*,*,#2633,.F.);
#3696=ORIENTED_EDGE('',*,*,#2634,.T.);
#3697=ORIENTED_EDGE('',*,*,#2635,.F.);
#3698=ORIENTED_EDGE('',*,*,#2636,.T.);
#3699=ORIENTED_EDGE('',*,*,#2637,.F.);
#3700=ORIENTED_EDGE('',*,*,#2638,.T.);
#3701=ORIENTED_EDGE('',*,*,#2639,.F.);
#3702=ORIENTED_EDGE('',*,*,#2640,.T.);
#3703=ORIENTED_EDGE('',*,*,#2631,.F.);
#3704=ORIENTED_EDGE('',*,*,#2641,.T.);
#3705=ORIENTED_EDGE('',*,*,#2642,.F.);
#3706=ORIENTED_EDGE('',*,*,#2643,.T.);
#3707=ORIENTED_EDGE('',*,*,#2614,.T.);
#3708=ORIENTED_EDGE('',*,*,#2623,.T.);
#3709=ORIENTED_EDGE('',*,*,#2629,.T.);
#3710=ORIENTED_EDGE('',*,*,#2626,.F.);
#3711=ORIENTED_EDGE('',*,*,#2630,.T.);
#3712=ORIENTED_EDGE('',*,*,#2624,.T.);
#3713=ORIENTED_EDGE('',*,*,#2611,.T.);
#3714=ORIENTED_EDGE('',*,*,#2620,.F.);
#3715=ORIENTED_EDGE('',*,*,#2617,.T.);
#3716=ORIENTED_EDGE('',*,*,#2621,.F.);
#3717=ORIENTED_EDGE('',*,*,#2644,.F.);
#3718=ORIENTED_EDGE('',*,*,#2645,.T.);
#3719=ORIENTED_EDGE('',*,*,#2642,.T.);
#3720=ORIENTED_EDGE('',*,*,#2646,.T.);
#3721=ORIENTED_EDGE('',*,*,#2647,.F.);
#3722=ORIENTED_EDGE('',*,*,#2646,.F.);
#3723=ORIENTED_EDGE('',*,*,#2641,.F.);
#3724=ORIENTED_EDGE('',*,*,#2634,.F.);
#3725=ORIENTED_EDGE('',*,*,#2637,.T.);
#3726=ORIENTED_EDGE('',*,*,#2648,.T.);
#3727=ORIENTED_EDGE('',*,*,#2649,.F.);
#3728=ORIENTED_EDGE('',*,*,#2650,.T.);
#3729=ORIENTED_EDGE('',*,*,#2651,.F.);
#3730=ORIENTED_EDGE('',*,*,#2652,.T.);
#3731=ORIENTED_EDGE('',*,*,#2639,.T.);
#3732=ORIENTED_EDGE('',*,*,#2653,.T.);
#3733=ORIENTED_EDGE('',*,*,#2654,.F.);
#3734=ORIENTED_EDGE('',*,*,#2653,.F.);
#3735=ORIENTED_EDGE('',*,*,#2638,.F.);
#3736=ORIENTED_EDGE('',*,*,#2650,.F.);
#3737=ORIENTED_EDGE('',*,*,#2655,.F.);
#3738=ORIENTED_EDGE('',*,*,#2632,.F.);
#3739=ORIENTED_EDGE('',*,*,#2640,.F.);
#3740=ORIENTED_EDGE('',*,*,#2652,.F.);
#3741=ORIENTED_EDGE('',*,*,#2649,.T.);
#3742=ORIENTED_EDGE('',*,*,#2656,.T.);
#3743=ORIENTED_EDGE('',*,*,#2657,.T.);
#3744=ORIENTED_EDGE('',*,*,#2658,.T.);
#3745=ORIENTED_EDGE('',*,*,#2644,.T.);
#3746=ORIENTED_EDGE('',*,*,#2647,.T.);
#3747=ORIENTED_EDGE('',*,*,#2633,.T.);
#3748=ORIENTED_EDGE('',*,*,#2655,.T.);
#3749=ORIENTED_EDGE('',*,*,#2651,.T.);
#3750=ORIENTED_EDGE('',*,*,#2654,.T.);
#3751=ORIENTED_EDGE('',*,*,#2657,.F.);
#3752=ORIENTED_EDGE('',*,*,#2659,.T.);
#3753=ORIENTED_EDGE('',*,*,#2635,.T.);
#3754=ORIENTED_EDGE('',*,*,#2660,.T.);
#3755=ORIENTED_EDGE('',*,*,#2656,.F.);
#3756=ORIENTED_EDGE('',*,*,#2648,.F.);
#3757=ORIENTED_EDGE('',*,*,#2636,.F.);
#3758=ORIENTED_EDGE('',*,*,#2659,.F.);
#3759=ORIENTED_EDGE('',*,*,#2658,.F.);
#3760=ORIENTED_EDGE('',*,*,#2660,.F.);
#3761=ORIENTED_EDGE('',*,*,#2643,.F.);
#3762=ORIENTED_EDGE('',*,*,#2645,.F.);
#3763=ORIENTED_EDGE('',*,*,#2661,.F.);
#3764=ORIENTED_EDGE('',*,*,#2662,.T.);
#3765=ORIENTED_EDGE('',*,*,#2663,.F.);
#3766=ORIENTED_EDGE('',*,*,#2664,.F.);
#3767=ORIENTED_EDGE('',*,*,#2665,.F.);
#3768=ORIENTED_EDGE('',*,*,#2664,.T.);
#3769=ORIENTED_EDGE('',*,*,#2666,.F.);
#3770=ORIENTED_EDGE('',*,*,#2667,.F.);
#3771=ORIENTED_EDGE('',*,*,#2668,.F.);
#3772=ORIENTED_EDGE('',*,*,#2667,.T.);
#3773=ORIENTED_EDGE('',*,*,#2669,.F.);
#3774=ORIENTED_EDGE('',*,*,#2670,.F.);
#3775=ORIENTED_EDGE('',*,*,#2671,.F.);
#3776=ORIENTED_EDGE('',*,*,#2670,.T.);
#3777=ORIENTED_EDGE('',*,*,#2672,.F.);
#3778=ORIENTED_EDGE('',*,*,#2662,.F.);
#3779=ORIENTED_EDGE('',*,*,#2672,.T.);
#3780=ORIENTED_EDGE('',*,*,#2669,.T.);
#3781=ORIENTED_EDGE('',*,*,#2666,.T.);
#3782=ORIENTED_EDGE('',*,*,#2663,.T.);
#3783=ORIENTED_EDGE('',*,*,#2671,.T.);
#3784=ORIENTED_EDGE('',*,*,#2661,.T.);
#3785=ORIENTED_EDGE('',*,*,#2665,.T.);
#3786=ORIENTED_EDGE('',*,*,#2668,.T.);
#3787=ORIENTED_EDGE('',*,*,#2673,.F.);
#3788=ORIENTED_EDGE('',*,*,#2674,.T.);
#3789=ORIENTED_EDGE('',*,*,#2675,.F.);
#3790=ORIENTED_EDGE('',*,*,#2676,.F.);
#3791=ORIENTED_EDGE('',*,*,#2677,.F.);
#3792=ORIENTED_EDGE('',*,*,#2676,.T.);
#3793=ORIENTED_EDGE('',*,*,#2678,.F.);
#3794=ORIENTED_EDGE('',*,*,#2679,.F.);
#3795=ORIENTED_EDGE('',*,*,#2680,.F.);
#3796=ORIENTED_EDGE('',*,*,#2679,.T.);
#3797=ORIENTED_EDGE('',*,*,#2681,.F.);
#3798=ORIENTED_EDGE('',*,*,#2682,.F.);
#3799=ORIENTED_EDGE('',*,*,#2683,.F.);
#3800=ORIENTED_EDGE('',*,*,#2682,.T.);
#3801=ORIENTED_EDGE('',*,*,#2684,.F.);
#3802=ORIENTED_EDGE('',*,*,#2674,.F.);
#3803=ORIENTED_EDGE('',*,*,#2684,.T.);
#3804=ORIENTED_EDGE('',*,*,#2681,.T.);
#3805=ORIENTED_EDGE('',*,*,#2678,.T.);
#3806=ORIENTED_EDGE('',*,*,#2675,.T.);
#3807=ORIENTED_EDGE('',*,*,#2683,.T.);
#3808=ORIENTED_EDGE('',*,*,#2673,.T.);
#3809=ORIENTED_EDGE('',*,*,#2677,.T.);
#3810=ORIENTED_EDGE('',*,*,#2680,.T.);
#3811=ORIENTED_EDGE('',*,*,#2685,.F.);
#3812=ORIENTED_EDGE('',*,*,#2686,.T.);
#3813=ORIENTED_EDGE('',*,*,#2687,.F.);
#3814=ORIENTED_EDGE('',*,*,#2688,.F.);
#3815=ORIENTED_EDGE('',*,*,#2689,.F.);
#3816=ORIENTED_EDGE('',*,*,#2688,.T.);
#3817=ORIENTED_EDGE('',*,*,#2690,.F.);
#3818=ORIENTED_EDGE('',*,*,#2691,.F.);
#3819=ORIENTED_EDGE('',*,*,#2692,.F.);
#3820=ORIENTED_EDGE('',*,*,#2691,.T.);
#3821=ORIENTED_EDGE('',*,*,#2693,.F.);
#3822=ORIENTED_EDGE('',*,*,#2694,.F.);
#3823=ORIENTED_EDGE('',*,*,#2695,.T.);
#3824=ORIENTED_EDGE('',*,*,#2694,.T.);
#3825=ORIENTED_EDGE('',*,*,#2696,.F.);
#3826=ORIENTED_EDGE('',*,*,#2686,.F.);
#3827=ORIENTED_EDGE('',*,*,#2696,.T.);
#3828=ORIENTED_EDGE('',*,*,#2693,.T.);
#3829=ORIENTED_EDGE('',*,*,#2690,.T.);
#3830=ORIENTED_EDGE('',*,*,#2687,.T.);
#3831=ORIENTED_EDGE('',*,*,#2695,.F.);
#3832=ORIENTED_EDGE('',*,*,#2685,.T.);
#3833=ORIENTED_EDGE('',*,*,#2689,.T.);
#3834=ORIENTED_EDGE('',*,*,#2692,.T.);
#3835=ORIENTED_EDGE('',*,*,#2697,.F.);
#3836=ORIENTED_EDGE('',*,*,#2698,.T.);
#3837=ORIENTED_EDGE('',*,*,#2699,.F.);
#3838=ORIENTED_EDGE('',*,*,#2700,.F.);
#3839=ORIENTED_EDGE('',*,*,#2701,.F.);
#3840=ORIENTED_EDGE('',*,*,#2700,.T.);
#3841=ORIENTED_EDGE('',*,*,#2702,.F.);
#3842=ORIENTED_EDGE('',*,*,#2703,.F.);
#3843=ORIENTED_EDGE('',*,*,#2704,.F.);
#3844=ORIENTED_EDGE('',*,*,#2703,.T.);
#3845=ORIENTED_EDGE('',*,*,#2705,.F.);
#3846=ORIENTED_EDGE('',*,*,#2706,.F.);
#3847=ORIENTED_EDGE('',*,*,#2707,.F.);
#3848=ORIENTED_EDGE('',*,*,#2706,.T.);
#3849=ORIENTED_EDGE('',*,*,#2708,.F.);
#3850=ORIENTED_EDGE('',*,*,#2698,.F.);
#3851=ORIENTED_EDGE('',*,*,#2708,.T.);
#3852=ORIENTED_EDGE('',*,*,#2705,.T.);
#3853=ORIENTED_EDGE('',*,*,#2702,.T.);
#3854=ORIENTED_EDGE('',*,*,#2699,.T.);
#3855=ORIENTED_EDGE('',*,*,#2707,.T.);
#3856=ORIENTED_EDGE('',*,*,#2697,.T.);
#3857=ORIENTED_EDGE('',*,*,#2701,.T.);
#3858=ORIENTED_EDGE('',*,*,#2704,.T.);
#3859=ORIENTED_EDGE('',*,*,#2709,.F.);
#3860=ORIENTED_EDGE('',*,*,#2710,.T.);
#3861=ORIENTED_EDGE('',*,*,#2711,.F.);
#3862=ORIENTED_EDGE('',*,*,#2712,.F.);
#3863=ORIENTED_EDGE('',*,*,#2713,.F.);
#3864=ORIENTED_EDGE('',*,*,#2712,.T.);
#3865=ORIENTED_EDGE('',*,*,#2714,.F.);
#3866=ORIENTED_EDGE('',*,*,#2715,.F.);
#3867=ORIENTED_EDGE('',*,*,#2716,.F.);
#3868=ORIENTED_EDGE('',*,*,#2715,.T.);
#3869=ORIENTED_EDGE('',*,*,#2717,.F.);
#3870=ORIENTED_EDGE('',*,*,#2718,.F.);
#3871=ORIENTED_EDGE('',*,*,#2719,.F.);
#3872=ORIENTED_EDGE('',*,*,#2718,.T.);
#3873=ORIENTED_EDGE('',*,*,#2720,.F.);
#3874=ORIENTED_EDGE('',*,*,#2710,.F.);
#3875=ORIENTED_EDGE('',*,*,#2720,.T.);
#3876=ORIENTED_EDGE('',*,*,#2717,.T.);
#3877=ORIENTED_EDGE('',*,*,#2714,.T.);
#3878=ORIENTED_EDGE('',*,*,#2711,.T.);
#3879=ORIENTED_EDGE('',*,*,#2719,.T.);
#3880=ORIENTED_EDGE('',*,*,#2709,.T.);
#3881=ORIENTED_EDGE('',*,*,#2713,.T.);
#3882=ORIENTED_EDGE('',*,*,#2716,.T.);
#3883=ORIENTED_EDGE('',*,*,#2721,.F.);
#3884=ORIENTED_EDGE('',*,*,#2722,.T.);
#3885=ORIENTED_EDGE('',*,*,#2723,.F.);
#3886=ORIENTED_EDGE('',*,*,#2724,.F.);
#3887=ORIENTED_EDGE('',*,*,#2725,.F.);
#3888=ORIENTED_EDGE('',*,*,#2724,.T.);
#3889=ORIENTED_EDGE('',*,*,#2726,.F.);
#3890=ORIENTED_EDGE('',*,*,#2727,.F.);
#3891=ORIENTED_EDGE('',*,*,#2728,.F.);
#3892=ORIENTED_EDGE('',*,*,#2727,.T.);
#3893=ORIENTED_EDGE('',*,*,#2729,.F.);
#3894=ORIENTED_EDGE('',*,*,#2730,.F.);
#3895=ORIENTED_EDGE('',*,*,#2731,.F.);
#3896=ORIENTED_EDGE('',*,*,#2730,.T.);
#3897=ORIENTED_EDGE('',*,*,#2732,.F.);
#3898=ORIENTED_EDGE('',*,*,#2722,.F.);
#3899=ORIENTED_EDGE('',*,*,#2732,.T.);
#3900=ORIENTED_EDGE('',*,*,#2729,.T.);
#3901=ORIENTED_EDGE('',*,*,#2726,.T.);
#3902=ORIENTED_EDGE('',*,*,#2723,.T.);
#3903=ORIENTED_EDGE('',*,*,#2731,.T.);
#3904=ORIENTED_EDGE('',*,*,#2721,.T.);
#3905=ORIENTED_EDGE('',*,*,#2725,.T.);
#3906=ORIENTED_EDGE('',*,*,#2728,.T.);
#3907=PLANE('',#4430);
#3908=PLANE('',#4431);
#3909=PLANE('',#4432);
#3910=PLANE('',#4433);
#3911=PLANE('',#4434);
#3912=PLANE('',#4435);
#3913=PLANE('',#4436);
#3914=PLANE('',#4437);
#3915=PLANE('',#4438);
#3916=PLANE('',#4439);
#3917=PLANE('',#4440);
#3918=PLANE('',#4441);
#3919=PLANE('',#4442);
#3920=PLANE('',#4443);
#3921=PLANE('',#4444);
#3922=PLANE('',#4445);
#3923=PLANE('',#4446);
#3924=PLANE('',#4447);
#3925=PLANE('',#4448);
#3926=PLANE('',#4449);
#3927=PLANE('',#4450);
#3928=PLANE('',#4451);
#3929=PLANE('',#4452);
#3930=PLANE('',#4453);
#3931=PLANE('',#4456);
#3932=PLANE('',#4457);
#3933=PLANE('',#4458);
#3934=PLANE('',#4459);
#3935=PLANE('',#4460);
#3936=PLANE('',#4461);
#3937=PLANE('',#4462);
#3938=PLANE('',#4463);
#3939=PLANE('',#4464);
#3940=PLANE('',#4465);
#3941=PLANE('',#4466);
#3942=PLANE('',#4467);
#3943=PLANE('',#4468);
#3944=PLANE('',#4469);
#3945=PLANE('',#4470);
#3946=PLANE('',#4471);
#3947=PLANE('',#4472);
#3948=PLANE('',#4473);
#3949=PLANE('',#4474);
#3950=PLANE('',#4475);
#3951=PLANE('',#4476);
#3952=PLANE('',#4477);
#3953=PLANE('',#4478);
#3954=PLANE('',#4479);
#3955=PLANE('',#4480);
#3956=PLANE('',#4481);
#3957=PLANE('',#4482);
#3958=PLANE('',#4483);
#3959=PLANE('',#4484);
#3960=PLANE('',#4485);
#3961=PLANE('',#4486);
#3962=PLANE('',#4487);
#3963=PLANE('',#4488);
#3964=PLANE('',#4489);
#3965=PLANE('',#4490);
#3966=PLANE('',#4491);
#3967=PLANE('',#4492);
#3968=PLANE('',#4493);
#3969=PLANE('',#4494);
#3970=PLANE('',#4495);
#3971=PLANE('',#4496);
#3972=PLANE('',#4497);
#3973=PLANE('',#4498);
#3974=PLANE('',#4499);
#3975=PLANE('',#4500);
#3976=PLANE('',#4501);
#3977=PLANE('',#4502);
#3978=PLANE('',#4503);
#3979=PLANE('',#4504);
#3980=PLANE('',#4505);
#3981=PLANE('',#4506);
#3982=PLANE('',#4507);
#3983=PLANE('',#4508);
#3984=PLANE('',#4509);
#3985=PLANE('',#4510);
#3986=PLANE('',#4511);
#3987=PLANE('',#4512);
#3988=PLANE('',#4513);
#3989=PLANE('',#4514);
#3990=PLANE('',#4515);
#3991=PLANE('',#4516);
#3992=PLANE('',#4517);
#3993=PLANE('',#4518);
#3994=PLANE('',#4519);
#3995=PLANE('',#4520);
#3996=PLANE('',#4521);
#3997=PLANE('',#4522);
#3998=PLANE('',#4523);
#3999=PLANE('',#4524);
#4000=PLANE('',#4525);
#4001=PLANE('',#4526);
#4002=PLANE('',#4527);
#4003=PLANE('',#4528);
#4004=PLANE('',#4529);
#4005=PLANE('',#4530);
#4006=PLANE('',#4531);
#4007=PLANE('',#4532);
#4008=PLANE('',#4533);
#4009=PLANE('',#4534);
#4010=PLANE('',#4535);
#4011=PLANE('',#4536);
#4012=PLANE('',#4537);
#4013=PLANE('',#4538);
#4014=PLANE('',#4539);
#4015=PLANE('',#4540);
#4016=PLANE('',#4541);
#4017=PLANE('',#4542);
#4018=PLANE('',#4543);
#4019=PLANE('',#4544);
#4020=PLANE('',#4545);
#4021=PLANE('',#4546);
#4022=PLANE('',#4547);
#4023=PLANE('',#4548);
#4024=PLANE('',#4549);
#4025=PLANE('',#4550);
#4026=PLANE('',#4552);
#4027=PLANE('',#4553);
#4028=PLANE('',#4554);
#4029=PLANE('',#4555);
#4030=PLANE('',#4556);
#4031=PLANE('',#4557);
#4032=PLANE('',#4558);
#4033=PLANE('',#4559);
#4034=PLANE('',#4560);
#4035=PLANE('',#4561);
#4036=PLANE('',#4562);
#4037=PLANE('',#4563);
#4038=PLANE('',#4564);
#4039=PLANE('',#4565);
#4040=PLANE('',#4566);
#4041=PLANE('',#4567);
#4042=PLANE('',#4568);
#4043=PLANE('',#4569);
#4044=PLANE('',#4570);
#4045=PLANE('',#4571);
#4046=PLANE('',#4572);
#4047=PLANE('',#4573);
#4048=PLANE('',#4574);
#4049=PLANE('',#4575);
#4050=PLANE('',#4576);
#4051=PLANE('',#4577);
#4052=PLANE('',#4578);
#4053=PLANE('',#4579);
#4054=PLANE('',#4580);
#4055=PLANE('',#4581);
#4056=PLANE('',#4584);
#4057=PLANE('',#4586);
#4058=PLANE('',#4651);
#4059=PLANE('',#4656);
#4060=PLANE('',#4657);
#4061=PLANE('',#4658);
#4062=PLANE('',#4659);
#4063=PLANE('',#4660);
#4064=PLANE('',#4665);
#4065=PLANE('',#4666);
#4066=PLANE('',#4667);
#4067=PLANE('',#4668);
#4068=PLANE('',#4670);
#4069=PLANE('',#4682);
#4070=PLANE('',#4683);
#4071=PLANE('',#4684);
#4072=PLANE('',#4685);
#4073=PLANE('',#4686);
#4074=PLANE('',#4691);
#4075=PLANE('',#4692);
#4076=PLANE('',#4698);
#4077=PLANE('',#4701);
#4078=PLANE('',#4702);
#4079=PLANE('',#4707);
#4080=PLANE('',#4710);
#4081=PLANE('',#4716);
#4082=PLANE('',#4717);
#4083=PLANE('',#4718);
#4084=PLANE('',#4719);
#4085=PLANE('',#4720);
#4086=PLANE('',#4721);
#4087=PLANE('',#4722);
#4088=PLANE('',#4723);
#4089=PLANE('',#4724);
#4090=PLANE('',#4725);
#4091=PLANE('',#4726);
#4092=PLANE('',#4727);
#4093=PLANE('',#4728);
#4094=PLANE('',#4729);
#4095=PLANE('',#4730);
#4096=PLANE('',#4731);
#4097=PLANE('',#4732);
#4098=PLANE('',#4733);
#4099=PLANE('',#4734);
#4100=PLANE('',#4735);
#4101=PLANE('',#4736);
#4102=PLANE('',#4737);
#4103=PLANE('',#4738);
#4104=PLANE('',#4739);
#4105=PLANE('',#4740);
#4106=PLANE('',#4741);
#4107=PLANE('',#4742);
#4108=PLANE('',#4743);
#4109=PLANE('',#4744);
#4110=PLANE('',#4745);
#4111=PLANE('',#4746);
#4112=PLANE('',#4747);
#4113=PLANE('',#4748);
#4114=PLANE('',#4749);
#4115=PLANE('',#4750);
#4116=PLANE('',#4751);
#4117=ADVANCED_FACE('',(#224),#3907,.T.);
#4118=ADVANCED_FACE('',(#225),#3908,.T.);
#4119=ADVANCED_FACE('',(#226),#3909,.T.);
#4120=ADVANCED_FACE('',(#227),#3910,.T.);
#4121=ADVANCED_FACE('',(#228),#3911,.T.);
#4122=ADVANCED_FACE('',(#229),#3912,.F.);
#4123=ADVANCED_FACE('',(#230),#3913,.T.);
#4124=ADVANCED_FACE('',(#231),#3914,.T.);
#4125=ADVANCED_FACE('',(#232),#3915,.T.);
#4126=ADVANCED_FACE('',(#233),#3916,.T.);
#4127=ADVANCED_FACE('',(#234),#3917,.T.);
#4128=ADVANCED_FACE('',(#235),#3918,.F.);
#4129=ADVANCED_FACE('',(#236),#3919,.T.);
#4130=ADVANCED_FACE('',(#237),#3920,.T.);
#4131=ADVANCED_FACE('',(#238),#3921,.T.);
#4132=ADVANCED_FACE('',(#239),#3922,.T.);
#4133=ADVANCED_FACE('',(#240),#3923,.T.);
#4134=ADVANCED_FACE('',(#241),#3924,.F.);
#4135=ADVANCED_FACE('',(#242),#3925,.T.);
#4136=ADVANCED_FACE('',(#243),#3926,.T.);
#4137=ADVANCED_FACE('',(#244),#3927,.T.);
#4138=ADVANCED_FACE('',(#245),#3928,.T.);
#4139=ADVANCED_FACE('',(#246),#3929,.T.);
#4140=ADVANCED_FACE('',(#247),#3930,.F.);
#4141=ADVANCED_FACE('',(#248),#3931,.F.);
#4142=ADVANCED_FACE('',(#249),#3932,.T.);
#4143=ADVANCED_FACE('',(#250),#3933,.T.);
#4144=ADVANCED_FACE('',(#251),#3934,.T.);
#4145=ADVANCED_FACE('',(#252),#3935,.T.);
#4146=ADVANCED_FACE('',(#253),#3936,.F.);
#4147=ADVANCED_FACE('',(#254),#3937,.T.);
#4148=ADVANCED_FACE('',(#255),#3938,.T.);
#4149=ADVANCED_FACE('',(#256),#3939,.T.);
#4150=ADVANCED_FACE('',(#257),#3940,.T.);
#4151=ADVANCED_FACE('',(#258),#3941,.F.);
#4152=ADVANCED_FACE('',(#259),#3942,.T.);
#4153=ADVANCED_FACE('',(#260),#3943,.T.);
#4154=ADVANCED_FACE('',(#261),#3944,.T.);
#4155=ADVANCED_FACE('',(#262),#3945,.T.);
#4156=ADVANCED_FACE('',(#263),#3946,.F.);
#4157=ADVANCED_FACE('',(#264),#3947,.T.);
#4158=ADVANCED_FACE('',(#265),#3948,.T.);
#4159=ADVANCED_FACE('',(#266),#3949,.T.);
#4160=ADVANCED_FACE('',(#267),#3950,.T.);
#4161=ADVANCED_FACE('',(#268),#3951,.F.);
#4162=ADVANCED_FACE('',(#269),#3952,.T.);
#4163=ADVANCED_FACE('',(#270),#3953,.T.);
#4164=ADVANCED_FACE('',(#271),#3954,.T.);
#4165=ADVANCED_FACE('',(#272),#3955,.T.);
#4166=ADVANCED_FACE('',(#273),#3956,.T.);
#4167=ADVANCED_FACE('',(#274),#3957,.T.);
#4168=ADVANCED_FACE('',(#275),#3958,.T.);
#4169=ADVANCED_FACE('',(#276),#3959,.T.);
#4170=ADVANCED_FACE('',(#277),#3960,.F.);
#4171=ADVANCED_FACE('',(#278),#3961,.T.);
#4172=ADVANCED_FACE('',(#279),#3962,.T.);
#4173=ADVANCED_FACE('',(#280),#3963,.T.);
#4174=ADVANCED_FACE('',(#281),#3964,.T.);
#4175=ADVANCED_FACE('',(#282),#3965,.F.);
#4176=ADVANCED_FACE('',(#283),#3966,.T.);
#4177=ADVANCED_FACE('',(#284),#3967,.T.);
#4178=ADVANCED_FACE('',(#285),#3968,.T.);
#4179=ADVANCED_FACE('',(#286),#3969,.T.);
#4180=ADVANCED_FACE('',(#287),#3970,.F.);
#4181=ADVANCED_FACE('',(#288),#3971,.T.);
#4182=ADVANCED_FACE('',(#289),#3972,.T.);
#4183=ADVANCED_FACE('',(#290),#3973,.T.);
#4184=ADVANCED_FACE('',(#291),#3974,.T.);
#4185=ADVANCED_FACE('',(#292),#3975,.F.);
#4186=ADVANCED_FACE('',(#293),#3976,.T.);
#4187=ADVANCED_FACE('',(#294),#3977,.T.);
#4188=ADVANCED_FACE('',(#295),#3978,.T.);
#4189=ADVANCED_FACE('',(#296),#3979,.T.);
#4190=ADVANCED_FACE('',(#297),#3980,.T.);
#4191=ADVANCED_FACE('',(#298),#3981,.F.);
#4192=ADVANCED_FACE('',(#299),#3982,.F.);
#4193=ADVANCED_FACE('',(#300),#3983,.F.);
#4194=ADVANCED_FACE('',(#301),#3984,.F.);
#4195=ADVANCED_FACE('',(#302),#3985,.T.);
#4196=ADVANCED_FACE('',(#303),#3986,.F.);
#4197=ADVANCED_FACE('',(#304),#3987,.F.);
#4198=ADVANCED_FACE('',(#305),#3988,.F.);
#4199=ADVANCED_FACE('',(#306),#3989,.F.);
#4200=ADVANCED_FACE('',(#307),#3990,.F.);
#4201=ADVANCED_FACE('',(#308),#3991,.T.);
#4202=ADVANCED_FACE('',(#309),#3992,.T.);
#4203=ADVANCED_FACE('',(#310),#3993,.T.);
#4204=ADVANCED_FACE('',(#311),#3994,.T.);
#4205=ADVANCED_FACE('',(#312),#3995,.F.);
#4206=ADVANCED_FACE('',(#313),#3996,.T.);
#4207=ADVANCED_FACE('',(#314),#3997,.T.);
#4208=ADVANCED_FACE('',(#315),#3998,.T.);
#4209=ADVANCED_FACE('',(#316),#3999,.T.);
#4210=ADVANCED_FACE('',(#317),#4000,.F.);
#4211=ADVANCED_FACE('',(#318),#4001,.T.);
#4212=ADVANCED_FACE('',(#319),#4002,.T.);
#4213=ADVANCED_FACE('',(#320),#4003,.T.);
#4214=ADVANCED_FACE('',(#321),#4004,.T.);
#4215=ADVANCED_FACE('',(#322),#4005,.F.);
#4216=ADVANCED_FACE('',(#323),#4006,.T.);
#4217=ADVANCED_FACE('',(#324),#4007,.T.);
#4218=ADVANCED_FACE('',(#325),#4008,.T.);
#4219=ADVANCED_FACE('',(#326),#4009,.T.);
#4220=ADVANCED_FACE('',(#327),#4010,.F.);
#4221=ADVANCED_FACE('',(#328),#4011,.T.);
#4222=ADVANCED_FACE('',(#329),#4012,.T.);
#4223=ADVANCED_FACE('',(#330),#4013,.T.);
#4224=ADVANCED_FACE('',(#331),#4014,.T.);
#4225=ADVANCED_FACE('',(#332),#4015,.F.);
#4226=ADVANCED_FACE('',(#333),#4016,.T.);
#4227=ADVANCED_FACE('',(#334),#4017,.T.);
#4228=ADVANCED_FACE('',(#335),#4018,.T.);
#4229=ADVANCED_FACE('',(#336),#4019,.T.);
#4230=ADVANCED_FACE('',(#337),#4020,.T.);
#4231=ADVANCED_FACE('',(#338),#4021,.F.);
#4232=ADVANCED_FACE('',(#339),#4022,.F.);
#4233=ADVANCED_FACE('',(#340),#4023,.F.);
#4234=ADVANCED_FACE('',(#341),#4024,.F.);
#4235=ADVANCED_FACE('',(#342,#160,#161,#162,#163,#164,#165,#166,#167,#168,
#169,#170,#171,#172,#173,#174,#175,#176,#177,#178,#179,#180,#181,#182,#183,
#184),#4025,.F.);
#4236=ADVANCED_FACE('',(#343),#4026,.T.);
#4237=ADVANCED_FACE('',(#344),#4027,.F.);
#4238=ADVANCED_FACE('',(#345),#4028,.F.);
#4239=ADVANCED_FACE('',(#346),#4029,.F.);
#4240=ADVANCED_FACE('',(#347),#4030,.F.);
#4241=ADVANCED_FACE('',(#348),#4031,.F.);
#4242=ADVANCED_FACE('',(#349),#4032,.T.);
#4243=ADVANCED_FACE('',(#350),#4033,.T.);
#4244=ADVANCED_FACE('',(#351),#4034,.T.);
#4245=ADVANCED_FACE('',(#352),#4035,.T.);
#4246=ADVANCED_FACE('',(#353),#4036,.F.);
#4247=ADVANCED_FACE('',(#354),#4037,.T.);
#4248=ADVANCED_FACE('',(#355),#4038,.T.);
#4249=ADVANCED_FACE('',(#356),#4039,.T.);
#4250=ADVANCED_FACE('',(#357),#4040,.T.);
#4251=ADVANCED_FACE('',(#358),#4041,.F.);
#4252=ADVANCED_FACE('',(#359),#4042,.T.);
#4253=ADVANCED_FACE('',(#360),#4043,.T.);
#4254=ADVANCED_FACE('',(#361),#4044,.T.);
#4255=ADVANCED_FACE('',(#362),#4045,.T.);
#4256=ADVANCED_FACE('',(#363),#4046,.F.);
#4257=ADVANCED_FACE('',(#364),#4047,.T.);
#4258=ADVANCED_FACE('',(#365),#4048,.T.);
#4259=ADVANCED_FACE('',(#366),#4049,.T.);
#4260=ADVANCED_FACE('',(#367),#4050,.T.);
#4261=ADVANCED_FACE('',(#368),#4051,.F.);
#4262=ADVANCED_FACE('',(#369),#4052,.T.);
#4263=ADVANCED_FACE('',(#370),#4053,.T.);
#4264=ADVANCED_FACE('',(#371),#4054,.T.);
#4265=ADVANCED_FACE('',(#372),#4055,.T.);
#4266=ADVANCED_FACE('',(#373),#79,.F.);
#4267=ADVANCED_FACE('',(#374,#185),#4056,.T.);
#4268=ADVANCED_FACE('',(#375),#4057,.F.);
#4269=ADVANCED_FACE('',(#376),#80,.F.);
#4270=ADVANCED_FACE('',(#377),#63,.F.);
#4271=ADVANCED_FACE('',(#378),#64,.F.);
#4272=ADVANCED_FACE('',(#379),#81,.F.);
#4273=ADVANCED_FACE('',(#380),#82,.F.);
#4274=ADVANCED_FACE('',(#381),#65,.F.);
#4275=ADVANCED_FACE('',(#382),#66,.F.);
#4276=ADVANCED_FACE('',(#383),#83,.F.);
#4277=ADVANCED_FACE('',(#384),#84,.T.);
#4278=ADVANCED_FACE('',(#385),#85,.T.);
#4279=ADVANCED_FACE('',(#386),#86,.T.);
#4280=ADVANCED_FACE('',(#387),#87,.T.);
#4281=ADVANCED_FACE('',(#388),#67,.T.);
#4282=ADVANCED_FACE('',(#389),#88,.T.);
#4283=ADVANCED_FACE('',(#390),#89,.T.);
#4284=ADVANCED_FACE('',(#391),#68,.T.);
#4285=ADVANCED_FACE('',(#392),#69,.T.);
#4286=ADVANCED_FACE('',(#393),#90,.T.);
#4287=ADVANCED_FACE('',(#394),#91,.T.);
#4288=ADVANCED_FACE('',(#395),#70,.T.);
#4289=ADVANCED_FACE('',(#396),#92,.T.);
#4290=ADVANCED_FACE('',(#397),#93,.T.);
#4291=ADVANCED_FACE('',(#398),#94,.T.);
#4292=ADVANCED_FACE('',(#399),#95,.T.);
#4293=ADVANCED_FACE('',(#400,#186),#4058,.F.);
#4294=ADVANCED_FACE('',(#401),#4059,.T.);
#4295=ADVANCED_FACE('',(#402),#4060,.T.);
#4296=ADVANCED_FACE('',(#403),#4061,.T.);
#4297=ADVANCED_FACE('',(#404),#4062,.T.);
#4298=ADVANCED_FACE('',(#405),#4063,.T.);
#4299=ADVANCED_FACE('',(#406),#4064,.F.);
#4300=ADVANCED_FACE('',(#407),#4065,.F.);
#4301=ADVANCED_FACE('',(#408),#4066,.F.);
#4302=ADVANCED_FACE('',(#409),#4067,.F.);
#4303=ADVANCED_FACE('',(#410),#71,.T.);
#4304=ADVANCED_FACE('',(#411),#72,.T.);
#4305=ADVANCED_FACE('',(#412),#73,.T.);
#4306=ADVANCED_FACE('',(#413),#74,.T.);
#4307=ADVANCED_FACE('',(#414),#75,.F.);
#4308=ADVANCED_FACE('',(#415),#76,.F.);
#4309=ADVANCED_FACE('',(#416),#77,.F.);
#4310=ADVANCED_FACE('',(#417),#78,.F.);
#4311=ADVANCED_FACE('',(#418),#4068,.F.);
#4312=ADVANCED_FACE('',(#419),#96,.T.);
#4313=ADVANCED_FACE('',(#420),#97,.T.);
#4314=ADVANCED_FACE('',(#421),#98,.T.);
#4315=ADVANCED_FACE('',(#422),#4069,.T.);
#4316=ADVANCED_FACE('',(#423),#4070,.T.);
#4317=ADVANCED_FACE('',(#424),#4071,.F.);
#4318=ADVANCED_FACE('',(#425),#4072,.F.);
#4319=ADVANCED_FACE('',(#426),#4073,.F.);
#4320=ADVANCED_FACE('',(#427),#99,.T.);
#4321=ADVANCED_FACE('',(#428),#100,.T.);
#4322=ADVANCED_FACE('',(#429),#4074,.F.);
#4323=ADVANCED_FACE('',(#430,#187),#4075,.F.);
#4324=ADVANCED_FACE('',(#431),#4076,.F.);
#4325=ADVANCED_FACE('',(#432),#101,.T.);
#4326=ADVANCED_FACE('',(#433),#4077,.F.);
#4327=ADVANCED_FACE('',(#434),#4078,.F.);
#4328=ADVANCED_FACE('',(#435),#102,.T.);
#4329=ADVANCED_FACE('',(#436),#103,.T.);
#4330=ADVANCED_FACE('',(#437),#4079,.T.);
#4331=ADVANCED_FACE('',(#438),#4080,.F.);
#4332=ADVANCED_FACE('',(#439),#104,.T.);
#4333=ADVANCED_FACE('',(#440),#105,.T.);
#4334=ADVANCED_FACE('',(#441),#4081,.T.);
#4335=ADVANCED_FACE('',(#442),#4082,.T.);
#4336=ADVANCED_FACE('',(#443),#4083,.T.);
#4337=ADVANCED_FACE('',(#444),#4084,.T.);
#4338=ADVANCED_FACE('',(#445),#4085,.T.);
#4339=ADVANCED_FACE('',(#446),#4086,.F.);
#4340=ADVANCED_FACE('',(#447),#4087,.T.);
#4341=ADVANCED_FACE('',(#448),#4088,.T.);
#4342=ADVANCED_FACE('',(#449),#4089,.T.);
#4343=ADVANCED_FACE('',(#450),#4090,.T.);
#4344=ADVANCED_FACE('',(#451),#4091,.T.);
#4345=ADVANCED_FACE('',(#452),#4092,.F.);
#4346=ADVANCED_FACE('',(#453),#4093,.T.);
#4347=ADVANCED_FACE('',(#454),#4094,.T.);
#4348=ADVANCED_FACE('',(#455),#4095,.T.);
#4349=ADVANCED_FACE('',(#456),#4096,.T.);
#4350=ADVANCED_FACE('',(#457),#4097,.T.);
#4351=ADVANCED_FACE('',(#458),#4098,.F.);
#4352=ADVANCED_FACE('',(#459),#4099,.T.);
#4353=ADVANCED_FACE('',(#460),#4100,.T.);
#4354=ADVANCED_FACE('',(#461),#4101,.T.);
#4355=ADVANCED_FACE('',(#462),#4102,.T.);
#4356=ADVANCED_FACE('',(#463),#4103,.T.);
#4357=ADVANCED_FACE('',(#464),#4104,.F.);
#4358=ADVANCED_FACE('',(#465),#4105,.T.);
#4359=ADVANCED_FACE('',(#466),#4106,.T.);
#4360=ADVANCED_FACE('',(#467),#4107,.T.);
#4361=ADVANCED_FACE('',(#468),#4108,.T.);
#4362=ADVANCED_FACE('',(#469),#4109,.T.);
#4363=ADVANCED_FACE('',(#470),#4110,.F.);
#4364=ADVANCED_FACE('',(#471),#4111,.T.);
#4365=ADVANCED_FACE('',(#472),#4112,.T.);
#4366=ADVANCED_FACE('',(#473),#4113,.T.);
#4367=ADVANCED_FACE('',(#474),#4114,.T.);
#4368=ADVANCED_FACE('',(#475),#4115,.T.);
#4369=ADVANCED_FACE('',(#476),#4116,.F.);
#4370=CLOSED_SHELL('',(#4117,#4118,#4119,#4120,#4121,#4122));
#4371=CLOSED_SHELL('',(#4123,#4124,#4125,#4126,#4127,#4128));
#4372=CLOSED_SHELL('',(#4129,#4130,#4131,#4132,#4133,#4134));
#4373=CLOSED_SHELL('',(#4135,#4136,#4137,#4138,#4139,#4140));
#4374=CLOSED_SHELL('',(#4141,#4142,#4143,#4144,#4145,#4146,#4147,#4148,
#4149,#4150,#4151,#4152,#4153,#4154,#4155,#4156,#4157,#4158,#4159,#4160,
#4161,#4162,#4163,#4164,#4165,#4166,#4167,#4168,#4169,#4170,#4171,#4172,
#4173,#4174,#4175,#4176,#4177,#4178,#4179,#4180,#4181,#4182,#4183,#4184,
#4185,#4186,#4187,#4188,#4189,#4190,#4191,#4192,#4193,#4194,#4195,#4196,
#4197,#4198,#4199,#4200,#4201,#4202,#4203,#4204,#4205,#4206,#4207,#4208,
#4209,#4210,#4211,#4212,#4213,#4214,#4215,#4216,#4217,#4218,#4219,#4220,
#4221,#4222,#4223,#4224,#4225,#4226,#4227,#4228,#4229,#4230,#4231,#4232,
#4233,#4234,#4235,#4236,#4237,#4238,#4239,#4240,#4241,#4242,#4243,#4244,
#4245,#4246,#4247,#4248,#4249,#4250,#4251,#4252,#4253,#4254,#4255,#4256,
#4257,#4258,#4259,#4260,#4261,#4262,#4263,#4264,#4265,#4266,#4267));
#4375=CLOSED_SHELL('',(#4268,#4269,#4270,#4271,#4272,#4273,#4274,#4275,
#4276,#4277,#4278,#4279,#4280,#4281,#4282,#4283,#4284,#4285,#4286,#4287,
#4288,#4289,#4290,#4291,#4292,#4293,#4294,#4295,#4296,#4297,#4298,#4299,
#4300,#4301,#4302,#4303,#4304,#4305,#4306,#4307,#4308,#4309,#4310));
#4376=CLOSED_SHELL('',(#4311,#4312,#4313,#4314,#4315,#4316,#4317,#4318,
#4319,#4320,#4321,#4322,#4323,#4324,#4325,#4326,#4327,#4328,#4329,#4330,
#4331,#4332,#4333));
#4377=CLOSED_SHELL('',(#4334,#4335,#4336,#4337,#4338,#4339));
#4378=CLOSED_SHELL('',(#4340,#4341,#4342,#4343,#4344,#4345));
#4379=CLOSED_SHELL('',(#4346,#4347,#4348,#4349,#4350,#4351));
#4380=CLOSED_SHELL('',(#4352,#4353,#4354,#4355,#4356,#4357));
#4381=CLOSED_SHELL('',(#4358,#4359,#4360,#4361,#4362,#4363));
#4382=CLOSED_SHELL('',(#4364,#4365,#4366,#4367,#4368,#4369));
#4383=DERIVED_UNIT_ELEMENT(#4391,1.);
#4384=DERIVED_UNIT_ELEMENT(#7375,-3.);
#4385=DERIVED_UNIT_ELEMENT(#4391,1.);
#4386=DERIVED_UNIT_ELEMENT(#7375,-3.);
#4387=DERIVED_UNIT_ELEMENT(#4391,1.);
#4388=DERIVED_UNIT_ELEMENT(#7375,-3.);
#4389=DERIVED_UNIT_ELEMENT(#4391,1.);
#4390=DERIVED_UNIT_ELEMENT(#7375,-3.);
#4391=(
MASS_UNIT()
NAMED_UNIT(*)
SI_UNIT(.KILO.,.GRAM.)
);
#4392=DERIVED_UNIT((#4383,#4384));
#4393=DERIVED_UNIT((#4385,#4386));
#4394=DERIVED_UNIT((#4387,#4388));
#4395=DERIVED_UNIT((#4389,#4390));
#4396=MEASURE_REPRESENTATION_ITEM('density measure',
POSITIVE_RATIO_MEASURE(7850.),#4392);
#4397=MEASURE_REPRESENTATION_ITEM('density measure',
POSITIVE_RATIO_MEASURE(7850.),#4393);
#4398=MEASURE_REPRESENTATION_ITEM('density measure',
POSITIVE_RATIO_MEASURE(7850.),#4394);
#4399=MEASURE_REPRESENTATION_ITEM('density measure',
POSITIVE_RATIO_MEASURE(7850.),#4395);
#4400=PROPERTY_DEFINITION_REPRESENTATION(#4420,#4408);
#4401=PROPERTY_DEFINITION_REPRESENTATION(#4421,#4409);
#4402=PROPERTY_DEFINITION_REPRESENTATION(#4422,#4410);
#4403=PROPERTY_DEFINITION_REPRESENTATION(#4423,#4411);
#4404=PROPERTY_DEFINITION_REPRESENTATION(#4424,#4412);
#4405=PROPERTY_DEFINITION_REPRESENTATION(#4425,#4413);
#4406=PROPERTY_DEFINITION_REPRESENTATION(#4426,#4414);
#4407=PROPERTY_DEFINITION_REPRESENTATION(#4427,#4415);
#4408=REPRESENTATION('material name',(#4416),#7368);
#4409=REPRESENTATION('density',(#4396),#7368);
#4410=REPRESENTATION('material name',(#4417),#7370);
#4411=REPRESENTATION('density',(#4397),#7370);
#4412=REPRESENTATION('material name',(#4418),#7371);
#4413=REPRESENTATION('density',(#4398),#7371);
#4414=REPRESENTATION('material name',(#4419),#7372);
#4415=REPRESENTATION('density',(#4399),#7372);
#4416=DESCRIPTIVE_REPRESENTATION_ITEM('Stahl','Stahl');
#4417=DESCRIPTIVE_REPRESENTATION_ITEM('Stahl','Stahl');
#4418=DESCRIPTIVE_REPRESENTATION_ITEM('Stahl','Stahl');
#4419=DESCRIPTIVE_REPRESENTATION_ITEM('Stahl','Stahl');
#4420=PROPERTY_DEFINITION('material property','material name',#7403);
#4421=PROPERTY_DEFINITION('material property','density of part',#7403);
#4422=PROPERTY_DEFINITION('material property','material name',#7405);
#4423=PROPERTY_DEFINITION('material property','density of part',#7405);
#4424=PROPERTY_DEFINITION('material property','material name',#7406);
#4425=PROPERTY_DEFINITION('material property','density of part',#7406);
#4426=PROPERTY_DEFINITION('material property','material name',#7407);
#4427=PROPERTY_DEFINITION('material property','density of part',#7407);
#4428=AXIS2_PLACEMENT_3D('',#5907,#4754,#4755);
#4429=AXIS2_PLACEMENT_3D('',#5908,#4756,#4757);
#4430=AXIS2_PLACEMENT_3D('',#5909,#4758,#4759);
#4431=AXIS2_PLACEMENT_3D('',#5918,#4764,#4765);
#4432=AXIS2_PLACEMENT_3D('',#5924,#4769,#4770);
#4433=AXIS2_PLACEMENT_3D('',#5930,#4774,#4775);
#4434=AXIS2_PLACEMENT_3D('',#5933,#4778,#4779);
#4435=AXIS2_PLACEMENT_3D('',#5934,#4780,#4781);
#4436=AXIS2_PLACEMENT_3D('',#5935,#4782,#4783);
#4437=AXIS2_PLACEMENT_3D('',#5944,#4788,#4789);
#4438=AXIS2_PLACEMENT_3D('',#5950,#4793,#4794);
#4439=AXIS2_PLACEMENT_3D('',#5956,#4798,#4799);
#4440=AXIS2_PLACEMENT_3D('',#5959,#4802,#4803);
#4441=AXIS2_PLACEMENT_3D('',#5960,#4804,#4805);
#4442=AXIS2_PLACEMENT_3D('',#5961,#4806,#4807);
#4443=AXIS2_PLACEMENT_3D('',#5970,#4812,#4813);
#4444=AXIS2_PLACEMENT_3D('',#5976,#4817,#4818);
#4445=AXIS2_PLACEMENT_3D('',#5982,#4822,#4823);
#4446=AXIS2_PLACEMENT_3D('',#5985,#4826,#4827);
#4447=AXIS2_PLACEMENT_3D('',#5986,#4828,#4829);
#4448=AXIS2_PLACEMENT_3D('',#5987,#4830,#4831);
#4449=AXIS2_PLACEMENT_3D('',#5996,#4836,#4837);
#4450=AXIS2_PLACEMENT_3D('',#6002,#4841,#4842);
#4451=AXIS2_PLACEMENT_3D('',#6008,#4846,#4847);
#4452=AXIS2_PLACEMENT_3D('',#6011,#4850,#4851);
#4453=AXIS2_PLACEMENT_3D('',#6012,#4852,#4853);
#4454=AXIS2_PLACEMENT_3D('',#6013,#4854,#4855);
#4455=AXIS2_PLACEMENT_3D('',#6014,#4856,#4857);
#4456=AXIS2_PLACEMENT_3D('',#6015,#4858,#4859);
#4457=AXIS2_PLACEMENT_3D('',#6024,#4864,#4865);
#4458=AXIS2_PLACEMENT_3D('',#6030,#4869,#4870);
#4459=AXIS2_PLACEMENT_3D('',#6034,#4873,#4874);
#4460=AXIS2_PLACEMENT_3D('',#6038,#4877,#4878);
#4461=AXIS2_PLACEMENT_3D('',#6040,#4880,#4881);
#4462=AXIS2_PLACEMENT_3D('',#6049,#4886,#4887);
#4463=AXIS2_PLACEMENT_3D('',#6055,#4891,#4892);
#4464=AXIS2_PLACEMENT_3D('',#6059,#4895,#4896);
#4465=AXIS2_PLACEMENT_3D('',#6063,#4899,#4900);
#4466=AXIS2_PLACEMENT_3D('',#6065,#4902,#4903);
#4467=AXIS2_PLACEMENT_3D('',#6074,#4908,#4909);
#4468=AXIS2_PLACEMENT_3D('',#6080,#4913,#4914);
#4469=AXIS2_PLACEMENT_3D('',#6084,#4917,#4918);
#4470=AXIS2_PLACEMENT_3D('',#6088,#4921,#4922);
#4471=AXIS2_PLACEMENT_3D('',#6090,#4924,#4925);
#4472=AXIS2_PLACEMENT_3D('',#6099,#4930,#4931);
#4473=AXIS2_PLACEMENT_3D('',#6105,#4935,#4936);
#4474=AXIS2_PLACEMENT_3D('',#6109,#4939,#4940);
#4475=AXIS2_PLACEMENT_3D('',#6113,#4943,#4944);
#4476=AXIS2_PLACEMENT_3D('',#6115,#4946,#4947);
#4477=AXIS2_PLACEMENT_3D('',#6124,#4952,#4953);
#4478=AXIS2_PLACEMENT_3D('',#6130,#4957,#4958);
#4479=AXIS2_PLACEMENT_3D('',#6134,#4961,#4962);
#4480=AXIS2_PLACEMENT_3D('',#6138,#4965,#4966);
#4481=AXIS2_PLACEMENT_3D('',#6140,#4968,#4969);
#4482=AXIS2_PLACEMENT_3D('',#6149,#4974,#4975);
#4483=AXIS2_PLACEMENT_3D('',#6155,#4979,#4980);
#4484=AXIS2_PLACEMENT_3D('',#6161,#4984,#4985);
#4485=AXIS2_PLACEMENT_3D('',#6164,#4988,#4989);
#4486=AXIS2_PLACEMENT_3D('',#6173,#4994,#4995);
#4487=AXIS2_PLACEMENT_3D('',#6179,#4999,#5000);
#4488=AXIS2_PLACEMENT_3D('',#6183,#5003,#5004);
#4489=AXIS2_PLACEMENT_3D('',#6187,#5007,#5008);
#4490=AXIS2_PLACEMENT_3D('',#6189,#5010,#5011);
#4491=AXIS2_PLACEMENT_3D('',#6198,#5016,#5017);
#4492=AXIS2_PLACEMENT_3D('',#6204,#5021,#5022);
#4493=AXIS2_PLACEMENT_3D('',#6208,#5025,#5026);
#4494=AXIS2_PLACEMENT_3D('',#6212,#5029,#5030);
#4495=AXIS2_PLACEMENT_3D('',#6214,#5032,#5033);
#4496=AXIS2_PLACEMENT_3D('',#6223,#5038,#5039);
#4497=AXIS2_PLACEMENT_3D('',#6229,#5043,#5044);
#4498=AXIS2_PLACEMENT_3D('',#6233,#5047,#5048);
#4499=AXIS2_PLACEMENT_3D('',#6237,#5051,#5052);
#4500=AXIS2_PLACEMENT_3D('',#6239,#5054,#5055);
#4501=AXIS2_PLACEMENT_3D('',#6248,#5060,#5061);
#4502=AXIS2_PLACEMENT_3D('',#6254,#5065,#5066);
#4503=AXIS2_PLACEMENT_3D('',#6258,#5069,#5070);
#4504=AXIS2_PLACEMENT_3D('',#6262,#5073,#5074);
#4505=AXIS2_PLACEMENT_3D('',#6264,#5076,#5077);
#4506=AXIS2_PLACEMENT_3D('',#6273,#5082,#5083);
#4507=AXIS2_PLACEMENT_3D('',#6279,#5087,#5088);
#4508=AXIS2_PLACEMENT_3D('',#6283,#5091,#5092);
#4509=AXIS2_PLACEMENT_3D('',#6287,#5095,#5096);
#4510=AXIS2_PLACEMENT_3D('',#6289,#5098,#5099);
#4511=AXIS2_PLACEMENT_3D('',#6298,#5104,#5105);
#4512=AXIS2_PLACEMENT_3D('',#6304,#5109,#5110);
#4513=AXIS2_PLACEMENT_3D('',#6308,#5113,#5114);
#4514=AXIS2_PLACEMENT_3D('',#6312,#5117,#5118);
#4515=AXIS2_PLACEMENT_3D('',#6314,#5120,#5121);
#4516=AXIS2_PLACEMENT_3D('',#6323,#5126,#5127);
#4517=AXIS2_PLACEMENT_3D('',#6329,#5131,#5132);
#4518=AXIS2_PLACEMENT_3D('',#6333,#5135,#5136);
#4519=AXIS2_PLACEMENT_3D('',#6337,#5139,#5140);
#4520=AXIS2_PLACEMENT_3D('',#6339,#5142,#5143);
#4521=AXIS2_PLACEMENT_3D('',#6348,#5148,#5149);
#4522=AXIS2_PLACEMENT_3D('',#6354,#5153,#5154);
#4523=AXIS2_PLACEMENT_3D('',#6358,#5157,#5158);
#4524=AXIS2_PLACEMENT_3D('',#6362,#5161,#5162);
#4525=AXIS2_PLACEMENT_3D('',#6364,#5164,#5165);
#4526=AXIS2_PLACEMENT_3D('',#6373,#5170,#5171);
#4527=AXIS2_PLACEMENT_3D('',#6379,#5175,#5176);
#4528=AXIS2_PLACEMENT_3D('',#6383,#5179,#5180);
#4529=AXIS2_PLACEMENT_3D('',#6387,#5183,#5184);
#4530=AXIS2_PLACEMENT_3D('',#6389,#5186,#5187);
#4531=AXIS2_PLACEMENT_3D('',#6398,#5192,#5193);
#4532=AXIS2_PLACEMENT_3D('',#6404,#5197,#5198);
#4533=AXIS2_PLACEMENT_3D('',#6408,#5201,#5202);
#4534=AXIS2_PLACEMENT_3D('',#6412,#5205,#5206);
#4535=AXIS2_PLACEMENT_3D('',#6414,#5208,#5209);
#4536=AXIS2_PLACEMENT_3D('',#6423,#5214,#5215);
#4537=AXIS2_PLACEMENT_3D('',#6429,#5219,#5220);
#4538=AXIS2_PLACEMENT_3D('',#6433,#5223,#5224);
#4539=AXIS2_PLACEMENT_3D('',#6437,#5227,#5228);
#4540=AXIS2_PLACEMENT_3D('',#6439,#5230,#5231);
#4541=AXIS2_PLACEMENT_3D('',#6448,#5236,#5237);
#4542=AXIS2_PLACEMENT_3D('',#6454,#5241,#5242);
#4543=AXIS2_PLACEMENT_3D('',#6458,#5245,#5246);
#4544=AXIS2_PLACEMENT_3D('',#6462,#5249,#5250);
#4545=AXIS2_PLACEMENT_3D('',#6464,#5252,#5253);
#4546=AXIS2_PLACEMENT_3D('',#6473,#5258,#5259);
#4547=AXIS2_PLACEMENT_3D('',#6479,#5263,#5264);
#4548=AXIS2_PLACEMENT_3D('',#6483,#5267,#5268);
#4549=AXIS2_PLACEMENT_3D('',#6487,#5271,#5272);
#4550=AXIS2_PLACEMENT_3D('',#6489,#5274,#5275);
#4551=AXIS2_PLACEMENT_3D('',#6539,#5300,#5301);
#4552=AXIS2_PLACEMENT_3D('',#6540,#5302,#5303);
#4553=AXIS2_PLACEMENT_3D('',#6549,#5308,#5309);
#4554=AXIS2_PLACEMENT_3D('',#6552,#5312,#5313);
#4555=AXIS2_PLACEMENT_3D('',#6554,#5315,#5316);
#4556=AXIS2_PLACEMENT_3D('',#6556,#5318,#5319);
#4557=AXIS2_PLACEMENT_3D('',#6557,#5320,#5321);
#4558=AXIS2_PLACEMENT_3D('',#6566,#5326,#5327);
#4559=AXIS2_PLACEMENT_3D('',#6569,#5330,#5331);
#4560=AXIS2_PLACEMENT_3D('',#6571,#5333,#5334);
#4561=AXIS2_PLACEMENT_3D('',#6573,#5336,#5337);
#4562=AXIS2_PLACEMENT_3D('',#6574,#5338,#5339);
#4563=AXIS2_PLACEMENT_3D('',#6583,#5344,#5345);
#4564=AXIS2_PLACEMENT_3D('',#6586,#5348,#5349);
#4565=AXIS2_PLACEMENT_3D('',#6588,#5351,#5352);
#4566=AXIS2_PLACEMENT_3D('',#6590,#5354,#5355);
#4567=AXIS2_PLACEMENT_3D('',#6591,#5356,#5357);
#4568=AXIS2_PLACEMENT_3D('',#6600,#5362,#5363);
#4569=AXIS2_PLACEMENT_3D('',#6603,#5366,#5367);
#4570=AXIS2_PLACEMENT_3D('',#6605,#5369,#5370);
#4571=AXIS2_PLACEMENT_3D('',#6607,#5372,#5373);
#4572=AXIS2_PLACEMENT_3D('',#6608,#5374,#5375);
#4573=AXIS2_PLACEMENT_3D('',#6617,#5380,#5381);
#4574=AXIS2_PLACEMENT_3D('',#6620,#5384,#5385);
#4575=AXIS2_PLACEMENT_3D('',#6622,#5387,#5388);
#4576=AXIS2_PLACEMENT_3D('',#6624,#5390,#5391);
#4577=AXIS2_PLACEMENT_3D('',#6625,#5392,#5393);
#4578=AXIS2_PLACEMENT_3D('',#6634,#5398,#5399);
#4579=AXIS2_PLACEMENT_3D('',#6637,#5402,#5403);
#4580=AXIS2_PLACEMENT_3D('',#6639,#5405,#5406);
#4581=AXIS2_PLACEMENT_3D('',#6641,#5408,#5409);
#4582=AXIS2_PLACEMENT_3D('',#6642,#5410,#5411);
#4583=AXIS2_PLACEMENT_3D('',#6644,#5412,#5413);
#4584=AXIS2_PLACEMENT_3D('',#6646,#5415,#5416);
#4585=AXIS2_PLACEMENT_3D('',#6647,#5417,#5418);
#4586=AXIS2_PLACEMENT_3D('',#6648,#5419,#5420);
#4587=AXIS2_PLACEMENT_3D('',#6653,#5422,#5423);
#4588=AXIS2_PLACEMENT_3D('',#6657,#5425,#5426);
#4589=AXIS2_PLACEMENT_3D('',#6661,#5428,#5429);
#4590=AXIS2_PLACEMENT_3D('',#6664,#5431,#5432);
#4591=AXIS2_PLACEMENT_3D('',#6665,#5433,#5434);
#4592=AXIS2_PLACEMENT_3D('',#6668,#5435,#5436);
#4593=AXIS2_PLACEMENT_3D('',#6672,#5438,#5439);
#4594=AXIS2_PLACEMENT_3D('',#6688,#5441,#5442);
#4595=AXIS2_PLACEMENT_3D('',#6690,#5443,#5444);
#4596=AXIS2_PLACEMENT_3D('',#6692,#5445,#5446);
#4597=AXIS2_PLACEMENT_3D('',#6693,#5447,#5448);
#4598=AXIS2_PLACEMENT_3D('',#6708,#5449,#5450);
#4599=AXIS2_PLACEMENT_3D('',#6709,#5451,#5452);
#4600=AXIS2_PLACEMENT_3D('',#6710,#5453,#5454);
#4601=AXIS2_PLACEMENT_3D('',#6711,#5455,#5456);
#4602=AXIS2_PLACEMENT_3D('',#6714,#5457,#5458);
#4603=AXIS2_PLACEMENT_3D('',#6717,#5461,#5462);
#4604=AXIS2_PLACEMENT_3D('',#6720,#5463,#5464);
#4605=AXIS2_PLACEMENT_3D('',#6724,#5466,#5467);
#4606=AXIS2_PLACEMENT_3D('',#6740,#5469,#5470);
#4607=AXIS2_PLACEMENT_3D('',#6742,#5471,#5472);
#4608=AXIS2_PLACEMENT_3D('',#6744,#5473,#5474);
#4609=AXIS2_PLACEMENT_3D('',#6745,#5475,#5476);
#4610=AXIS2_PLACEMENT_3D('',#6760,#5477,#5478);
#4611=AXIS2_PLACEMENT_3D('',#6761,#5479,#5480);
#4612=AXIS2_PLACEMENT_3D('',#6762,#5481,#5482);
#4613=AXIS2_PLACEMENT_3D('',#6763,#5483,#5484);
#4614=AXIS2_PLACEMENT_3D('',#6767,#5486,#5487);
#4615=AXIS2_PLACEMENT_3D('',#6769,#5489,#5490);
#4616=AXIS2_PLACEMENT_3D('',#6772,#5491,#5492);
#4617=AXIS2_PLACEMENT_3D('',#6775,#5495,#5496);
#4618=AXIS2_PLACEMENT_3D('',#6778,#5497,#5498);
#4619=AXIS2_PLACEMENT_3D('',#6781,#5501,#5502);
#4620=AXIS2_PLACEMENT_3D('',#6784,#5503,#5504);
#4621=AXIS2_PLACEMENT_3D('',#6787,#5507,#5508);
#4622=AXIS2_PLACEMENT_3D('',#6790,#5509,#5510);
#4623=AXIS2_PLACEMENT_3D('',#6807,#5513,#5514);
#4624=AXIS2_PLACEMENT_3D('',#6816,#5515,#5516);
#4625=AXIS2_PLACEMENT_3D('',#6817,#5517,#5518);
#4626=AXIS2_PLACEMENT_3D('',#6818,#5519,#5520);
#4627=AXIS2_PLACEMENT_3D('',#6821,#5521,#5522);
#4628=AXIS2_PLACEMENT_3D('',#6824,#5525,#5526);
#4629=AXIS2_PLACEMENT_3D('',#6827,#5527,#5528);
#4630=AXIS2_PLACEMENT_3D('',#6831,#5530,#5531);
#4631=AXIS2_PLACEMENT_3D('',#6847,#5533,#5534);
#4632=AXIS2_PLACEMENT_3D('',#6856,#5535,#5536);
#4633=AXIS2_PLACEMENT_3D('',#6857,#5537,#5538);
#4634=AXIS2_PLACEMENT_3D('',#6872,#5539,#5540);
#4635=AXIS2_PLACEMENT_3D('',#6879,#5541,#5542);
#4636=AXIS2_PLACEMENT_3D('',#6880,#5543,#5544);
#4637=AXIS2_PLACEMENT_3D('',#6883,#5545,#5546);
#4638=AXIS2_PLACEMENT_3D('',#6886,#5549,#5550);
#4639=AXIS2_PLACEMENT_3D('',#6889,#5551,#5552);
#4640=AXIS2_PLACEMENT_3D('',#6893,#5554,#5555);
#4641=AXIS2_PLACEMENT_3D('',#6909,#5557,#5558);
#4642=AXIS2_PLACEMENT_3D('',#6916,#5559,#5560);
#4643=AXIS2_PLACEMENT_3D('',#6917,#5561,#5562);
#4644=AXIS2_PLACEMENT_3D('',#6919,#5564,#5565);
#4645=AXIS2_PLACEMENT_3D('',#6927,#5567,#5568);
#4646=AXIS2_PLACEMENT_3D('',#6929,#5570,#5571);
#4647=AXIS2_PLACEMENT_3D('',#6937,#5573,#5574);
#4648=AXIS2_PLACEMENT_3D('',#6939,#5576,#5577);
#4649=AXIS2_PLACEMENT_3D('',#6947,#5579,#5580);
#4650=AXIS2_PLACEMENT_3D('',#6949,#5582,#5583);
#4651=AXIS2_PLACEMENT_3D('',#6957,#5585,#5586);
#4652=AXIS2_PLACEMENT_3D('',#6962,#5591,#5592);
#4653=AXIS2_PLACEMENT_3D('',#6963,#5593,#5594);
#4654=AXIS2_PLACEMENT_3D('',#6964,#5595,#5596);
#4655=AXIS2_PLACEMENT_3D('',#6965,#5597,#5598);
#4656=AXIS2_PLACEMENT_3D('',#6966,#5599,#5600);
#4657=AXIS2_PLACEMENT_3D('',#6967,#5601,#5602);
#4658=AXIS2_PLACEMENT_3D('',#6968,#5603,#5604);
#4659=AXIS2_PLACEMENT_3D('',#6969,#5605,#5606);
#4660=AXIS2_PLACEMENT_3D('',#6970,#5607,#5608);
#4661=AXIS2_PLACEMENT_3D('',#6971,#5609,#5610);
#4662=AXIS2_PLACEMENT_3D('',#6972,#5611,#5612);
#4663=AXIS2_PLACEMENT_3D('',#6973,#5613,#5614);
#4664=AXIS2_PLACEMENT_3D('',#6974,#5615,#5616);
#4665=AXIS2_PLACEMENT_3D('',#6975,#5617,#5618);
#4666=AXIS2_PLACEMENT_3D('',#6976,#5619,#5620);
#4667=AXIS2_PLACEMENT_3D('',#6977,#5621,#5622);
#4668=AXIS2_PLACEMENT_3D('',#6978,#5623,#5624);
#4669=AXIS2_PLACEMENT_3D('',#7075,#5625,#5626);
#4670=AXIS2_PLACEMENT_3D('',#7076,#5627,#5628);
#4671=AXIS2_PLACEMENT_3D('',#7081,#5630,#5631);
#4672=AXIS2_PLACEMENT_3D('',#7085,#5633,#5634);
#4673=AXIS2_PLACEMENT_3D('',#7089,#5636,#5637);
#4674=AXIS2_PLACEMENT_3D('',#7093,#5639,#5640);
#4675=AXIS2_PLACEMENT_3D('',#7096,#5642,#5643);
#4676=AXIS2_PLACEMENT_3D('',#7097,#5644,#5645);
#4677=AXIS2_PLACEMENT_3D('',#7100,#5646,#5647);
#4678=AXIS2_PLACEMENT_3D('',#7103,#5650,#5651);
#4679=AXIS2_PLACEMENT_3D('',#7106,#5652,#5653);
#4680=AXIS2_PLACEMENT_3D('',#7109,#5656,#5657);
#4681=AXIS2_PLACEMENT_3D('',#7112,#5658,#5659);
#4682=AXIS2_PLACEMENT_3D('',#7115,#5662,#5663);
#4683=AXIS2_PLACEMENT_3D('',#7117,#5665,#5666);
#4684=AXIS2_PLACEMENT_3D('',#7119,#5668,#5669);
#4685=AXIS2_PLACEMENT_3D('',#7123,#5672,#5673);
#4686=AXIS2_PLACEMENT_3D('',#7127,#5676,#5677);
#4687=AXIS2_PLACEMENT_3D('',#7133,#5681,#5682);
#4688=AXIS2_PLACEMENT_3D('',#7134,#5683,#5684);
#4689=AXIS2_PLACEMENT_3D('',#7135,#5685,#5686);
#4690=AXIS2_PLACEMENT_3D('',#7136,#5687,#5688);
#4691=AXIS2_PLACEMENT_3D('',#7137,#5689,#5690);
#4692=AXIS2_PLACEMENT_3D('',#7146,#5695,#5696);
#4693=AXIS2_PLACEMENT_3D('',#7151,#5698,#5699);
#4694=AXIS2_PLACEMENT_3D('',#7155,#5701,#5702);
#4695=AXIS2_PLACEMENT_3D('',#7158,#5704,#5705);
#4696=AXIS2_PLACEMENT_3D('',#7160,#5706,#5707);
#4697=AXIS2_PLACEMENT_3D('',#7163,#5709,#5710);
#4698=AXIS2_PLACEMENT_3D('',#7164,#5711,#5712);
#4699=AXIS2_PLACEMENT_3D('',#7170,#5716,#5717);
#4700=AXIS2_PLACEMENT_3D('',#7171,#5718,#5719);
#4701=AXIS2_PLACEMENT_3D('',#7172,#5720,#5721);
#4702=AXIS2_PLACEMENT_3D('',#7178,#5725,#5726);
#4703=AXIS2_PLACEMENT_3D('',#7184,#5730,#5731);
#4704=AXIS2_PLACEMENT_3D('',#7185,#5732,#5733);
#4705=AXIS2_PLACEMENT_3D('',#7186,#5734,#5735);
#4706=AXIS2_PLACEMENT_3D('',#7187,#5736,#5737);
#4707=AXIS2_PLACEMENT_3D('',#7188,#5738,#5739);
#4708=AXIS2_PLACEMENT_3D('',#7190,#5740,#5741);
#4709=AXIS2_PLACEMENT_3D('',#7193,#5743,#5744);
#4710=AXIS2_PLACEMENT_3D('',#7194,#5745,#5746);
#4711=AXIS2_PLACEMENT_3D('',#7197,#5749,#5750);
#4712=AXIS2_PLACEMENT_3D('',#7198,#5751,#5752);
#4713=AXIS2_PLACEMENT_3D('',#7199,#5753,#5754);
#4714=AXIS2_PLACEMENT_3D('',#7200,#5755,#5756);
#4715=AXIS2_PLACEMENT_3D('',#7201,#5757,#5758);
#4716=AXIS2_PLACEMENT_3D('',#7202,#5759,#5760);
#4717=AXIS2_PLACEMENT_3D('',#7211,#5765,#5766);
#4718=AXIS2_PLACEMENT_3D('',#7217,#5770,#5771);
#4719=AXIS2_PLACEMENT_3D('',#7223,#5775,#5776);
#4720=AXIS2_PLACEMENT_3D('',#7226,#5779,#5780);
#4721=AXIS2_PLACEMENT_3D('',#7227,#5781,#5782);
#4722=AXIS2_PLACEMENT_3D('',#7228,#5783,#5784);
#4723=AXIS2_PLACEMENT_3D('',#7237,#5789,#5790);
#4724=AXIS2_PLACEMENT_3D('',#7243,#5794,#5795);
#4725=AXIS2_PLACEMENT_3D('',#7249,#5799,#5800);
#4726=AXIS2_PLACEMENT_3D('',#7252,#5803,#5804);
#4727=AXIS2_PLACEMENT_3D('',#7253,#5805,#5806);
#4728=AXIS2_PLACEMENT_3D('',#7254,#5807,#5808);
#4729=AXIS2_PLACEMENT_3D('',#7263,#5813,#5814);
#4730=AXIS2_PLACEMENT_3D('',#7269,#5818,#5819);
#4731=AXIS2_PLACEMENT_3D('',#7275,#5823,#5824);
#4732=AXIS2_PLACEMENT_3D('',#7278,#5827,#5828);
#4733=AXIS2_PLACEMENT_3D('',#7279,#5829,#5830);
#4734=AXIS2_PLACEMENT_3D('',#7280,#5831,#5832);
#4735=AXIS2_PLACEMENT_3D('',#7289,#5837,#5838);
#4736=AXIS2_PLACEMENT_3D('',#7295,#5842,#5843);
#4737=AXIS2_PLACEMENT_3D('',#7301,#5847,#5848);
#4738=AXIS2_PLACEMENT_3D('',#7304,#5851,#5852);
#4739=AXIS2_PLACEMENT_3D('',#7305,#5853,#5854);
#4740=AXIS2_PLACEMENT_3D('',#7306,#5855,#5856);
#4741=AXIS2_PLACEMENT_3D('',#7315,#5861,#5862);
#4742=AXIS2_PLACEMENT_3D('',#7321,#5866,#5867);
#4743=AXIS2_PLACEMENT_3D('',#7327,#5871,#5872);
#4744=AXIS2_PLACEMENT_3D('',#7330,#5875,#5876);
#4745=AXIS2_PLACEMENT_3D('',#7331,#5877,#5878);
#4746=AXIS2_PLACEMENT_3D('',#7332,#5879,#5880);
#4747=AXIS2_PLACEMENT_3D('',#7341,#5885,#5886);
#4748=AXIS2_PLACEMENT_3D('',#7347,#5890,#5891);
#4749=AXIS2_PLACEMENT_3D('',#7353,#5895,#5896);
#4750=AXIS2_PLACEMENT_3D('',#7356,#5899,#5900);
#4751=AXIS2_PLACEMENT_3D('',#7357,#5901,#5902);
#4752=AXIS2_PLACEMENT_3D('',#7358,#5903,#5904);
#4753=AXIS2_PLACEMENT_3D('',#7359,#5905,#5906);
#4754=DIRECTION('axis',(0.,0.,1.));
#4755=DIRECTION('refdir',(1.,0.,0.));
#4756=DIRECTION('axis',(0.,0.,1.));
#4757=DIRECTION('refdir',(1.,0.,0.));
#4758=DIRECTION('center_axis',(-1.,0.,0.));
#4759=DIRECTION('ref_axis',(0.,-1.,0.));
#4760=DIRECTION('',(0.,1.,0.));
#4761=DIRECTION('',(0.,0.,1.));
#4762=DIRECTION('',(0.,-1.,0.));
#4763=DIRECTION('',(0.,0.,1.));
#4764=DIRECTION('center_axis',(0.,1.,0.));
#4765=DIRECTION('ref_axis',(-1.,0.,0.));
#4766=DIRECTION('',(1.,0.,0.));
#4767=DIRECTION('',(-1.,0.,0.));
#4768=DIRECTION('',(0.,0.,1.));
#4769=DIRECTION('center_axis',(1.,0.,0.));
#4770=DIRECTION('ref_axis',(0.,1.,0.));
#4771=DIRECTION('',(0.,-1.,0.));
#4772=DIRECTION('',(0.,1.,0.));
#4773=DIRECTION('',(0.,0.,1.));
#4774=DIRECTION('center_axis',(0.,-1.,0.));
#4775=DIRECTION('ref_axis',(1.,0.,0.));
#4776=DIRECTION('',(-1.,0.,0.));
#4777=DIRECTION('',(1.,0.,0.));
#4778=DIRECTION('center_axis',(0.,0.,1.));
#4779=DIRECTION('ref_axis',(1.,0.,0.));
#4780=DIRECTION('center_axis',(0.,0.,1.));
#4781=DIRECTION('ref_axis',(-1.,0.,0.));
#4782=DIRECTION('center_axis',(-1.,0.,0.));
#4783=DIRECTION('ref_axis',(0.,-1.,0.));
#4784=DIRECTION('',(0.,1.,0.));
#4785=DIRECTION('',(0.,0.,1.));
#4786=DIRECTION('',(0.,-1.,0.));
#4787=DIRECTION('',(0.,0.,1.));
#4788=DIRECTION('center_axis',(0.,1.,0.));
#4789=DIRECTION('ref_axis',(-1.,0.,0.));
#4790=DIRECTION('',(1.,0.,0.));
#4791=DIRECTION('',(-1.,0.,0.));
#4792=DIRECTION('',(0.,0.,1.));
#4793=DIRECTION('center_axis',(1.,0.,0.));
#4794=DIRECTION('ref_axis',(0.,1.,0.));
#4795=DIRECTION('',(0.,-1.,0.));
#4796=DIRECTION('',(0.,1.,0.));
#4797=DIRECTION('',(0.,0.,1.));
#4798=DIRECTION('center_axis',(0.,-1.,0.));
#4799=DIRECTION('ref_axis',(1.,0.,0.));
#4800=DIRECTION('',(-1.,0.,0.));
#4801=DIRECTION('',(1.,0.,0.));
#4802=DIRECTION('center_axis',(0.,0.,1.));
#4803=DIRECTION('ref_axis',(1.,0.,0.));
#4804=DIRECTION('center_axis',(0.,0.,1.));
#4805=DIRECTION('ref_axis',(-1.,0.,0.));
#4806=DIRECTION('center_axis',(-1.,0.,0.));
#4807=DIRECTION('ref_axis',(0.,-1.,0.));
#4808=DIRECTION('',(0.,1.,0.));
#4809=DIRECTION('',(0.,0.,1.));
#4810=DIRECTION('',(0.,-1.,0.));
#4811=DIRECTION('',(0.,0.,1.));
#4812=DIRECTION('center_axis',(0.,1.,0.));
#4813=DIRECTION('ref_axis',(-1.,0.,0.));
#4814=DIRECTION('',(1.,0.,0.));
#4815=DIRECTION('',(-1.,0.,0.));
#4816=DIRECTION('',(0.,0.,1.));
#4817=DIRECTION('center_axis',(1.,0.,0.));
#4818=DIRECTION('ref_axis',(0.,1.,0.));
#4819=DIRECTION('',(0.,-1.,0.));
#4820=DIRECTION('',(0.,1.,0.));
#4821=DIRECTION('',(0.,0.,1.));
#4822=DIRECTION('center_axis',(0.,-1.,0.));
#4823=DIRECTION('ref_axis',(1.,0.,0.));
#4824=DIRECTION('',(-1.,0.,0.));
#4825=DIRECTION('',(1.,0.,0.));
#4826=DIRECTION('center_axis',(0.,0.,1.));
#4827=DIRECTION('ref_axis',(1.,0.,0.));
#4828=DIRECTION('center_axis',(0.,0.,1.));
#4829=DIRECTION('ref_axis',(-1.,0.,0.));
#4830=DIRECTION('center_axis',(-1.,0.,0.));
#4831=DIRECTION('ref_axis',(0.,-1.,0.));
#4832=DIRECTION('',(0.,1.,0.));
#4833=DIRECTION('',(0.,0.,1.));
#4834=DIRECTION('',(0.,-1.,0.));
#4835=DIRECTION('',(0.,0.,1.));
#4836=DIRECTION('center_axis',(0.,1.,0.));
#4837=DIRECTION('ref_axis',(-1.,0.,0.));
#4838=DIRECTION('',(1.,0.,0.));
#4839=DIRECTION('',(-1.,0.,0.));
#4840=DIRECTION('',(0.,0.,1.));
#4841=DIRECTION('center_axis',(1.,0.,0.));
#4842=DIRECTION('ref_axis',(0.,1.,0.));
#4843=DIRECTION('',(0.,-1.,0.));
#4844=DIRECTION('',(0.,1.,0.));
#4845=DIRECTION('',(0.,0.,1.));
#4846=DIRECTION('center_axis',(0.,-1.,0.));
#4847=DIRECTION('ref_axis',(1.,0.,0.));
#4848=DIRECTION('',(-1.,0.,0.));
#4849=DIRECTION('',(1.,0.,0.));
#4850=DIRECTION('center_axis',(0.,0.,1.));
#4851=DIRECTION('ref_axis',(1.,0.,0.));
#4852=DIRECTION('center_axis',(0.,0.,1.));
#4853=DIRECTION('ref_axis',(-1.,0.,0.));
#4854=DIRECTION('axis',(0.,0.,1.));
#4855=DIRECTION('refdir',(1.,0.,0.));
#4856=DIRECTION('axis',(0.,0.,1.));
#4857=DIRECTION('refdir',(1.,0.,0.));
#4858=DIRECTION('center_axis',(0.,0.,1.));
#4859=DIRECTION('ref_axis',(1.,0.,0.));
#4860=DIRECTION('',(0.,1.,0.));
#4861=DIRECTION('',(1.,0.,0.));
#4862=DIRECTION('',(0.,-1.,0.));
#4863=DIRECTION('',(-1.,0.,0.));
#4864=DIRECTION('center_axis',(0.,-1.,0.));
#4865=DIRECTION('ref_axis',(0.,0.,-1.));
#4866=DIRECTION('',(0.,0.,1.));
#4867=DIRECTION('',(-1.,0.,0.));
#4868=DIRECTION('',(0.,0.,1.));
#4869=DIRECTION('center_axis',(1.,0.,0.));
#4870=DIRECTION('ref_axis',(0.,1.,0.));
#4871=DIRECTION('',(0.,0.,1.));
#4872=DIRECTION('',(0.,-1.,0.));
#4873=DIRECTION('center_axis',(0.,1.,0.));
#4874=DIRECTION('ref_axis',(1.,0.,0.));
#4875=DIRECTION('',(0.,0.,1.));
#4876=DIRECTION('',(1.,0.,0.));
#4877=DIRECTION('center_axis',(-1.,0.,0.));
#4878=DIRECTION('ref_axis',(0.,0.,1.));
#4879=DIRECTION('',(0.,1.,0.));
#4880=DIRECTION('center_axis',(0.,0.,1.));
#4881=DIRECTION('ref_axis',(1.,0.,0.));
#4882=DIRECTION('',(0.,1.,0.));
#4883=DIRECTION('',(1.,0.,0.));
#4884=DIRECTION('',(0.,-1.,0.));
#4885=DIRECTION('',(-1.,0.,0.));
#4886=DIRECTION('center_axis',(0.,-1.,0.));
#4887=DIRECTION('ref_axis',(0.,0.,-1.));
#4888=DIRECTION('',(0.,0.,1.));
#4889=DIRECTION('',(-1.,0.,0.));
#4890=DIRECTION('',(0.,0.,1.));
#4891=DIRECTION('center_axis',(1.,0.,0.));
#4892=DIRECTION('ref_axis',(0.,1.,0.));
#4893=DIRECTION('',(0.,0.,1.));
#4894=DIRECTION('',(0.,-1.,0.));
#4895=DIRECTION('center_axis',(0.,1.,0.));
#4896=DIRECTION('ref_axis',(1.,0.,0.));
#4897=DIRECTION('',(0.,0.,1.));
#4898=DIRECTION('',(1.,0.,0.));
#4899=DIRECTION('center_axis',(-1.,0.,0.));
#4900=DIRECTION('ref_axis',(0.,0.,1.));
#4901=DIRECTION('',(0.,1.,0.));
#4902=DIRECTION('center_axis',(0.,0.,1.));
#4903=DIRECTION('ref_axis',(1.,0.,0.));
#4904=DIRECTION('',(0.,1.,0.));
#4905=DIRECTION('',(1.,0.,0.));
#4906=DIRECTION('',(0.,-1.,0.));
#4907=DIRECTION('',(-1.,0.,0.));
#4908=DIRECTION('center_axis',(0.,-1.,0.));
#4909=DIRECTION('ref_axis',(0.,0.,-1.));
#4910=DIRECTION('',(0.,0.,1.));
#4911=DIRECTION('',(-1.,0.,0.));
#4912=DIRECTION('',(0.,0.,1.));
#4913=DIRECTION('center_axis',(1.,0.,0.));
#4914=DIRECTION('ref_axis',(0.,1.,0.));
#4915=DIRECTION('',(0.,0.,1.));
#4916=DIRECTION('',(0.,-1.,0.));
#4917=DIRECTION('center_axis',(0.,1.,0.));
#4918=DIRECTION('ref_axis',(1.,0.,0.));
#4919=DIRECTION('',(0.,0.,1.));
#4920=DIRECTION('',(1.,0.,0.));
#4921=DIRECTION('center_axis',(-1.,0.,0.));
#4922=DIRECTION('ref_axis',(0.,0.,1.));
#4923=DIRECTION('',(0.,1.,0.));
#4924=DIRECTION('center_axis',(0.,0.,1.));
#4925=DIRECTION('ref_axis',(1.,0.,0.));
#4926=DIRECTION('',(0.,1.,0.));
#4927=DIRECTION('',(1.,0.,0.));
#4928=DIRECTION('',(0.,-1.,0.));
#4929=DIRECTION('',(-1.,0.,0.));
#4930=DIRECTION('center_axis',(0.,-1.,0.));
#4931=DIRECTION('ref_axis',(0.,0.,-1.));
#4932=DIRECTION('',(0.,0.,1.));
#4933=DIRECTION('',(-1.,0.,0.));
#4934=DIRECTION('',(0.,0.,1.));
#4935=DIRECTION('center_axis',(1.,0.,0.));
#4936=DIRECTION('ref_axis',(0.,1.,0.));
#4937=DIRECTION('',(0.,0.,1.));
#4938=DIRECTION('',(0.,-1.,0.));
#4939=DIRECTION('center_axis',(0.,1.,0.));
#4940=DIRECTION('ref_axis',(1.,0.,0.));
#4941=DIRECTION('',(0.,0.,1.));
#4942=DIRECTION('',(1.,0.,0.));
#4943=DIRECTION('center_axis',(-1.,0.,0.));
#4944=DIRECTION('ref_axis',(0.,0.,1.));
#4945=DIRECTION('',(0.,1.,0.));
#4946=DIRECTION('center_axis',(0.,0.,1.));
#4947=DIRECTION('ref_axis',(1.,0.,0.));
#4948=DIRECTION('',(0.,1.,0.));
#4949=DIRECTION('',(1.,0.,0.));
#4950=DIRECTION('',(0.,-1.,0.));
#4951=DIRECTION('',(-1.,0.,0.));
#4952=DIRECTION('center_axis',(0.,-1.,0.));
#4953=DIRECTION('ref_axis',(0.,0.,-1.));
#4954=DIRECTION('',(0.,0.,1.));
#4955=DIRECTION('',(-1.,0.,0.));
#4956=DIRECTION('',(0.,0.,1.));
#4957=DIRECTION('center_axis',(1.,0.,0.));
#4958=DIRECTION('ref_axis',(0.,1.,0.));
#4959=DIRECTION('',(0.,0.,1.));
#4960=DIRECTION('',(0.,-1.,0.));
#4961=DIRECTION('center_axis',(0.,1.,0.));
#4962=DIRECTION('ref_axis',(1.,0.,0.));
#4963=DIRECTION('',(0.,0.,1.));
#4964=DIRECTION('',(1.,0.,0.));
#4965=DIRECTION('center_axis',(-1.,0.,0.));
#4966=DIRECTION('ref_axis',(0.,0.,1.));
#4967=DIRECTION('',(0.,1.,0.));
#4968=DIRECTION('center_axis',(0.,-1.,0.));
#4969=DIRECTION('ref_axis',(0.,0.,-1.));
#4970=DIRECTION('',(0.,0.,1.));
#4971=DIRECTION('',(-1.,0.,0.));
#4972=DIRECTION('',(0.,0.,1.));
#4973=DIRECTION('',(-1.,0.,0.));
#4974=DIRECTION('center_axis',(1.,0.,0.));
#4975=DIRECTION('ref_axis',(0.,1.,0.));
#4976=DIRECTION('',(0.,0.,1.));
#4977=DIRECTION('',(0.,-1.,0.));
#4978=DIRECTION('',(0.,-1.,0.));
#4979=DIRECTION('center_axis',(0.,1.,0.));
#4980=DIRECTION('ref_axis',(1.,0.,0.));
#4981=DIRECTION('',(0.,0.,1.));
#4982=DIRECTION('',(1.,0.,0.));
#4983=DIRECTION('',(1.,0.,0.));
#4984=DIRECTION('center_axis',(-1.,0.,0.));
#4985=DIRECTION('ref_axis',(0.,0.,1.));
#4986=DIRECTION('',(0.,1.,0.));
#4987=DIRECTION('',(0.,1.,0.));
#4988=DIRECTION('center_axis',(0.,0.,1.));
#4989=DIRECTION('ref_axis',(1.,0.,0.));
#4990=DIRECTION('',(1.,0.,0.));
#4991=DIRECTION('',(0.,-1.,0.));
#4992=DIRECTION('',(-1.,0.,0.));
#4993=DIRECTION('',(0.,1.,0.));
#4994=DIRECTION('center_axis',(-1.,0.,0.));
#4995=DIRECTION('ref_axis',(0.,0.,1.));
#4996=DIRECTION('',(0.,0.,1.));
#4997=DIRECTION('',(0.,1.,0.));
#4998=DIRECTION('',(0.,0.,1.));
#4999=DIRECTION('center_axis',(0.,-1.,0.));
#5000=DIRECTION('ref_axis',(0.,0.,-1.));
#5001=DIRECTION('',(0.,0.,1.));
#5002=DIRECTION('',(-1.,0.,0.));
#5003=DIRECTION('center_axis',(1.,0.,0.));
#5004=DIRECTION('ref_axis',(0.,1.,0.));
#5005=DIRECTION('',(0.,0.,1.));
#5006=DIRECTION('',(0.,-1.,0.));
#5007=DIRECTION('center_axis',(0.,1.,0.));
#5008=DIRECTION('ref_axis',(1.,0.,0.));
#5009=DIRECTION('',(1.,0.,0.));
#5010=DIRECTION('center_axis',(0.,0.,1.));
#5011=DIRECTION('ref_axis',(1.,0.,0.));
#5012=DIRECTION('',(1.,0.,0.));
#5013=DIRECTION('',(0.,-1.,0.));
#5014=DIRECTION('',(-1.,0.,0.));
#5015=DIRECTION('',(0.,1.,0.));
#5016=DIRECTION('center_axis',(-1.,0.,0.));
#5017=DIRECTION('ref_axis',(0.,0.,1.));
#5018=DIRECTION('',(0.,0.,1.));
#5019=DIRECTION('',(0.,1.,0.));
#5020=DIRECTION('',(0.,0.,1.));
#5021=DIRECTION('center_axis',(0.,-1.,0.));
#5022=DIRECTION('ref_axis',(0.,0.,-1.));
#5023=DIRECTION('',(0.,0.,1.));
#5024=DIRECTION('',(-1.,0.,0.));
#5025=DIRECTION('center_axis',(1.,0.,0.));
#5026=DIRECTION('ref_axis',(0.,1.,0.));
#5027=DIRECTION('',(0.,0.,1.));
#5028=DIRECTION('',(0.,-1.,0.));
#5029=DIRECTION('center_axis',(0.,1.,0.));
#5030=DIRECTION('ref_axis',(1.,0.,0.));
#5031=DIRECTION('',(1.,0.,0.));
#5032=DIRECTION('center_axis',(0.,0.,1.));
#5033=DIRECTION('ref_axis',(1.,0.,0.));
#5034=DIRECTION('',(1.,0.,0.));
#5035=DIRECTION('',(0.,-1.,0.));
#5036=DIRECTION('',(-1.,0.,0.));
#5037=DIRECTION('',(0.,1.,0.));
#5038=DIRECTION('center_axis',(-1.,0.,0.));
#5039=DIRECTION('ref_axis',(0.,0.,1.));
#5040=DIRECTION('',(0.,0.,1.));
#5041=DIRECTION('',(0.,1.,0.));
#5042=DIRECTION('',(0.,0.,1.));
#5043=DIRECTION('center_axis',(0.,-1.,0.));
#5044=DIRECTION('ref_axis',(0.,0.,-1.));
#5045=DIRECTION('',(0.,0.,1.));
#5046=DIRECTION('',(-1.,0.,0.));
#5047=DIRECTION('center_axis',(1.,0.,0.));
#5048=DIRECTION('ref_axis',(0.,1.,0.));
#5049=DIRECTION('',(0.,0.,1.));
#5050=DIRECTION('',(0.,-1.,0.));
#5051=DIRECTION('center_axis',(0.,1.,0.));
#5052=DIRECTION('ref_axis',(1.,0.,0.));
#5053=DIRECTION('',(1.,0.,0.));
#5054=DIRECTION('center_axis',(0.,0.,1.));
#5055=DIRECTION('ref_axis',(1.,0.,0.));
#5056=DIRECTION('',(1.,0.,0.));
#5057=DIRECTION('',(0.,-1.,0.));
#5058=DIRECTION('',(-1.,0.,0.));
#5059=DIRECTION('',(0.,1.,0.));
#5060=DIRECTION('center_axis',(-1.,0.,0.));
#5061=DIRECTION('ref_axis',(0.,0.,1.));
#5062=DIRECTION('',(0.,0.,1.));
#5063=DIRECTION('',(0.,1.,0.));
#5064=DIRECTION('',(0.,0.,1.));
#5065=DIRECTION('center_axis',(0.,-1.,0.));
#5066=DIRECTION('ref_axis',(0.,0.,-1.));
#5067=DIRECTION('',(0.,0.,1.));
#5068=DIRECTION('',(-1.,0.,0.));
#5069=DIRECTION('center_axis',(1.,0.,0.));
#5070=DIRECTION('ref_axis',(0.,1.,0.));
#5071=DIRECTION('',(0.,0.,1.));
#5072=DIRECTION('',(0.,-1.,0.));
#5073=DIRECTION('center_axis',(0.,1.,0.));
#5074=DIRECTION('ref_axis',(1.,0.,0.));
#5075=DIRECTION('',(1.,0.,0.));
#5076=DIRECTION('center_axis',(0.,0.,-1.));
#5077=DIRECTION('ref_axis',(0.,-1.,0.));
#5078=DIRECTION('',(-0.999999999996774,2.54000830281543E-6,0.));
#5079=DIRECTION('',(-1.27000092833945E-5,0.999999999919355,0.));
#5080=DIRECTION('',(0.999999999999194,1.26999286113825E-6,0.));
#5081=DIRECTION('',(3.80998827491401E-6,-0.999999999992742,0.));
#5082=DIRECTION('center_axis',(-2.54000830281543E-6,-0.999999999996774,
0.));
#5083=DIRECTION('ref_axis',(-0.999999999996774,2.54000830281543E-6,0.));
#5084=DIRECTION('',(0.,0.,1.));
#5085=DIRECTION('',(-0.999999999996774,2.54000830281543E-6,0.));
#5086=DIRECTION('',(0.,0.,1.));
#5087=DIRECTION('center_axis',(-0.999999999919355,-1.27000092833945E-5,
0.));
#5088=DIRECTION('ref_axis',(-1.27000092833945E-5,0.999999999919355,0.));
#5089=DIRECTION('',(-1.27000092833945E-5,0.999999999919355,0.));
#5090=DIRECTION('',(0.,0.,1.));
#5091=DIRECTION('center_axis',(-1.26999286113825E-6,0.999999999999194,0.));
#5092=DIRECTION('ref_axis',(0.,0.,1.));
#5093=DIRECTION('',(0.999999999999194,1.26999286113825E-6,0.));
#5094=DIRECTION('',(0.,0.,1.));
#5095=DIRECTION('center_axis',(0.999999999992742,3.80998827491402E-6,0.));
#5096=DIRECTION('ref_axis',(0.,0.,-1.));
#5097=DIRECTION('',(3.80998827491401E-6,-0.999999999992742,0.));
#5098=DIRECTION('center_axis',(0.,0.,-1.));
#5099=DIRECTION('ref_axis',(0.,-1.,0.));
#5100=DIRECTION('',(-0.999999999996774,2.54000830281543E-6,0.));
#5101=DIRECTION('',(-1.27000092833945E-5,0.999999999919355,0.));
#5102=DIRECTION('',(0.999999999999194,1.26999286113825E-6,0.));
#5103=DIRECTION('',(3.80998827491401E-6,-0.999999999992742,0.));
#5104=DIRECTION('center_axis',(-2.54000830281543E-6,-0.999999999996774,
0.));
#5105=DIRECTION('ref_axis',(-0.999999999996774,2.54000830281543E-6,0.));
#5106=DIRECTION('',(0.,0.,1.));
#5107=DIRECTION('',(-0.999999999996774,2.54000830281543E-6,0.));
#5108=DIRECTION('',(0.,0.,1.));
#5109=DIRECTION('center_axis',(-0.999999999919355,-1.27000092833945E-5,
0.));
#5110=DIRECTION('ref_axis',(-1.27000092833945E-5,0.999999999919355,0.));
#5111=DIRECTION('',(-1.27000092833945E-5,0.999999999919355,0.));
#5112=DIRECTION('',(0.,0.,1.));
#5113=DIRECTION('center_axis',(-1.26999286113825E-6,0.999999999999194,0.));
#5114=DIRECTION('ref_axis',(0.,0.,1.));
#5115=DIRECTION('',(0.999999999999194,1.26999286113825E-6,0.));
#5116=DIRECTION('',(0.,0.,1.));
#5117=DIRECTION('center_axis',(0.999999999992742,3.80998827491402E-6,0.));
#5118=DIRECTION('ref_axis',(0.,0.,-1.));
#5119=DIRECTION('',(3.80998827491401E-6,-0.999999999992742,0.));
#5120=DIRECTION('center_axis',(0.,0.,1.));
#5121=DIRECTION('ref_axis',(1.,0.,0.));
#5122=DIRECTION('',(1.,0.,0.));
#5123=DIRECTION('',(0.,-1.,0.));
#5124=DIRECTION('',(-1.,0.,0.));
#5125=DIRECTION('',(0.,1.,0.));
#5126=DIRECTION('center_axis',(-1.,0.,0.));
#5127=DIRECTION('ref_axis',(0.,0.,1.));
#5128=DIRECTION('',(0.,0.,1.));
#5129=DIRECTION('',(0.,1.,0.));
#5130=DIRECTION('',(0.,0.,1.));
#5131=DIRECTION('center_axis',(0.,-1.,0.));
#5132=DIRECTION('ref_axis',(0.,0.,-1.));
#5133=DIRECTION('',(0.,0.,1.));
#5134=DIRECTION('',(-1.,0.,0.));
#5135=DIRECTION('center_axis',(1.,0.,0.));
#5136=DIRECTION('ref_axis',(0.,1.,0.));
#5137=DIRECTION('',(0.,0.,1.));
#5138=DIRECTION('',(0.,-1.,0.));
#5139=DIRECTION('center_axis',(0.,1.,0.));
#5140=DIRECTION('ref_axis',(1.,0.,0.));
#5141=DIRECTION('',(1.,0.,0.));
#5142=DIRECTION('center_axis',(0.,0.,1.));
#5143=DIRECTION('ref_axis',(1.,0.,0.));
#5144=DIRECTION('',(0.,1.,0.));
#5145=DIRECTION('',(1.,0.,0.));
#5146=DIRECTION('',(0.,-1.,0.));
#5147=DIRECTION('',(-1.,0.,0.));
#5148=DIRECTION('center_axis',(0.,-1.,0.));
#5149=DIRECTION('ref_axis',(0.,0.,-1.));
#5150=DIRECTION('',(0.,0.,1.));
#5151=DIRECTION('',(-1.,0.,0.));
#5152=DIRECTION('',(0.,0.,1.));
#5153=DIRECTION('center_axis',(1.,0.,0.));
#5154=DIRECTION('ref_axis',(0.,1.,0.));
#5155=DIRECTION('',(0.,0.,1.));
#5156=DIRECTION('',(0.,-1.,0.));
#5157=DIRECTION('center_axis',(0.,1.,0.));
#5158=DIRECTION('ref_axis',(1.,0.,0.));
#5159=DIRECTION('',(0.,0.,1.));
#5160=DIRECTION('',(1.,0.,0.));
#5161=DIRECTION('center_axis',(-1.,0.,0.));
#5162=DIRECTION('ref_axis',(0.,0.,1.));
#5163=DIRECTION('',(0.,1.,0.));
#5164=DIRECTION('center_axis',(0.,0.,1.));
#5165=DIRECTION('ref_axis',(1.,0.,0.));
#5166=DIRECTION('',(0.,1.,0.));
#5167=DIRECTION('',(1.,0.,0.));
#5168=DIRECTION('',(0.,-1.,0.));
#5169=DIRECTION('',(-1.,0.,0.));
#5170=DIRECTION('center_axis',(0.,-1.,0.));
#5171=DIRECTION('ref_axis',(0.,0.,-1.));
#5172=DIRECTION('',(0.,0.,1.));
#5173=DIRECTION('',(-1.,0.,0.));
#5174=DIRECTION('',(0.,0.,1.));
#5175=DIRECTION('center_axis',(1.,0.,0.));
#5176=DIRECTION('ref_axis',(0.,1.,0.));
#5177=DIRECTION('',(0.,0.,1.));
#5178=DIRECTION('',(0.,-1.,0.));
#5179=DIRECTION('center_axis',(0.,1.,0.));
#5180=DIRECTION('ref_axis',(1.,0.,0.));
#5181=DIRECTION('',(0.,0.,1.));
#5182=DIRECTION('',(1.,0.,0.));
#5183=DIRECTION('center_axis',(-1.,0.,0.));
#5184=DIRECTION('ref_axis',(0.,0.,1.));
#5185=DIRECTION('',(0.,1.,0.));
#5186=DIRECTION('center_axis',(0.,0.,1.));
#5187=DIRECTION('ref_axis',(1.,0.,0.));
#5188=DIRECTION('',(0.,1.,0.));
#5189=DIRECTION('',(1.,0.,0.));
#5190=DIRECTION('',(0.,-1.,0.));
#5191=DIRECTION('',(-1.,0.,0.));
#5192=DIRECTION('center_axis',(0.,-1.,0.));
#5193=DIRECTION('ref_axis',(0.,0.,-1.));
#5194=DIRECTION('',(0.,0.,1.));
#5195=DIRECTION('',(-1.,0.,0.));
#5196=DIRECTION('',(0.,0.,1.));
#5197=DIRECTION('center_axis',(1.,0.,0.));
#5198=DIRECTION('ref_axis',(0.,1.,0.));
#5199=DIRECTION('',(0.,0.,1.));
#5200=DIRECTION('',(0.,-1.,0.));
#5201=DIRECTION('center_axis',(0.,1.,0.));
#5202=DIRECTION('ref_axis',(1.,0.,0.));
#5203=DIRECTION('',(0.,0.,1.));
#5204=DIRECTION('',(1.,0.,0.));
#5205=DIRECTION('center_axis',(-1.,0.,0.));
#5206=DIRECTION('ref_axis',(0.,0.,1.));
#5207=DIRECTION('',(0.,1.,0.));
#5208=DIRECTION('center_axis',(0.,0.,1.));
#5209=DIRECTION('ref_axis',(1.,0.,0.));
#5210=DIRECTION('',(0.,1.,0.));
#5211=DIRECTION('',(1.,0.,0.));
#5212=DIRECTION('',(0.,-1.,0.));
#5213=DIRECTION('',(-1.,0.,0.));
#5214=DIRECTION('center_axis',(0.,-1.,0.));
#5215=DIRECTION('ref_axis',(0.,0.,-1.));
#5216=DIRECTION('',(0.,0.,1.));
#5217=DIRECTION('',(-1.,0.,0.));
#5218=DIRECTION('',(0.,0.,1.));
#5219=DIRECTION('center_axis',(1.,0.,0.));
#5220=DIRECTION('ref_axis',(0.,1.,0.));
#5221=DIRECTION('',(0.,0.,1.));
#5222=DIRECTION('',(0.,-1.,0.));
#5223=DIRECTION('center_axis',(0.,1.,0.));
#5224=DIRECTION('ref_axis',(1.,0.,0.));
#5225=DIRECTION('',(0.,0.,1.));
#5226=DIRECTION('',(1.,0.,0.));
#5227=DIRECTION('center_axis',(-1.,0.,0.));
#5228=DIRECTION('ref_axis',(0.,0.,1.));
#5229=DIRECTION('',(0.,1.,0.));
#5230=DIRECTION('center_axis',(0.,0.,1.));
#5231=DIRECTION('ref_axis',(1.,0.,0.));
#5232=DIRECTION('',(0.,1.,0.));
#5233=DIRECTION('',(1.,0.,0.));
#5234=DIRECTION('',(0.,-1.,0.));
#5235=DIRECTION('',(-1.,0.,0.));
#5236=DIRECTION('center_axis',(0.,-1.,0.));
#5237=DIRECTION('ref_axis',(0.,0.,-1.));
#5238=DIRECTION('',(0.,0.,1.));
#5239=DIRECTION('',(-1.,0.,0.));
#5240=DIRECTION('',(0.,0.,1.));
#5241=DIRECTION('center_axis',(1.,0.,0.));
#5242=DIRECTION('ref_axis',(0.,1.,0.));
#5243=DIRECTION('',(0.,0.,1.));
#5244=DIRECTION('',(0.,-1.,0.));
#5245=DIRECTION('center_axis',(0.,1.,0.));
#5246=DIRECTION('ref_axis',(1.,0.,0.));
#5247=DIRECTION('',(0.,0.,1.));
#5248=DIRECTION('',(1.,0.,0.));
#5249=DIRECTION('center_axis',(-1.,0.,0.));
#5250=DIRECTION('ref_axis',(0.,0.,1.));
#5251=DIRECTION('',(0.,1.,0.));
#5252=DIRECTION('center_axis',(0.,0.,-1.));
#5253=DIRECTION('ref_axis',(0.,-1.,0.));
#5254=DIRECTION('',(-0.999999999996774,2.54000830281543E-6,0.));
#5255=DIRECTION('',(-1.27000092833945E-5,0.999999999919355,0.));
#5256=DIRECTION('',(0.999999999999194,1.26999286113825E-6,0.));
#5257=DIRECTION('',(3.80998827491401E-6,-0.999999999992742,0.));
#5258=DIRECTION('center_axis',(-2.54000830281543E-6,-0.999999999996774,
0.));
#5259=DIRECTION('ref_axis',(-0.999999999996774,2.54000830281543E-6,0.));
#5260=DIRECTION('',(0.,0.,1.));
#5261=DIRECTION('',(-0.999999999996774,2.54000830281543E-6,0.));
#5262=DIRECTION('',(0.,0.,1.));
#5263=DIRECTION('center_axis',(-0.999999999919355,-1.27000092833945E-5,
0.));
#5264=DIRECTION('ref_axis',(-1.27000092833945E-5,0.999999999919355,0.));
#5265=DIRECTION('',(-1.27000092833945E-5,0.999999999919355,0.));
#5266=DIRECTION('',(0.,0.,1.));
#5267=DIRECTION('center_axis',(-1.26999286113825E-6,0.999999999999194,0.));
#5268=DIRECTION('ref_axis',(0.,0.,1.));
#5269=DIRECTION('',(0.999999999999194,1.26999286113825E-6,0.));
#5270=DIRECTION('',(0.,0.,1.));
#5271=DIRECTION('center_axis',(0.999999999992742,3.80998827491402E-6,0.));
#5272=DIRECTION('ref_axis',(0.,0.,-1.));
#5273=DIRECTION('',(3.80998827491401E-6,-0.999999999992742,0.));
#5274=DIRECTION('center_axis',(0.,0.,1.));
#5275=DIRECTION('ref_axis',(1.,0.,0.));
#5276=DIRECTION('',(-0.999999999996774,2.54000830281543E-6,0.));
#5277=DIRECTION('',(3.80998827491401E-6,-0.999999999992742,0.));
#5278=DIRECTION('',(0.999999999999194,1.26999286113825E-6,0.));
#5279=DIRECTION('',(-1.27000092833945E-5,0.999999999919355,0.));
#5280=DIRECTION('',(1.,0.,0.));
#5281=DIRECTION('',(0.,1.,0.));
#5282=DIRECTION('',(-1.,0.,0.));
#5283=DIRECTION('',(0.,-1.,0.));
#5284=DIRECTION('',(1.,0.,0.));
#5285=DIRECTION('',(0.,1.,0.));
#5286=DIRECTION('',(-1.,0.,0.));
#5287=DIRECTION('',(0.,-1.,0.));
#5288=DIRECTION('',(1.,0.,0.));
#5289=DIRECTION('',(0.,1.,0.));
#5290=DIRECTION('',(-1.,0.,0.));
#5291=DIRECTION('',(0.,-1.,0.));
#5292=DIRECTION('',(1.,0.,0.));
#5293=DIRECTION('',(0.,1.,0.));
#5294=DIRECTION('',(-1.,0.,0.));
#5295=DIRECTION('',(0.,-1.,0.));
#5296=DIRECTION('',(1.,0.,0.));
#5297=DIRECTION('',(0.,1.,0.));
#5298=DIRECTION('',(-1.,0.,0.));
#5299=DIRECTION('',(0.,-1.,0.));
#5300=DIRECTION('center_axis',(0.,0.,1.));
#5301=DIRECTION('ref_axis',(1.,0.,0.));
#5302=DIRECTION('center_axis',(0.,0.,-1.));
#5303=DIRECTION('ref_axis',(0.,-1.,0.));
#5304=DIRECTION('',(-0.999999999996774,2.54000830281543E-6,0.));
#5305=DIRECTION('',(-1.27000092833945E-5,0.999999999919355,0.));
#5306=DIRECTION('',(0.999999999999194,1.26999286113825E-6,0.));
#5307=DIRECTION('',(3.80998827491401E-6,-0.999999999992742,0.));
#5308=DIRECTION('center_axis',(-2.54000830281543E-6,-0.999999999996774,
0.));
#5309=DIRECTION('ref_axis',(-0.999999999996774,2.54000830281543E-6,0.));
#5310=DIRECTION('',(0.,0.,1.));
#5311=DIRECTION('',(0.,0.,1.));
#5312=DIRECTION('center_axis',(-0.999999999919355,-1.27000092833945E-5,
0.));
#5313=DIRECTION('ref_axis',(-1.27000092833945E-5,0.999999999919355,0.));
#5314=DIRECTION('',(0.,0.,1.));
#5315=DIRECTION('center_axis',(-1.26999286113825E-6,0.999999999999194,0.));
#5316=DIRECTION('ref_axis',(0.,0.,1.));
#5317=DIRECTION('',(0.,0.,1.));
#5318=DIRECTION('center_axis',(0.999999999992742,3.80998827491402E-6,0.));
#5319=DIRECTION('ref_axis',(0.,0.,-1.));
#5320=DIRECTION('center_axis',(0.,0.,1.));
#5321=DIRECTION('ref_axis',(1.,0.,0.));
#5322=DIRECTION('',(1.,0.,0.));
#5323=DIRECTION('',(0.,-1.,0.));
#5324=DIRECTION('',(-1.,0.,0.));
#5325=DIRECTION('',(0.,1.,0.));
#5326=DIRECTION('center_axis',(-1.,0.,0.));
#5327=DIRECTION('ref_axis',(0.,0.,1.));
#5328=DIRECTION('',(0.,0.,1.));
#5329=DIRECTION('',(0.,0.,1.));
#5330=DIRECTION('center_axis',(0.,-1.,0.));
#5331=DIRECTION('ref_axis',(0.,0.,-1.));
#5332=DIRECTION('',(0.,0.,1.));
#5333=DIRECTION('center_axis',(1.,0.,0.));
#5334=DIRECTION('ref_axis',(0.,1.,0.));
#5335=DIRECTION('',(0.,0.,1.));
#5336=DIRECTION('center_axis',(0.,1.,0.));
#5337=DIRECTION('ref_axis',(1.,0.,0.));
#5338=DIRECTION('center_axis',(0.,0.,1.));
#5339=DIRECTION('ref_axis',(1.,0.,0.));
#5340=DIRECTION('',(1.,0.,0.));
#5341=DIRECTION('',(0.,-1.,0.));
#5342=DIRECTION('',(-1.,0.,0.));
#5343=DIRECTION('',(0.,1.,0.));
#5344=DIRECTION('center_axis',(-1.,0.,0.));
#5345=DIRECTION('ref_axis',(0.,0.,1.));
#5346=DIRECTION('',(0.,0.,1.));
#5347=DIRECTION('',(0.,0.,1.));
#5348=DIRECTION('center_axis',(0.,-1.,0.));
#5349=DIRECTION('ref_axis',(0.,0.,-1.));
#5350=DIRECTION('',(0.,0.,1.));
#5351=DIRECTION('center_axis',(1.,0.,0.));
#5352=DIRECTION('ref_axis',(0.,1.,0.));
#5353=DIRECTION('',(0.,0.,1.));
#5354=DIRECTION('center_axis',(0.,1.,0.));
#5355=DIRECTION('ref_axis',(1.,0.,0.));
#5356=DIRECTION('center_axis',(0.,0.,1.));
#5357=DIRECTION('ref_axis',(1.,0.,0.));
#5358=DIRECTION('',(1.,0.,0.));
#5359=DIRECTION('',(0.,-1.,0.));
#5360=DIRECTION('',(-1.,0.,0.));
#5361=DIRECTION('',(0.,1.,0.));
#5362=DIRECTION('center_axis',(-1.,0.,0.));
#5363=DIRECTION('ref_axis',(0.,0.,1.));
#5364=DIRECTION('',(0.,0.,1.));
#5365=DIRECTION('',(0.,0.,1.));
#5366=DIRECTION('center_axis',(0.,-1.,0.));
#5367=DIRECTION('ref_axis',(0.,0.,-1.));
#5368=DIRECTION('',(0.,0.,1.));
#5369=DIRECTION('center_axis',(1.,0.,0.));
#5370=DIRECTION('ref_axis',(0.,1.,0.));
#5371=DIRECTION('',(0.,0.,1.));
#5372=DIRECTION('center_axis',(0.,1.,0.));
#5373=DIRECTION('ref_axis',(1.,0.,0.));
#5374=DIRECTION('center_axis',(0.,0.,1.));
#5375=DIRECTION('ref_axis',(1.,0.,0.));
#5376=DIRECTION('',(1.,0.,0.));
#5377=DIRECTION('',(0.,-1.,0.));
#5378=DIRECTION('',(-1.,0.,0.));
#5379=DIRECTION('',(0.,1.,0.));
#5380=DIRECTION('center_axis',(-1.,0.,0.));
#5381=DIRECTION('ref_axis',(0.,0.,1.));
#5382=DIRECTION('',(0.,0.,1.));
#5383=DIRECTION('',(0.,0.,1.));
#5384=DIRECTION('center_axis',(0.,-1.,0.));
#5385=DIRECTION('ref_axis',(0.,0.,-1.));
#5386=DIRECTION('',(0.,0.,1.));
#5387=DIRECTION('center_axis',(1.,0.,0.));
#5388=DIRECTION('ref_axis',(0.,1.,0.));
#5389=DIRECTION('',(0.,0.,1.));
#5390=DIRECTION('center_axis',(0.,1.,0.));
#5391=DIRECTION('ref_axis',(1.,0.,0.));
#5392=DIRECTION('center_axis',(0.,0.,1.));
#5393=DIRECTION('ref_axis',(1.,0.,0.));
#5394=DIRECTION('',(1.,0.,0.));
#5395=DIRECTION('',(0.,-1.,0.));
#5396=DIRECTION('',(-1.,0.,0.));
#5397=DIRECTION('',(0.,1.,0.));
#5398=DIRECTION('center_axis',(-1.,0.,0.));
#5399=DIRECTION('ref_axis',(0.,0.,1.));
#5400=DIRECTION('',(0.,0.,1.));
#5401=DIRECTION('',(0.,0.,1.));
#5402=DIRECTION('center_axis',(0.,-1.,0.));
#5403=DIRECTION('ref_axis',(0.,0.,-1.));
#5404=DIRECTION('',(0.,0.,1.));
#5405=DIRECTION('center_axis',(1.,0.,0.));
#5406=DIRECTION('ref_axis',(0.,1.,0.));
#5407=DIRECTION('',(0.,0.,1.));
#5408=DIRECTION('center_axis',(0.,1.,0.));
#5409=DIRECTION('ref_axis',(1.,0.,0.));
#5410=DIRECTION('center_axis',(0.,0.,-1.));
#5411=DIRECTION('ref_axis',(1.,0.,0.));
#5412=DIRECTION('center_axis',(0.,0.,1.));
#5413=DIRECTION('ref_axis',(1.,0.,0.));
#5414=DIRECTION('',(0.,0.,-1.));
#5415=DIRECTION('center_axis',(0.,0.,1.));
#5416=DIRECTION('ref_axis',(1.,0.,0.));
#5417=DIRECTION('axis',(0.,0.,1.));
#5418=DIRECTION('refdir',(1.,0.,0.));
#5419=DIRECTION('center_axis',(0.,0.,1.));
#5420=DIRECTION('ref_axis',(-4.3711388E-8,0.999999999999999,0.));
#5421=DIRECTION('',(4.37113881020425E-8,-0.999999999999999,0.));
#5422=DIRECTION('center_axis',(0.,0.,-1.));
#5423=DIRECTION('ref_axis',(-4.37113889497975E-8,0.999999999999999,0.));
#5424=DIRECTION('',(-0.999999999999999,-4.3711388E-8,0.));
#5425=DIRECTION('center_axis',(0.,0.,-1.));
#5426=DIRECTION('ref_axis',(-4.37113881263529E-8,0.999999999999999,0.));
#5427=DIRECTION('',(-4.37113878979574E-8,0.999999999999999,0.));
#5428=DIRECTION('center_axis',(0.,0.,-1.));
#5429=DIRECTION('ref_axis',(-4.37113881263529E-8,0.999999999999999,0.));
#5430=DIRECTION('',(0.999999999999999,4.3711388E-8,0.));
#5431=DIRECTION('center_axis',(0.,0.,-1.));
#5432=DIRECTION('ref_axis',(-4.37113881263529E-8,0.999999999999999,0.));
#5433=DIRECTION('center_axis',(0.999999999999999,4.37113878929183E-8,0.));
#5434=DIRECTION('ref_axis',(-4.37113878929183E-8,0.999999999999999,0.));
#5435=DIRECTION('center_axis',(0.999999999999999,4.3711388E-8,0.));
#5436=DIRECTION('ref_axis',(0.,0.,-1.));
#5437=DIRECTION('',(0.999999999999999,4.37113878929183E-8,0.));
#5438=DIRECTION('center_axis',(-0.999999999999999,-4.3711388E-8,0.));
#5439=DIRECTION('ref_axis',(0.,0.,1.));
#5440=DIRECTION('',(-0.999999999999999,-4.37113878929183E-8,0.));
#5441=DIRECTION('center_axis',(-0.707106750277928,-0.707106812095166,0.));
#5442=DIRECTION('ref_axis',(0.707106812095166,-0.707106750277928,0.));
#5443=DIRECTION('center_axis',(0.,0.,-1.));
#5444=DIRECTION('ref_axis',(0.378461272131382,0.925617126838466,0.));
#5445=DIRECTION('center_axis',(4.3711388E-8,-0.999999999999999,0.));
#5446=DIRECTION('ref_axis',(0.,0.,1.));
#5447=DIRECTION('center_axis',(-0.0037181083457563,0.00371810802443442,
0.999986175575967));
#5448=DIRECTION('ref_axis',(-0.377505076547674,-0.926005268874508,0.00203941103887656));
#5449=DIRECTION('center_axis',(-0.707106812095166,0.707106750277928,0.));
#5450=DIRECTION('ref_axis',(-0.707106750277928,-0.707106812095166,0.));
#5451=DIRECTION('center_axis',(-1.47741642376714E-17,-7.3801751960337E-17,
-1.));
#5452=DIRECTION('ref_axis',(0.925617126826074,-0.378461272161688,1.42558854817405E-17));
#5453=DIRECTION('center_axis',(0.00371810802443451,0.00371810834575644,
0.999986175575967));
#5454=DIRECTION('ref_axis',(0.926005268874511,-0.377505076547666,-0.00203941103887663));
#5455=DIRECTION('center_axis',(-4.3711388E-8,0.999999999999999,0.));
#5456=DIRECTION('ref_axis',(0.,0.,-1.));
#5457=DIRECTION('center_axis',(4.3711388E-8,-0.999999999999999,0.));
#5458=DIRECTION('ref_axis',(0.,0.,1.));
#5459=DIRECTION('',(4.3711388E-8,-0.999999999999999,0.));
#5460=DIRECTION('',(-4.3711388E-8,0.999999999999999,0.));
#5461=DIRECTION('center_axis',(4.3711388E-8,-0.999999999999999,0.));
#5462=DIRECTION('ref_axis',(0.,0.,1.));
#5463=DIRECTION('center_axis',(4.3711388E-8,-0.999999999999999,0.));
#5464=DIRECTION('ref_axis',(0.,0.,1.));
#5465=DIRECTION('',(4.3711388E-8,-0.999999999999999,0.));
#5466=DIRECTION('center_axis',(4.3711388E-8,-0.999999999999999,0.));
#5467=DIRECTION('ref_axis',(0.,0.,1.));
#5468=DIRECTION('',(-4.3711388E-8,0.999999999999999,0.));
#5469=DIRECTION('center_axis',(0.707106812095166,-0.707106750277928,0.));
#5470=DIRECTION('ref_axis',(0.707106750277928,0.707106812095166,0.));
#5471=DIRECTION('center_axis',(0.,0.,-1.));
#5472=DIRECTION('ref_axis',(0.925617126838451,-0.378461272131417,0.));
#5473=DIRECTION('center_axis',(0.999999999999999,4.3711388E-8,0.));
#5474=DIRECTION('ref_axis',(0.,0.,-1.));
#5475=DIRECTION('center_axis',(-0.00371810802443445,-0.00371810834575637,
0.999986175575967));
#5476=DIRECTION('ref_axis',(0.92600526887448,-0.377505076547741,0.00203941103887621));
#5477=DIRECTION('center_axis',(0.707106750277928,0.707106812095166,0.));
#5478=DIRECTION('ref_axis',(-0.707106812095166,0.707106750277928,0.));
#5479=DIRECTION('center_axis',(6.26199634220137E-17,-4.17134084365633E-17,
-1.));
#5480=DIRECTION('ref_axis',(0.378461272131404,0.925617126838457,-1.49114142501735E-17));
#5481=DIRECTION('center_axis',(0.00371810834575624,-0.00371810802443439,
0.999986175575967));
#5482=DIRECTION('ref_axis',(-0.377505076547555,-0.926005268874556,-0.00203941103887718));
#5483=DIRECTION('center_axis',(-0.999999999999999,-4.37113877858366E-8,
0.));
#5484=DIRECTION('ref_axis',(4.37113877858366E-8,-0.999999999999999,0.));
#5485=DIRECTION('',(-0.999999999999999,-4.37113877858366E-8,0.));
#5486=DIRECTION('center_axis',(-0.999999999999999,-4.3711388E-8,0.));
#5487=DIRECTION('ref_axis',(0.,0.,1.));
#5488=DIRECTION('',(0.999999999999999,4.37113877858366E-8,0.));
#5489=DIRECTION('center_axis',(0.,0.,-1.));
#5490=DIRECTION('ref_axis',(4.37113881263529E-8,-0.999999999999999,0.));
#5491=DIRECTION('center_axis',(0.,0.,1.));
#5492=DIRECTION('ref_axis',(4.37113873029082E-8,-0.999999999999999,0.));
#5493=DIRECTION('',(0.,0.,1.));
#5494=DIRECTION('',(0.,0.,-1.));
#5495=DIRECTION('center_axis',(0.,0.,-1.));
#5496=DIRECTION('ref_axis',(4.37113881263529E-8,-0.999999999999999,0.));
#5497=DIRECTION('center_axis',(0.,0.,1.));
#5498=DIRECTION('ref_axis',(4.37113881263529E-8,-0.999999999999999,0.));
#5499=DIRECTION('',(0.,0.,1.));
#5500=DIRECTION('',(0.,0.,-1.));
#5501=DIRECTION('center_axis',(0.,0.,-1.));
#5502=DIRECTION('ref_axis',(4.37113881263528E-8,-0.999999999999999,0.));
#5503=DIRECTION('center_axis',(0.,0.,1.));
#5504=DIRECTION('ref_axis',(4.37113881263528E-8,-0.999999999999999,0.));
#5505=DIRECTION('',(0.,0.,1.));
#5506=DIRECTION('',(0.,0.,-1.));
#5507=DIRECTION('center_axis',(0.,0.,-1.));
#5508=DIRECTION('ref_axis',(4.37113881263528E-8,-0.999999999999999,0.));
#5509=DIRECTION('center_axis',(0.,0.,1.));
#5510=DIRECTION('ref_axis',(4.37113881263528E-8,-0.999999999999999,0.));
#5511=DIRECTION('',(0.,0.,1.));
#5512=DIRECTION('',(0.,0.,-1.));
#5513=DIRECTION('center_axis',(0.707106812095166,-0.707106750277928,0.));
#5514=DIRECTION('ref_axis',(0.707106750277928,0.707106812095166,0.));
#5515=DIRECTION('center_axis',(0.999999999999999,4.37113880232992E-8,-6.672013369142E-16));
#5516=DIRECTION('ref_axis',(-6.67201336914201E-16,-1.91017832008622E-36,
-1.));
#5517=DIRECTION('center_axis',(-7.44588507025183E-15,-1.79823696742121E-14,
1.));
#5518=DIRECTION('ref_axis',(0.925617126962304,-0.378461271828504,8.64082490253788E-17));
#5519=DIRECTION('center_axis',(0.999999999999999,4.37113878929183E-8,0.));
#5520=DIRECTION('ref_axis',(-4.37113878929183E-8,0.999999999999999,0.));
#5521=DIRECTION('center_axis',(0.999999999999999,4.3711388E-8,0.));
#5522=DIRECTION('ref_axis',(0.,0.,-1.));
#5523=DIRECTION('',(-0.999999999999999,-4.37113878929183E-8,0.));
#5524=DIRECTION('',(0.999999999999999,4.37113878929183E-8,0.));
#5525=DIRECTION('center_axis',(4.3711388E-8,-0.999999999999999,0.));
#5526=DIRECTION('ref_axis',(0.,0.,1.));
#5527=DIRECTION('center_axis',(-4.3711388E-8,0.999999999999999,0.));
#5528=DIRECTION('ref_axis',(0.,0.,-1.));
#5529=DIRECTION('',(4.3711388E-8,-0.999999999999999,0.));
#5530=DIRECTION('center_axis',(-4.3711388E-8,0.999999999999999,0.));
#5531=DIRECTION('ref_axis',(0.,0.,-1.));
#5532=DIRECTION('',(-4.3711388E-8,0.999999999999999,0.));
#5533=DIRECTION('center_axis',(0.707106750277928,0.707106812095166,0.));
#5534=DIRECTION('ref_axis',(-0.707106812095166,0.707106750277928,0.));
#5535=DIRECTION('center_axis',(-4.3711388E-8,0.999999999999999,0.));
#5536=DIRECTION('ref_axis',(0.,0.,-1.));
#5537=DIRECTION('center_axis',(0.,0.,1.));
#5538=DIRECTION('ref_axis',(-0.378461271813719,-0.92561712696835,0.));
#5539=DIRECTION('center_axis',(-0.707106750277928,-0.707106812095166,0.));
#5540=DIRECTION('ref_axis',(0.707106812095166,-0.707106750277928,0.));
#5541=DIRECTION('center_axis',(-1.79823696742123E-14,7.44588507025193E-15,
1.));
#5542=DIRECTION('ref_axis',(-0.378461271828222,-0.92561712696242,8.6408249031325E-17));
#5543=DIRECTION('center_axis',(-4.3711388E-8,0.999999999999999,0.));
#5544=DIRECTION('ref_axis',(0.,0.,-1.));
#5545=DIRECTION('center_axis',(-4.3711387332392E-8,0.999999999999999,0.));
#5546=DIRECTION('ref_axis',(-0.999999999999999,-4.3711387332392E-8,0.));
#5547=DIRECTION('',(4.3711388E-8,-0.999999999999999,0.));
#5548=DIRECTION('',(-4.3711388E-8,0.999999999999999,0.));
#5549=DIRECTION('center_axis',(-0.999999999999999,-4.37113877858366E-8,
0.));
#5550=DIRECTION('ref_axis',(4.37113877858366E-8,-0.999999999999999,0.));
#5551=DIRECTION('center_axis',(0.999999999999999,4.3711388E-8,0.));
#5552=DIRECTION('ref_axis',(0.,0.,-1.));
#5553=DIRECTION('',(-0.999999999999999,-4.37113877858366E-8,0.));
#5554=DIRECTION('center_axis',(0.999999999999999,4.3711386664784E-8,0.));
#5555=DIRECTION('ref_axis',(-4.37113866647839E-8,0.999999999999999,0.));
#5556=DIRECTION('',(0.999999999999999,4.37113877858366E-8,0.));
#5557=DIRECTION('center_axis',(-0.707106812095166,0.707106750277928,0.));
#5558=DIRECTION('ref_axis',(-0.707106750277928,-0.707106812095166,0.));
#5559=DIRECTION('center_axis',(-7.44588507023841E-15,-1.79823696741797E-14,
1.));
#5560=DIRECTION('ref_axis',(0.925617126968291,-0.378461271813864,8.6408249333056E-17));
#5561=DIRECTION('center_axis',(-0.0348782642669374,0.0348782612177997,-0.998782765958719));
#5562=DIRECTION('ref_axis',(4.36847600534824E-8,-0.999390827019095,-0.0348994967025033));
#5563=DIRECTION('',(0.0348782642669375,-0.0348782612177829,0.998782765958719));
#5564=DIRECTION('center_axis',(-0.00371810834948176,0.00371810802070899,
0.999986175575967));
#5565=DIRECTION('ref_axis',(0.926005235871865,0.377505157501863,0.0020394110388753));
#5566=DIRECTION('',(-0.0348782642669375,0.0348782612177829,-0.998782765958719));
#5567=DIRECTION('center_axis',(-0.0348782612177997,-0.0348782642669374,
-0.998782765958719));
#5568=DIRECTION('ref_axis',(-0.999390827019095,-4.36847600536992E-8,0.0348994967025033));
#5569=DIRECTION('',(0.0348782612177829,0.0348782642669375,0.998782765958719));
#5570=DIRECTION('center_axis',(-0.00371810802070879,-0.00371810834948168,
0.999986175575967));
#5571=DIRECTION('ref_axis',(0.377505157501752,-0.92600523587191,-0.00203941103887588));
#5572=DIRECTION('',(-0.0348782612177829,-0.0348782642669375,-0.998782765958719));
#5573=DIRECTION('center_axis',(0.0348782642669374,-0.0348782612177997,-0.998782765958719));
#5574=DIRECTION('ref_axis',(4.36847600539161E-8,-0.999390827019095,0.0348994967025033));
#5575=DIRECTION('',(-0.0348782642669375,0.0348782612177829,0.998782765958719));
#5576=DIRECTION('center_axis',(0.0037181083494817,-0.00371810802070884,
0.999986175575967));
#5577=DIRECTION('ref_axis',(0.926005235871818,0.377505157501978,-0.0020394110388747));
#5578=DIRECTION('',(0.0348782642669375,-0.0348782612177829,-0.998782765958719));
#5579=DIRECTION('center_axis',(0.0348782612177997,0.0348782642669374,-0.998782765958719));
#5580=DIRECTION('ref_axis',(-0.999390827019095,-4.36847600536992E-8,-0.0348994967025033));
#5581=DIRECTION('',(-0.0348782612177829,-0.0348782642669375,0.998782765958719));
#5582=DIRECTION('center_axis',(0.00371810802070903,0.00371810834948178,
0.999986175575967));
#5583=DIRECTION('ref_axis',(0.377505157501708,-0.926005235871928,0.00203941103887612));
#5584=DIRECTION('',(0.0348782612177829,0.0348782642669375,-0.998782765958719));
#5585=DIRECTION('center_axis',(0.,0.,-1.));
#5586=DIRECTION('ref_axis',(0.999999999999999,4.3711388E-8,0.));
#5587=DIRECTION('',(-0.999999999999999,-4.3711388E-8,0.));
#5588=DIRECTION('',(4.37113881020425E-8,-0.999999999999999,0.));
#5589=DIRECTION('',(0.999999999999999,4.3711388E-8,0.));
#5590=DIRECTION('',(-4.37113878979574E-8,0.999999999999999,0.));
#5591=DIRECTION('center_axis',(0.,0.,-1.));
#5592=DIRECTION('ref_axis',(0.92561709375238,0.378461353051271,0.));
#5593=DIRECTION('center_axis',(-6.26199597753121E-17,-4.17134139109745E-17,
-1.));
#5594=DIRECTION('ref_axis',(-0.378461353051309,0.925617093752364,-1.49114142501825E-17));
#5595=DIRECTION('center_axis',(5.64875846005216E-17,-1.36421710443861E-16,
-1.));
#5596=DIRECTION('ref_axis',(0.925617093752376,0.378461353051279,6.55528770872792E-19));
#5597=DIRECTION('center_axis',(0.,0.,-1.));
#5598=DIRECTION('ref_axis',(-0.378461353051385,0.925617093752333,0.));
#5599=DIRECTION('center_axis',(0.999999999999999,4.37113881020426E-8,0.));
#5600=DIRECTION('ref_axis',(0.,0.,-1.));
#5601=DIRECTION('center_axis',(4.3711388E-8,-0.999999999999999,0.));
#5602=DIRECTION('ref_axis',(0.,0.,1.));
#5603=DIRECTION('center_axis',(-0.999999999999999,-4.3711388E-8,1.04126832432174E-32));
#5604=DIRECTION('ref_axis',(-4.3711388E-8,0.999999999999999,-1.020425574104E-16));
#5605=DIRECTION('center_axis',(-4.3711388E-8,0.999999999999999,0.));
#5606=DIRECTION('ref_axis',(-0.999999999999999,-4.3711388E-8,0.));
#5607=DIRECTION('center_axis',(0.,0.,1.));
#5608=DIRECTION('ref_axis',(-4.3711388E-8,0.999999999999999,0.));
#5609=DIRECTION('center_axis',(-1.79823690232721E-14,-7.4458866423205E-15,
1.));
#5610=DIRECTION('ref_axis',(0.378461352748705,-0.925617093876091,-8.64082490215506E-17));
#5611=DIRECTION('center_axis',(0.,0.,1.));
#5612=DIRECTION('ref_axis',(0.92561709388213,0.378461352733936,0.));
#5613=DIRECTION('center_axis',(0.,0.,1.));
#5614=DIRECTION('ref_axis',(0.378461352733831,-0.925617093882172,0.));
#5615=DIRECTION('center_axis',(-7.44588664232052E-15,1.79823690232721E-14,
1.));
#5616=DIRECTION('ref_axis',(0.925617093876164,0.378461352748526,8.64082490253222E-17));
#5617=DIRECTION('center_axis',(-0.999390827019095,-4.36847602034726E-8,
-0.0348994967025033));
#5618=DIRECTION('ref_axis',(4.3711388E-8,-0.999999999999999,2.06795153138257E-25));
#5619=DIRECTION('center_axis',(-4.36847599894396E-8,0.999390827019095,-0.0348994967025033));
#5620=DIRECTION('ref_axis',(0.999999999999999,4.3711388E-8,6.13283713976215E-15));
#5621=DIRECTION('center_axis',(0.999390827019095,4.36847602034726E-8,-0.0348994967025033));
#5622=DIRECTION('ref_axis',(-0.0348994967025033,-1.52550544136784E-9,-0.999390827019096));
#5623=DIRECTION('center_axis',(4.36847600964561E-8,-0.999390827019095,-0.0348994967025033));
#5624=DIRECTION('ref_axis',(1.52550544136784E-9,-0.0348994967025033,0.999390827019096));
#5625=DIRECTION('axis',(0.,0.,1.));
#5626=DIRECTION('refdir',(1.,0.,0.));
#5627=DIRECTION('center_axis',(0.,0.,1.));
#5628=DIRECTION('ref_axis',(1.,0.,0.));
#5629=DIRECTION('',(0.707106750277928,0.707106812095166,0.));
#5630=DIRECTION('center_axis',(0.,0.,-1.));
#5631=DIRECTION('ref_axis',(0.999999999999999,4.3711385205869E-8,0.));
#5632=DIRECTION('',(-0.999999999999999,-4.37113880532928E-8,0.));
#5633=DIRECTION('center_axis',(0.,0.,-1.));
#5634=DIRECTION('ref_axis',(0.999999999999999,4.3711385205869E-8,0.));
#5635=DIRECTION('',(4.37113880532928E-8,-0.999999999999999,0.));
#5636=DIRECTION('center_axis',(0.,0.,-1.));
#5637=DIRECTION('ref_axis',(0.999999999999999,4.37113869405925E-8,0.));
#5638=DIRECTION('',(-0.999999999999999,-4.37113880532928E-8,0.));
#5639=DIRECTION('center_axis',(0.,0.,-1.));
#5640=DIRECTION('ref_axis',(0.999999999999999,4.3711388675316E-8,0.));
#5641=DIRECTION('',(4.37113880532928E-8,-0.999999999999999,0.));
#5642=DIRECTION('center_axis',(0.,0.,-1.));
#5643=DIRECTION('ref_axis',(0.999999999999999,4.37113882416351E-8,0.));
#5644=DIRECTION('center_axis',(0.,0.,1.));
#5645=DIRECTION('ref_axis',(0.999999999999999,4.3711388675316E-8,0.));
#5646=DIRECTION('center_axis',(6.26385851004244E-24,6.61744490042422E-24,
1.));
#5647=DIRECTION('ref_axis',(4.14507385542592E-47,-1.,6.61744490042422E-24));
#5648=DIRECTION('',(0.,0.,1.));
#5649=DIRECTION('',(0.,0.,-1.));
#5650=DIRECTION('center_axis',(0.,0.,1.));
#5651=DIRECTION('ref_axis',(0.999999999999999,4.3711388675316E-8,0.));
#5652=DIRECTION('center_axis',(6.26385851004244E-24,6.61744490042422E-24,
1.));
#5653=DIRECTION('ref_axis',(4.14507385542592E-47,-1.,6.61744490042422E-24));
#5654=DIRECTION('',(0.,0.,1.));
#5655=DIRECTION('',(0.,0.,-1.));
#5656=DIRECTION('center_axis',(0.,0.,-1.));
#5657=DIRECTION('ref_axis',(-0.999999999999999,-4.3711388675316E-8,0.));
#5658=DIRECTION('center_axis',(6.26385851004244E-24,6.61744490042422E-24,
1.));
#5659=DIRECTION('ref_axis',(4.14507385542592E-47,-1.,6.61744490042422E-24));
#5660=DIRECTION('',(0.,0.,1.));
#5661=DIRECTION('',(0.,0.,-1.));
#5662=DIRECTION('center_axis',(4.37113880532928E-8,-0.999999999999999,0.));
#5663=DIRECTION('ref_axis',(0.999999999999999,4.37113880532928E-8,0.));
#5664=DIRECTION('',(-0.999999999999999,-4.37113880532928E-8,6.26385879930013E-24));
#5665=DIRECTION('center_axis',(0.999999999999999,4.37113880532928E-8,0.));
#5666=DIRECTION('ref_axis',(-4.37113880532928E-8,0.999999999999999,0.));
#5667=DIRECTION('',(4.37113880532928E-8,-0.999999999999999,6.61744462662226E-24));
#5668=DIRECTION('center_axis',(4.37113880532928E-8,-0.999999999999999,0.));
#5669=DIRECTION('ref_axis',(0.999999999999999,4.37113880532928E-8,0.));
#5670=DIRECTION('',(0.,0.,1.));
#5671=DIRECTION('',(-0.999999999999999,-4.37113880532928E-8,6.26385879930013E-24));
#5672=DIRECTION('center_axis',(0.999999999999999,4.37113880532928E-8,0.));
#5673=DIRECTION('ref_axis',(-4.37113880532928E-8,0.999999999999999,0.));
#5674=DIRECTION('',(4.37113880532928E-8,-0.999999999999999,6.61744462662226E-24));
#5675=DIRECTION('',(0.,0.,-1.));
#5676=DIRECTION('center_axis',(0.707106812095166,-0.707106750277928,0.));
#5677=DIRECTION('ref_axis',(0.707106750277928,0.707106812095166,0.));
#5678=DIRECTION('',(0.707106750277928,0.707106812095166,-9.10845700299124E-24));
#5679=DIRECTION('',(0.,0.,-1.));
#5680=DIRECTION('',(0.,0.,1.));
#5681=DIRECTION('center_axis',(0.,0.,1.));
#5682=DIRECTION('ref_axis',(0.999999999999999,4.3711388675316E-8,0.));
#5683=DIRECTION('center_axis',(6.26385851004244E-24,6.61744490042422E-24,
1.));
#5684=DIRECTION('ref_axis',(4.14507385542592E-47,-1.,6.61744490042422E-24));
#5685=DIRECTION('center_axis',(0.,0.,1.));
#5686=DIRECTION('ref_axis',(0.999999999999999,4.37113882416351E-8,0.));
#5687=DIRECTION('center_axis',(6.26385851004244E-24,6.61744490042422E-24,
1.));
#5688=DIRECTION('ref_axis',(4.14507385542592E-47,-1.,6.61744490042422E-24));
#5689=DIRECTION('center_axis',(-4.37113879789754E-8,0.999999999999999,-1.32348898008484E-23));
#5690=DIRECTION('ref_axis',(-0.999999999999999,-4.37113879789754E-8,-2.89257703627073E-31));
#5691=DIRECTION('',(0.999999999999999,4.37113879789754E-8,-6.26385879930013E-24));
#5692=DIRECTION('',(6.26385851004244E-24,6.61744490042422E-24,1.));
#5693=DIRECTION('',(0.999999999999999,4.37113879789754E-8,-6.26385879930013E-24));
#5694=DIRECTION('',(-6.26385851004244E-24,-6.61744490042422E-24,-1.));
#5695=DIRECTION('center_axis',(-5.78515393130744E-31,6.61744462662224E-24,
1.));
#5696=DIRECTION('ref_axis',(0.999999999999999,4.37113879789754E-8,2.89257703627073E-31));
#5697=DIRECTION('',(-0.707106750277928,-0.707106812095166,9.10845700299124E-24));
#5698=DIRECTION('center_axis',(-6.26385851004244E-24,-6.61744490042422E-24,
-1.));
#5699=DIRECTION('ref_axis',(-1.80700362080917E-15,-1.,6.61744490042423E-24));
#5700=DIRECTION('',(-0.999999999999999,-4.37113879789754E-8,6.26385879930013E-24));
#5701=DIRECTION('center_axis',(-6.26385851004244E-24,-6.61744490042422E-24,
-1.));
#5702=DIRECTION('ref_axis',(-1.44560289664734E-15,-1.,6.61744490042423E-24));
#5703=DIRECTION('',(-4.37113881457757E-8,0.999999999999999,-6.61744462662226E-24));
#5704=DIRECTION('center_axis',(-6.26385851004244E-24,-6.61744490042422E-24,
-1.));
#5705=DIRECTION('ref_axis',(4.14507385542592E-47,-1.,6.61744490042422E-24));
#5706=DIRECTION('center_axis',(-6.26385851004244E-24,-6.61744490042422E-24,
-1.));
#5707=DIRECTION('ref_axis',(4.14507385542592E-47,-1.,6.61744490042422E-24));
#5708=DIRECTION('',(4.37113880623756E-8,-0.999999999999999,6.61744462662226E-24));
#5709=DIRECTION('center_axis',(-6.26385851004244E-24,-6.61744490042422E-24,
-1.));
#5710=DIRECTION('ref_axis',(1.44560289664734E-15,-1.,6.61744490042421E-24));
#5711=DIRECTION('center_axis',(0.999999999999999,4.37113880623756E-8,2.89257702523281E-31));
#5712=DIRECTION('ref_axis',(-4.37113880623756E-8,0.999999999999999,-1.32348898008484E-23));
#5713=DIRECTION('',(4.37113880623756E-8,-0.999999999999999,6.61744462662226E-24));
#5714=DIRECTION('',(-6.26385851004244E-24,-6.61744490042422E-24,-1.));
#5715=DIRECTION('',(6.26385851004244E-24,6.61744490042422E-24,1.));
#5716=DIRECTION('center_axis',(-6.26385851004244E-24,-6.61744490042422E-24,
-1.));
#5717=DIRECTION('ref_axis',(-0.999999999999999,-4.3711388675316E-8,6.26385879930014E-24));
#5718=DIRECTION('center_axis',(6.26385851004244E-24,6.61744490042422E-24,
1.));
#5719=DIRECTION('ref_axis',(4.14507385542592E-47,-1.,6.61744490042422E-24));
#5720=DIRECTION('center_axis',(4.37113879789754E-8,-0.999999999999999,1.32348898008484E-23));
#5721=DIRECTION('ref_axis',(0.999999999999999,4.37113879789754E-8,2.89257703627073E-31));
#5722=DIRECTION('',(6.26385851004244E-24,6.61744490042422E-24,1.));
#5723=DIRECTION('',(-0.999999999999999,-4.37113879789754E-8,6.26385879930013E-24));
#5724=DIRECTION('',(-6.26385851004244E-24,-6.61744490042422E-24,-1.));
#5725=DIRECTION('center_axis',(-0.999999999999999,-4.37113881457757E-8,
-2.89257701419489E-31));
#5726=DIRECTION('ref_axis',(4.37113881457757E-8,-0.999999999999999,1.32348898008484E-23));
#5727=DIRECTION('',(-4.37113881457757E-8,0.999999999999999,-6.61744462662226E-24));
#5728=DIRECTION('',(-6.26385851004244E-24,-6.61744490042422E-24,-1.));
#5729=DIRECTION('',(6.26385851004244E-24,6.61744490042422E-24,1.));
#5730=DIRECTION('center_axis',(-6.26385851004244E-24,-6.61744490042422E-24,
-1.));
#5731=DIRECTION('ref_axis',(-0.999999999999999,-4.3711388675316E-8,6.26385879930014E-24));
#5732=DIRECTION('center_axis',(6.26385851004244E-24,6.61744490042422E-24,
1.));
#5733=DIRECTION('ref_axis',(4.14507385542592E-47,-1.,6.61744490042422E-24));
#5734=DIRECTION('center_axis',(-6.26385851004244E-24,-6.61744490042422E-24,
-1.));
#5735=DIRECTION('ref_axis',(-0.999999999999999,-4.3711388675316E-8,6.26385879930014E-24));
#5736=DIRECTION('center_axis',(6.26385851004244E-24,6.61744490042422E-24,
1.));
#5737=DIRECTION('ref_axis',(4.14507385542592E-47,-1.,6.61744490042422E-24));
#5738=DIRECTION('center_axis',(-5.78515393130744E-31,6.61744462662224E-24,
1.));
#5739=DIRECTION('ref_axis',(0.999999999999999,4.37113879789754E-8,2.89257703627073E-31));
#5740=DIRECTION('center_axis',(6.26385851004244E-24,6.61744490042422E-24,
1.));
#5741=DIRECTION('ref_axis',(4.14507385542592E-47,-1.,6.61744490042422E-24));
#5742=DIRECTION('',(-0.707106750277928,-0.707106812095166,9.10845700299124E-24));
#5743=DIRECTION('center_axis',(6.26385851004244E-24,6.61744490042422E-24,
1.));
#5744=DIRECTION('ref_axis',(4.14507385542592E-47,-1.,6.61744490042422E-24));
#5745=DIRECTION('center_axis',(0.707106812095166,-0.707106750277928,9.35848053097269E-24));
#5746=DIRECTION('ref_axis',(0.707106750277928,0.707106812095166,-9.35848012190053E-24));
#5747=DIRECTION('',(-6.26385851004244E-24,-6.61744490042422E-24,-1.));
#5748=DIRECTION('',(6.26385851004244E-24,6.61744490042422E-24,1.));
#5749=DIRECTION('center_axis',(-6.26385851004244E-24,-6.61744490042422E-24,
-1.));
#5750=DIRECTION('ref_axis',(-0.999999999999999,-4.3711388675316E-8,6.26385879930014E-24));
#5751=DIRECTION('center_axis',(-6.26385851004244E-24,-6.61744490042422E-24,
-1.));
#5752=DIRECTION('ref_axis',(-0.999999999999999,-4.37113879525146E-8,6.26385879930013E-24));
#5753=DIRECTION('',(0.,0.,1.));
#5754=DIRECTION('',(1.,0.,0.));
#5755=DIRECTION('',(0.,0.,1.));
#5756=DIRECTION('',(1.,0.,0.));
#5757=DIRECTION('',(0.,0.,1.));
#5758=DIRECTION('',(1.,0.,0.));
#5759=DIRECTION('center_axis',(-1.,0.,0.));
#5760=DIRECTION('ref_axis',(0.,-1.,0.));
#5761=DIRECTION('',(0.,1.,0.));
#5762=DIRECTION('',(0.,0.,1.));
#5763=DIRECTION('',(0.,-1.,0.));
#5764=DIRECTION('',(0.,0.,1.));
#5765=DIRECTION('center_axis',(0.,1.,0.));
#5766=DIRECTION('ref_axis',(-1.,0.,0.));
#5767=DIRECTION('',(1.,0.,0.));
#5768=DIRECTION('',(-1.,0.,0.));
#5769=DIRECTION('',(0.,0.,1.));
#5770=DIRECTION('center_axis',(1.,0.,0.));
#5771=DIRECTION('ref_axis',(0.,1.,0.));
#5772=DIRECTION('',(0.,-1.,0.));
#5773=DIRECTION('',(0.,1.,0.));
#5774=DIRECTION('',(0.,0.,1.));
#5775=DIRECTION('center_axis',(0.,-1.,0.));
#5776=DIRECTION('ref_axis',(1.,0.,0.));
#5777=DIRECTION('',(-1.,0.,0.));
#5778=DIRECTION('',(1.,0.,0.));
#5779=DIRECTION('center_axis',(0.,0.,1.));
#5780=DIRECTION('ref_axis',(1.,0.,0.));
#5781=DIRECTION('center_axis',(0.,0.,1.));
#5782=DIRECTION('ref_axis',(1.,0.,0.));
#5783=DIRECTION('center_axis',(1.,-8.19554398099279E-17,0.));
#5784=DIRECTION('ref_axis',(8.19554398099279E-17,1.,0.));
#5785=DIRECTION('',(-8.19554398099279E-17,-1.,0.));
#5786=DIRECTION('',(0.,0.,1.));
#5787=DIRECTION('',(8.19554398099279E-17,1.,0.));
#5788=DIRECTION('',(0.,0.,1.));
#5789=DIRECTION('center_axis',(0.,-1.,0.));
#5790=DIRECTION('ref_axis',(1.,0.,0.));
#5791=DIRECTION('',(-1.,0.,0.));
#5792=DIRECTION('',(1.,0.,0.));
#5793=DIRECTION('',(0.,0.,1.));
#5794=DIRECTION('center_axis',(-1.,0.,0.));
#5795=DIRECTION('ref_axis',(0.,-1.,0.));
#5796=DIRECTION('',(0.,1.,0.));
#5797=DIRECTION('',(0.,-1.,0.));
#5798=DIRECTION('',(0.,0.,1.));
#5799=DIRECTION('center_axis',(0.,1.,0.));
#5800=DIRECTION('ref_axis',(-1.,0.,0.));
#5801=DIRECTION('',(1.,0.,0.));
#5802=DIRECTION('',(-1.,0.,0.));
#5803=DIRECTION('center_axis',(0.,0.,1.));
#5804=DIRECTION('ref_axis',(1.,0.,0.));
#5805=DIRECTION('center_axis',(0.,0.,1.));
#5806=DIRECTION('ref_axis',(-1.,0.,0.));
#5807=DIRECTION('center_axis',(0.,1.,0.));
#5808=DIRECTION('ref_axis',(-1.,0.,0.));
#5809=DIRECTION('',(1.,0.,0.));
#5810=DIRECTION('',(0.,0.,1.));
#5811=DIRECTION('',(-1.,0.,0.));
#5812=DIRECTION('',(0.,0.,1.));
#5813=DIRECTION('center_axis',(1.,0.,0.));
#5814=DIRECTION('ref_axis',(0.,1.,0.));
#5815=DIRECTION('',(0.,-1.,0.));
#5816=DIRECTION('',(0.,1.,0.));
#5817=DIRECTION('',(0.,0.,1.));
#5818=DIRECTION('center_axis',(0.,-1.,0.));
#5819=DIRECTION('ref_axis',(1.,0.,0.));
#5820=DIRECTION('',(-1.,0.,0.));
#5821=DIRECTION('',(1.,0.,0.));
#5822=DIRECTION('',(0.,0.,1.));
#5823=DIRECTION('center_axis',(-1.,-1.09273919746571E-16,0.));
#5824=DIRECTION('ref_axis',(1.09273919746571E-16,-1.,0.));
#5825=DIRECTION('',(1.09273919746571E-16,-1.,0.));
#5826=DIRECTION('',(1.09273919746571E-16,-1.,0.));
#5827=DIRECTION('center_axis',(0.,0.,1.));
#5828=DIRECTION('ref_axis',(1.,0.,0.));
#5829=DIRECTION('center_axis',(0.,0.,1.));
#5830=DIRECTION('ref_axis',(-1.,0.,0.));
#5831=DIRECTION('center_axis',(-1.,0.,0.));
#5832=DIRECTION('ref_axis',(0.,-1.,0.));
#5833=DIRECTION('',(0.,1.,0.));
#5834=DIRECTION('',(0.,0.,1.));
#5835=DIRECTION('',(0.,-1.,0.));
#5836=DIRECTION('',(0.,0.,1.));
#5837=DIRECTION('center_axis',(0.,1.,0.));
#5838=DIRECTION('ref_axis',(-1.,0.,0.));
#5839=DIRECTION('',(1.,0.,0.));
#5840=DIRECTION('',(-1.,0.,0.));
#5841=DIRECTION('',(0.,0.,1.));
#5842=DIRECTION('center_axis',(1.,0.,0.));
#5843=DIRECTION('ref_axis',(0.,1.,0.));
#5844=DIRECTION('',(0.,-1.,0.));
#5845=DIRECTION('',(0.,1.,0.));
#5846=DIRECTION('',(0.,0.,1.));
#5847=DIRECTION('center_axis',(0.,-1.,0.));
#5848=DIRECTION('ref_axis',(1.,0.,0.));
#5849=DIRECTION('',(-1.,0.,0.));
#5850=DIRECTION('',(1.,0.,0.));
#5851=DIRECTION('center_axis',(0.,0.,1.));
#5852=DIRECTION('ref_axis',(1.,0.,0.));
#5853=DIRECTION('center_axis',(0.,0.,1.));
#5854=DIRECTION('ref_axis',(-1.,0.,0.));
#5855=DIRECTION('center_axis',(-1.,0.,0.));
#5856=DIRECTION('ref_axis',(0.,-1.,0.));
#5857=DIRECTION('',(0.,1.,0.));
#5858=DIRECTION('',(0.,0.,1.));
#5859=DIRECTION('',(0.,-1.,0.));
#5860=DIRECTION('',(0.,0.,1.));
#5861=DIRECTION('center_axis',(0.,1.,0.));
#5862=DIRECTION('ref_axis',(-1.,0.,0.));
#5863=DIRECTION('',(1.,0.,0.));
#5864=DIRECTION('',(-1.,0.,0.));
#5865=DIRECTION('',(0.,0.,1.));
#5866=DIRECTION('center_axis',(1.,0.,0.));
#5867=DIRECTION('ref_axis',(0.,1.,0.));
#5868=DIRECTION('',(0.,-1.,0.));
#5869=DIRECTION('',(0.,1.,0.));
#5870=DIRECTION('',(0.,0.,1.));
#5871=DIRECTION('center_axis',(0.,-1.,0.));
#5872=DIRECTION('ref_axis',(1.,0.,0.));
#5873=DIRECTION('',(-1.,0.,0.));
#5874=DIRECTION('',(1.,0.,0.));
#5875=DIRECTION('center_axis',(0.,0.,1.));
#5876=DIRECTION('ref_axis',(1.,0.,0.));
#5877=DIRECTION('center_axis',(0.,0.,1.));
#5878=DIRECTION('ref_axis',(-1.,0.,0.));
#5879=DIRECTION('center_axis',(-1.,0.,0.));
#5880=DIRECTION('ref_axis',(0.,-1.,0.));
#5881=DIRECTION('',(0.,1.,0.));
#5882=DIRECTION('',(0.,0.,1.));
#5883=DIRECTION('',(0.,-1.,0.));
#5884=DIRECTION('',(0.,0.,1.));
#5885=DIRECTION('center_axis',(0.,1.,0.));
#5886=DIRECTION('ref_axis',(-1.,0.,0.));
#5887=DIRECTION('',(1.,0.,0.));
#5888=DIRECTION('',(-1.,0.,0.));
#5889=DIRECTION('',(0.,0.,1.));
#5890=DIRECTION('center_axis',(1.,0.,0.));
#5891=DIRECTION('ref_axis',(0.,1.,0.));
#5892=DIRECTION('',(0.,-1.,0.));
#5893=DIRECTION('',(0.,1.,0.));
#5894=DIRECTION('',(0.,0.,1.));
#5895=DIRECTION('center_axis',(0.,-1.,0.));
#5896=DIRECTION('ref_axis',(1.,0.,0.));
#5897=DIRECTION('',(-1.,0.,0.));
#5898=DIRECTION('',(1.,0.,0.));
#5899=DIRECTION('center_axis',(0.,0.,1.));
#5900=DIRECTION('ref_axis',(1.,0.,0.));
#5901=DIRECTION('center_axis',(0.,0.,1.));
#5902=DIRECTION('ref_axis',(-1.,0.,0.));
#5903=DIRECTION('',(0.,0.,1.));
#5904=DIRECTION('',(1.,0.,0.));
#5905=DIRECTION('',(0.,0.,1.));
#5906=DIRECTION('',(-1.,-1.22464679914735E-16,0.));
#5907=CARTESIAN_POINT('',(0.,0.,0.));
#5908=CARTESIAN_POINT('',(0.,0.,0.));
#5909=CARTESIAN_POINT('Origin',(-4.02726698767709,-9.00715463560284,3.98));
#5910=CARTESIAN_POINT('',(-4.02726698767709,-9.65715463560285,3.98));
#5911=CARTESIAN_POINT('',(-4.02726698767709,-9.00715463560284,3.98));
#5912=CARTESIAN_POINT('',(-4.02726698767709,-9.65715463560285,3.98));
#5913=CARTESIAN_POINT('',(-4.02726698767709,-9.65715463560285,10.13));
#5914=CARTESIAN_POINT('',(-4.02726698767709,-9.65715463560285,3.98));
#5915=CARTESIAN_POINT('',(-4.02726698767709,-9.00715463560284,10.13));
#5916=CARTESIAN_POINT('',(-4.02726698767709,-9.65715463560285,10.13));
#5917=CARTESIAN_POINT('',(-4.02726698767709,-9.00715463560284,3.98));
#5918=CARTESIAN_POINT('Origin',(-3.37726698767709,-9.00715463560284,3.98));
#5919=CARTESIAN_POINT('',(-3.37726698767709,-9.00715463560284,3.98));
#5920=CARTESIAN_POINT('',(-4.02726698767709,-9.00715463560284,3.98));
#5921=CARTESIAN_POINT('',(-3.37726698767709,-9.00715463560284,10.13));
#5922=CARTESIAN_POINT('',(-4.02726698767709,-9.00715463560284,10.13));
#5923=CARTESIAN_POINT('',(-3.37726698767709,-9.00715463560284,3.98));
#5924=CARTESIAN_POINT('Origin',(-3.37726698767709,-9.65715463560285,3.98));
#5925=CARTESIAN_POINT('',(-3.37726698767709,-9.65715463560285,3.98));
#5926=CARTESIAN_POINT('',(-3.37726698767709,-9.00715463560284,3.98));
#5927=CARTESIAN_POINT('',(-3.37726698767709,-9.65715463560285,10.13));
#5928=CARTESIAN_POINT('',(-3.37726698767709,-9.00715463560284,10.13));
#5929=CARTESIAN_POINT('',(-3.37726698767709,-9.65715463560285,3.98));
#5930=CARTESIAN_POINT('Origin',(-4.02726698767709,-9.65715463560285,3.98));
#5931=CARTESIAN_POINT('',(-3.37726698767709,-9.65715463560285,3.98));
#5932=CARTESIAN_POINT('',(-3.37726698767709,-9.65715463560285,10.13));
#5933=CARTESIAN_POINT('Origin',(-3.70226698767709,-9.33215463560284,10.13));
#5934=CARTESIAN_POINT('Origin',(-3.70226698767709,-9.33215463560284,3.98));
#5935=CARTESIAN_POINT('Origin',(-1.48726698767709,-9.00715463560284,3.98));
#5936=CARTESIAN_POINT('',(-1.48726698767709,-9.65715463560285,3.98));
#5937=CARTESIAN_POINT('',(-1.48726698767709,-9.00715463560284,3.98));
#5938=CARTESIAN_POINT('',(-1.48726698767709,-9.65715463560285,3.98));
#5939=CARTESIAN_POINT('',(-1.48726698767709,-9.65715463560285,10.13));
#5940=CARTESIAN_POINT('',(-1.48726698767709,-9.65715463560285,3.98));
#5941=CARTESIAN_POINT('',(-1.48726698767709,-9.00715463560284,10.13));
#5942=CARTESIAN_POINT('',(-1.48726698767709,-9.65715463560285,10.13));
#5943=CARTESIAN_POINT('',(-1.48726698767709,-9.00715463560284,3.98));
#5944=CARTESIAN_POINT('Origin',(-0.837266987677087,-9.00715463560284,3.98));
#5945=CARTESIAN_POINT('',(-0.837266987677087,-9.00715463560284,3.98));
#5946=CARTESIAN_POINT('',(-1.48726698767709,-9.00715463560284,3.98));
#5947=CARTESIAN_POINT('',(-0.837266987677087,-9.00715463560284,10.13));
#5948=CARTESIAN_POINT('',(-1.48726698767709,-9.00715463560284,10.13));
#5949=CARTESIAN_POINT('',(-0.837266987677087,-9.00715463560284,3.98));
#5950=CARTESIAN_POINT('Origin',(-0.837266987677087,-9.65715463560285,3.98));
#5951=CARTESIAN_POINT('',(-0.837266987677087,-9.65715463560285,3.98));
#5952=CARTESIAN_POINT('',(-0.837266987677087,-9.00715463560284,3.98));
#5953=CARTESIAN_POINT('',(-0.837266987677087,-9.65715463560285,10.13));
#5954=CARTESIAN_POINT('',(-0.837266987677087,-9.00715463560284,10.13));
#5955=CARTESIAN_POINT('',(-0.837266987677087,-9.65715463560285,3.98));
#5956=CARTESIAN_POINT('Origin',(-1.48726698767709,-9.65715463560285,3.98));
#5957=CARTESIAN_POINT('',(-0.837266987677087,-9.65715463560285,3.98));
#5958=CARTESIAN_POINT('',(-0.837266987677087,-9.65715463560285,10.13));
#5959=CARTESIAN_POINT('Origin',(-1.16226698767709,-9.33215463560284,10.13));
#5960=CARTESIAN_POINT('Origin',(-1.16226698767709,-9.33215463560284,3.98));
#5961=CARTESIAN_POINT('Origin',(1.97273301232291,-9.00715463560284,3.98));
#5962=CARTESIAN_POINT('',(1.97273301232291,-9.65715463560285,3.98));
#5963=CARTESIAN_POINT('',(1.97273301232291,-9.00715463560284,3.98));
#5964=CARTESIAN_POINT('',(1.97273301232291,-9.65715463560285,3.98));
#5965=CARTESIAN_POINT('',(1.97273301232291,-9.65715463560285,10.13));
#5966=CARTESIAN_POINT('',(1.97273301232291,-9.65715463560285,3.98));
#5967=CARTESIAN_POINT('',(1.97273301232291,-9.00715463560284,10.13));
#5968=CARTESIAN_POINT('',(1.97273301232291,-9.65715463560285,10.13));
#5969=CARTESIAN_POINT('',(1.97273301232291,-9.00715463560284,3.98));
#5970=CARTESIAN_POINT('Origin',(2.62273301232291,-9.00715463560284,3.98));
#5971=CARTESIAN_POINT('',(2.62273301232291,-9.00715463560284,3.98));
#5972=CARTESIAN_POINT('',(1.97273301232291,-9.00715463560284,3.98));
#5973=CARTESIAN_POINT('',(2.62273301232291,-9.00715463560284,10.13));
#5974=CARTESIAN_POINT('',(1.97273301232291,-9.00715463560284,10.13));
#5975=CARTESIAN_POINT('',(2.62273301232291,-9.00715463560284,3.98));
#5976=CARTESIAN_POINT('Origin',(2.62273301232291,-9.65715463560285,3.98));
#5977=CARTESIAN_POINT('',(2.62273301232291,-9.65715463560285,3.98));
#5978=CARTESIAN_POINT('',(2.62273301232291,-9.00715463560284,3.98));
#5979=CARTESIAN_POINT('',(2.62273301232291,-9.65715463560285,10.13));
#5980=CARTESIAN_POINT('',(2.62273301232291,-9.00715463560284,10.13));
#5981=CARTESIAN_POINT('',(2.62273301232291,-9.65715463560285,3.98));
#5982=CARTESIAN_POINT('Origin',(1.97273301232291,-9.65715463560285,3.98));
#5983=CARTESIAN_POINT('',(2.62273301232291,-9.65715463560285,3.98));
#5984=CARTESIAN_POINT('',(2.62273301232291,-9.65715463560285,10.13));
#5985=CARTESIAN_POINT('Origin',(2.29773301232291,-9.33215463560284,10.13));
#5986=CARTESIAN_POINT('Origin',(2.29773301232291,-9.33215463560284,3.98));
#5987=CARTESIAN_POINT('Origin',(4.51273301232291,-9.00715463560284,3.98));
#5988=CARTESIAN_POINT('',(4.51273301232291,-9.65715463560285,3.98));
#5989=CARTESIAN_POINT('',(4.51273301232291,-9.00715463560284,3.98));
#5990=CARTESIAN_POINT('',(4.51273301232291,-9.65715463560285,3.98));
#5991=CARTESIAN_POINT('',(4.51273301232291,-9.65715463560285,10.13));
#5992=CARTESIAN_POINT('',(4.51273301232291,-9.65715463560285,3.98));
#5993=CARTESIAN_POINT('',(4.51273301232291,-9.00715463560284,10.13));
#5994=CARTESIAN_POINT('',(4.51273301232291,-9.65715463560285,10.13));
#5995=CARTESIAN_POINT('',(4.51273301232291,-9.00715463560284,3.98));
#5996=CARTESIAN_POINT('Origin',(5.16273301232291,-9.00715463560284,3.98));
#5997=CARTESIAN_POINT('',(5.16273301232291,-9.00715463560284,3.98));
#5998=CARTESIAN_POINT('',(4.51273301232291,-9.00715463560284,3.98));
#5999=CARTESIAN_POINT('',(5.16273301232291,-9.00715463560284,10.13));
#6000=CARTESIAN_POINT('',(4.51273301232291,-9.00715463560284,10.13));
#6001=CARTESIAN_POINT('',(5.16273301232291,-9.00715463560284,3.98));
#6002=CARTESIAN_POINT('Origin',(5.16273301232291,-9.65715463560285,3.98));
#6003=CARTESIAN_POINT('',(5.16273301232291,-9.65715463560285,3.98));
#6004=CARTESIAN_POINT('',(5.16273301232291,-9.00715463560284,3.98));
#6005=CARTESIAN_POINT('',(5.16273301232291,-9.65715463560285,10.13));
#6006=CARTESIAN_POINT('',(5.16273301232291,-9.00715463560284,10.13));
#6007=CARTESIAN_POINT('',(5.16273301232291,-9.65715463560285,3.98));
#6008=CARTESIAN_POINT('Origin',(4.51273301232291,-9.65715463560285,3.98));
#6009=CARTESIAN_POINT('',(5.16273301232291,-9.65715463560285,3.98));
#6010=CARTESIAN_POINT('',(5.16273301232291,-9.65715463560285,10.13));
#6011=CARTESIAN_POINT('Origin',(4.83773301232291,-9.33215463560284,10.13));
#6012=CARTESIAN_POINT('Origin',(4.83773301232291,-9.33215463560284,3.98));
#6013=CARTESIAN_POINT('',(0.,0.,0.));
#6014=CARTESIAN_POINT('',(0.,0.,0.));
#6015=CARTESIAN_POINT('Origin',(-2.899984123281,3.250004759375,-0.818999767303));
#6016=CARTESIAN_POINT('',(-2.899984123281,3.250004759375,-0.818999767303));
#6017=CARTESIAN_POINT('',(-2.899984123281,4.750006839375,-0.818999767303));
#6018=CARTESIAN_POINT('',(-2.899984123281,3.250004759375,-0.818999767303));
#6019=CARTESIAN_POINT('',(-2.099985723281,4.750006839375,-0.818999767303));
#6020=CARTESIAN_POINT('',(-2.899984123281,4.750006839375,-0.818999767303));
#6021=CARTESIAN_POINT('',(-2.099985723281,3.250004759375,-0.818999767303));
#6022=CARTESIAN_POINT('',(-2.099985723281,4.750006839375,-0.818999767303));
#6023=CARTESIAN_POINT('',(-2.099985723281,3.250004759375,-0.818999767303));
#6024=CARTESIAN_POINT('Origin',(-2.099985723281,3.250004759375,-0.818999767303));
#6025=CARTESIAN_POINT('',(-2.099985723281,3.250004759375,-0.79999892));
#6026=CARTESIAN_POINT('',(-2.099985723281,3.250004759375,-0.818999767303));
#6027=CARTESIAN_POINT('',(-2.899984123281,3.250004759375,-0.79999892));
#6028=CARTESIAN_POINT('',(-2.099985723281,3.250004759375,-0.79999892));
#6029=CARTESIAN_POINT('',(-2.899984123281,3.250004759375,-0.818999767303));
#6030=CARTESIAN_POINT('Origin',(-2.099985723281,4.750006839375,-0.818999767303));
#6031=CARTESIAN_POINT('',(-2.099985723281,4.750006839375,-0.79999892));
#6032=CARTESIAN_POINT('',(-2.099985723281,4.750006839375,-0.818999767303));
#6033=CARTESIAN_POINT('',(-2.099985723281,4.750006839375,-0.79999892));
#6034=CARTESIAN_POINT('Origin',(-2.899984123281,4.750006839375,-0.818999767303));
#6035=CARTESIAN_POINT('',(-2.899984123281,4.750006839375,-0.79999892));
#6036=CARTESIAN_POINT('',(-2.899984123281,4.750006839375,-0.818999767303));
#6037=CARTESIAN_POINT('',(-2.899984123281,4.750006839375,-0.79999892));
#6038=CARTESIAN_POINT('Origin',(-2.899984123281,3.250004759375,-0.818999767303));
#6039=CARTESIAN_POINT('',(-2.899984123281,3.250004759375,-0.79999892));
#6040=CARTESIAN_POINT('Origin',(-1.649984123281,3.250004759375,-0.818999767303));
#6041=CARTESIAN_POINT('',(-1.649984123281,3.250004759375,-0.818999767303));
#6042=CARTESIAN_POINT('',(-1.649984123281,4.750006839375,-0.818999767303));
#6043=CARTESIAN_POINT('',(-1.649984123281,3.250004759375,-0.818999767303));
#6044=CARTESIAN_POINT('',(-0.849985723281,4.750006839375,-0.818999767303));
#6045=CARTESIAN_POINT('',(-1.649984123281,4.750006839375,-0.818999767303));
#6046=CARTESIAN_POINT('',(-0.849985723281,3.250004759375,-0.818999767303));
#6047=CARTESIAN_POINT('',(-0.849985723281,4.750006839375,-0.818999767303));
#6048=CARTESIAN_POINT('',(-0.849985723281,3.250004759375,-0.818999767303));
#6049=CARTESIAN_POINT('Origin',(-0.849985723281,3.250004759375,-0.818999767303));
#6050=CARTESIAN_POINT('',(-0.849985723281,3.250004759375,-0.79999892));
#6051=CARTESIAN_POINT('',(-0.849985723281,3.250004759375,-0.818999767303));
#6052=CARTESIAN_POINT('',(-1.649984123281,3.250004759375,-0.79999892));
#6053=CARTESIAN_POINT('',(-0.849985723281,3.250004759375,-0.79999892));
#6054=CARTESIAN_POINT('',(-1.649984123281,3.250004759375,-0.818999767303));
#6055=CARTESIAN_POINT('Origin',(-0.849985723281,4.750006839375,-0.818999767303));
#6056=CARTESIAN_POINT('',(-0.849985723281,4.750006839375,-0.79999892));
#6057=CARTESIAN_POINT('',(-0.849985723281,4.750006839375,-0.818999767303));
#6058=CARTESIAN_POINT('',(-0.849985723281,4.750006839375,-0.79999892));
#6059=CARTESIAN_POINT('Origin',(-1.649984123281,4.750006839375,-0.818999767303));
#6060=CARTESIAN_POINT('',(-1.649984123281,4.750006839375,-0.79999892));
#6061=CARTESIAN_POINT('',(-1.649984123281,4.750006839375,-0.818999767303));
#6062=CARTESIAN_POINT('',(-1.649984123281,4.750006839375,-0.79999892));
#6063=CARTESIAN_POINT('Origin',(-1.649984123281,3.250004759375,-0.818999767303));
#6064=CARTESIAN_POINT('',(-1.649984123281,3.250004759375,-0.79999892));
#6065=CARTESIAN_POINT('Origin',(-0.399984123281,3.250004759375,-0.818999767303));
#6066=CARTESIAN_POINT('',(-0.399984123281,3.250004759375,-0.818999767303));
#6067=CARTESIAN_POINT('',(-0.399984123281,4.750006839375,-0.818999767303));
#6068=CARTESIAN_POINT('',(-0.399984123281,3.250004759375,-0.818999767303));
#6069=CARTESIAN_POINT('',(0.400014276719,4.750006839375,-0.818999767303));
#6070=CARTESIAN_POINT('',(-0.399984123281,4.750006839375,-0.818999767303));
#6071=CARTESIAN_POINT('',(0.400014276719,3.250004759375,-0.818999767303));
#6072=CARTESIAN_POINT('',(0.400014276719,4.750006839375,-0.818999767303));
#6073=CARTESIAN_POINT('',(0.400014276719,3.250004759375,-0.818999767303));
#6074=CARTESIAN_POINT('Origin',(0.400014276719,3.250004759375,-0.818999767303));
#6075=CARTESIAN_POINT('',(0.400014276719,3.250004759375,-0.79999892));
#6076=CARTESIAN_POINT('',(0.400014276719,3.250004759375,-0.818999767303));
#6077=CARTESIAN_POINT('',(-0.399984123281,3.250004759375,-0.79999892));
#6078=CARTESIAN_POINT('',(0.400014276719,3.250004759375,-0.79999892));
#6079=CARTESIAN_POINT('',(-0.399984123281,3.250004759375,-0.818999767303));
#6080=CARTESIAN_POINT('Origin',(0.400014276719,4.750006839375,-0.818999767303));
#6081=CARTESIAN_POINT('',(0.400014276719,4.750006839375,-0.79999892));
#6082=CARTESIAN_POINT('',(0.400014276719,4.750006839375,-0.818999767303));
#6083=CARTESIAN_POINT('',(0.400014276719,4.750006839375,-0.79999892));
#6084=CARTESIAN_POINT('Origin',(-0.399984123281,4.750006839375,-0.818999767303));
#6085=CARTESIAN_POINT('',(-0.399984123281,4.750006839375,-0.79999892));
#6086=CARTESIAN_POINT('',(-0.399984123281,4.750006839375,-0.818999767303));
#6087=CARTESIAN_POINT('',(-0.399984123281,4.750006839375,-0.79999892));
#6088=CARTESIAN_POINT('Origin',(-0.399984123281,3.250004759375,-0.818999767303));
#6089=CARTESIAN_POINT('',(-0.399984123281,3.250004759375,-0.79999892));
#6090=CARTESIAN_POINT('Origin',(0.849985359141,3.250004759375,-0.818999767303));
#6091=CARTESIAN_POINT('',(0.849985359141,3.250004759375,-0.818999767303));
#6092=CARTESIAN_POINT('',(0.849985359141,4.750006839375,-0.818999767303));
#6093=CARTESIAN_POINT('',(0.849985359141,3.250004759375,-0.818999767303));
#6094=CARTESIAN_POINT('',(1.649983759141,4.750006839375,-0.818999767303));
#6095=CARTESIAN_POINT('',(0.849985359141,4.750006839375,-0.818999767303));
#6096=CARTESIAN_POINT('',(1.649983759141,3.250004759375,-0.818999767303));
#6097=CARTESIAN_POINT('',(1.649983759141,4.750006839375,-0.818999767303));
#6098=CARTESIAN_POINT('',(1.649983759141,3.250004759375,-0.818999767303));
#6099=CARTESIAN_POINT('Origin',(1.649983759141,3.250004759375,-0.818999767303));
#6100=CARTESIAN_POINT('',(1.649983759141,3.250004759375,-0.79999892));
#6101=CARTESIAN_POINT('',(1.649983759141,3.250004759375,-0.818999767303));
#6102=CARTESIAN_POINT('',(0.849985359141,3.250004759375,-0.79999892));
#6103=CARTESIAN_POINT('',(1.649983759141,3.250004759375,-0.79999892));
#6104=CARTESIAN_POINT('',(0.849985359141,3.250004759375,-0.818999767303));
#6105=CARTESIAN_POINT('Origin',(1.649983759141,4.750006839375,-0.818999767303));
#6106=CARTESIAN_POINT('',(1.649983759141,4.750006839375,-0.79999892));
#6107=CARTESIAN_POINT('',(1.649983759141,4.750006839375,-0.818999767303));
#6108=CARTESIAN_POINT('',(1.649983759141,4.750006839375,-0.79999892));
#6109=CARTESIAN_POINT('Origin',(0.849985359141,4.750006839375,-0.818999767303));
#6110=CARTESIAN_POINT('',(0.849985359141,4.750006839375,-0.79999892));
#6111=CARTESIAN_POINT('',(0.849985359141,4.750006839375,-0.818999767303));
#6112=CARTESIAN_POINT('',(0.849985359141,4.750006839375,-0.79999892));
#6113=CARTESIAN_POINT('Origin',(0.849985359141,3.250004759375,-0.818999767303));
#6114=CARTESIAN_POINT('',(0.849985359141,3.250004759375,-0.79999892));
#6115=CARTESIAN_POINT('Origin',(2.099985359141,3.250004759375,-0.818999767303));
#6116=CARTESIAN_POINT('',(2.099985359141,3.250004759375,-0.818999767303));
#6117=CARTESIAN_POINT('',(2.099985359141,4.750006839375,-0.818999767303));
#6118=CARTESIAN_POINT('',(2.099985359141,3.250004759375,-0.818999767303));
#6119=CARTESIAN_POINT('',(2.899983759141,4.750006839375,-0.818999767303));
#6120=CARTESIAN_POINT('',(2.099985359141,4.750006839375,-0.818999767303));
#6121=CARTESIAN_POINT('',(2.899983759141,3.250004759375,-0.818999767303));
#6122=CARTESIAN_POINT('',(2.899983759141,4.750006839375,-0.818999767303));
#6123=CARTESIAN_POINT('',(2.899983759141,3.250004759375,-0.818999767303));
#6124=CARTESIAN_POINT('Origin',(2.899983759141,3.250004759375,-0.818999767303));
#6125=CARTESIAN_POINT('',(2.899983759141,3.250004759375,-0.79999892));
#6126=CARTESIAN_POINT('',(2.899983759141,3.250004759375,-0.818999767303));
#6127=CARTESIAN_POINT('',(2.099985359141,3.250004759375,-0.79999892));
#6128=CARTESIAN_POINT('',(2.899983759141,3.250004759375,-0.79999892));
#6129=CARTESIAN_POINT('',(2.099985359141,3.250004759375,-0.818999767303));
#6130=CARTESIAN_POINT('Origin',(2.899983759141,4.750006839375,-0.818999767303));
#6131=CARTESIAN_POINT('',(2.899983759141,4.750006839375,-0.79999892));
#6132=CARTESIAN_POINT('',(2.899983759141,4.750006839375,-0.818999767303));
#6133=CARTESIAN_POINT('',(2.899983759141,4.750006839375,-0.79999892));
#6134=CARTESIAN_POINT('Origin',(2.099985359141,4.750006839375,-0.818999767303));
#6135=CARTESIAN_POINT('',(2.099985359141,4.750006839375,-0.79999892));
#6136=CARTESIAN_POINT('',(2.099985359141,4.750006839375,-0.818999767303));
#6137=CARTESIAN_POINT('',(2.099985359141,4.750006839375,-0.79999892));
#6138=CARTESIAN_POINT('Origin',(2.099985359141,3.250004759375,-0.818999767303));
#6139=CARTESIAN_POINT('',(2.099985359141,3.250004759375,-0.79999892));
#6140=CARTESIAN_POINT('Origin',(5.050000190735,-5.050000190735,-0.79399892));
#6141=CARTESIAN_POINT('',(5.050000190735,-5.050000190735,-0.79999892));
#6142=CARTESIAN_POINT('',(5.050000190735,-5.050000190735,0.));
#6143=CARTESIAN_POINT('',(5.050000190735,-5.050000190735,-0.79399892));
#6144=CARTESIAN_POINT('',(-5.050000190735,-5.050000190735,0.));
#6145=CARTESIAN_POINT('',(5.050000190735,-5.050000190735,0.));
#6146=CARTESIAN_POINT('',(-5.050000190735,-5.050000190735,-0.79999892));
#6147=CARTESIAN_POINT('',(-5.050000190735,-5.050000190735,-0.79399892));
#6148=CARTESIAN_POINT('',(5.050000190735,-5.050000190735,-0.79999892));
#6149=CARTESIAN_POINT('Origin',(5.050000190735,5.050000190735,-0.79399892));
#6150=CARTESIAN_POINT('',(5.050000190735,5.050000190735,-0.79999892));
#6151=CARTESIAN_POINT('',(5.050000190735,5.050000190735,0.));
#6152=CARTESIAN_POINT('',(5.050000190735,5.050000190735,-0.79399892));
#6153=CARTESIAN_POINT('',(5.050000190735,5.050000190735,0.));
#6154=CARTESIAN_POINT('',(5.050000190735,5.050000190735,-0.79999892));
#6155=CARTESIAN_POINT('Origin',(-5.050000190735,5.050000190735,-0.79399892));
#6156=CARTESIAN_POINT('',(-5.050000190735,5.050000190735,-0.79999892));
#6157=CARTESIAN_POINT('',(-5.050000190735,5.050000190735,0.));
#6158=CARTESIAN_POINT('',(-5.050000190735,5.050000190735,-0.79399892));
#6159=CARTESIAN_POINT('',(-5.050000190735,5.050000190735,0.));
#6160=CARTESIAN_POINT('',(-5.050000190735,5.050000190735,-0.79999892));
#6161=CARTESIAN_POINT('Origin',(-5.050000190735,-5.050000190735,-0.79399892));
#6162=CARTESIAN_POINT('',(-5.050000190735,-5.050000190735,0.));
#6163=CARTESIAN_POINT('',(-5.050000190735,-5.050000190735,-0.79999892));
#6164=CARTESIAN_POINT('Origin',(3.249983519141,2.900004999375,-0.818999767303));
#6165=CARTESIAN_POINT('',(3.249983519141,2.900004999375,-0.818999767303));
#6166=CARTESIAN_POINT('',(4.749985599141,2.900004999375,-0.818999767303));
#6167=CARTESIAN_POINT('',(3.249983519141,2.900004999375,-0.818999767303));
#6168=CARTESIAN_POINT('',(4.749985599141,2.100006599375,-0.818999767303));
#6169=CARTESIAN_POINT('',(4.749985599141,2.900004999375,-0.818999767303));
#6170=CARTESIAN_POINT('',(3.249983519141,2.100006599375,-0.818999767303));
#6171=CARTESIAN_POINT('',(4.749985599141,2.100006599375,-0.818999767303));
#6172=CARTESIAN_POINT('',(3.249983519141,2.100006599375,-0.818999767303));
#6173=CARTESIAN_POINT('Origin',(3.249983519141,2.100006599375,-0.818999767303));
#6174=CARTESIAN_POINT('',(3.249983519141,2.100006599375,-0.79999892));
#6175=CARTESIAN_POINT('',(3.249983519141,2.100006599375,-0.818999767303));
#6176=CARTESIAN_POINT('',(3.249983519141,2.900004999375,-0.79999892));
#6177=CARTESIAN_POINT('',(3.249983519141,2.100006599375,-0.79999892));
#6178=CARTESIAN_POINT('',(3.249983519141,2.900004999375,-0.818999767303));
#6179=CARTESIAN_POINT('Origin',(4.749985599141,2.100006599375,-0.818999767303));
#6180=CARTESIAN_POINT('',(4.749985599141,2.100006599375,-0.79999892));
#6181=CARTESIAN_POINT('',(4.749985599141,2.100006599375,-0.818999767303));
#6182=CARTESIAN_POINT('',(4.749985599141,2.100006599375,-0.79999892));
#6183=CARTESIAN_POINT('Origin',(4.749985599141,2.900004999375,-0.818999767303));
#6184=CARTESIAN_POINT('',(4.749985599141,2.900004999375,-0.79999892));
#6185=CARTESIAN_POINT('',(4.749985599141,2.900004999375,-0.818999767303));
#6186=CARTESIAN_POINT('',(4.749985599141,2.900004999375,-0.79999892));
#6187=CARTESIAN_POINT('Origin',(3.249983519141,2.900004999375,-0.818999767303));
#6188=CARTESIAN_POINT('',(3.249983519141,2.900004999375,-0.79999892));
#6189=CARTESIAN_POINT('Origin',(3.249983519141,1.650004999375,-0.818999767303));
#6190=CARTESIAN_POINT('',(3.249983519141,1.650004999375,-0.818999767303));
#6191=CARTESIAN_POINT('',(4.749985599141,1.650004999375,-0.818999767303));
#6192=CARTESIAN_POINT('',(3.249983519141,1.650004999375,-0.818999767303));
#6193=CARTESIAN_POINT('',(4.749985599141,0.850006599375,-0.818999767303));
#6194=CARTESIAN_POINT('',(4.749985599141,1.650004999375,-0.818999767303));
#6195=CARTESIAN_POINT('',(3.249983519141,0.850006599375,-0.818999767303));
#6196=CARTESIAN_POINT('',(4.749985599141,0.850006599375,-0.818999767303));
#6197=CARTESIAN_POINT('',(3.249983519141,0.850006599375,-0.818999767303));
#6198=CARTESIAN_POINT('Origin',(3.249983519141,0.850006599375,-0.818999767303));
#6199=CARTESIAN_POINT('',(3.249983519141,0.850006599375,-0.79999892));
#6200=CARTESIAN_POINT('',(3.249983519141,0.850006599375,-0.818999767303));
#6201=CARTESIAN_POINT('',(3.249983519141,1.650004999375,-0.79999892));
#6202=CARTESIAN_POINT('',(3.249983519141,0.850006599375,-0.79999892));
#6203=CARTESIAN_POINT('',(3.249983519141,1.650004999375,-0.818999767303));
#6204=CARTESIAN_POINT('Origin',(4.749985599141,0.850006599375,-0.818999767303));
#6205=CARTESIAN_POINT('',(4.749985599141,0.850006599375,-0.79999892));
#6206=CARTESIAN_POINT('',(4.749985599141,0.850006599375,-0.818999767303));
#6207=CARTESIAN_POINT('',(4.749985599141,0.850006599375,-0.79999892));
#6208=CARTESIAN_POINT('Origin',(4.749985599141,1.650004999375,-0.818999767303));
#6209=CARTESIAN_POINT('',(4.749985599141,1.650004999375,-0.79999892));
#6210=CARTESIAN_POINT('',(4.749985599141,1.650004999375,-0.818999767303));
#6211=CARTESIAN_POINT('',(4.749985599141,1.650004999375,-0.79999892));
#6212=CARTESIAN_POINT('Origin',(3.249983519141,1.650004999375,-0.818999767303));
#6213=CARTESIAN_POINT('',(3.249983519141,1.650004999375,-0.79999892));
#6214=CARTESIAN_POINT('Origin',(3.249983519141,0.400004999375,-0.818999767303));
#6215=CARTESIAN_POINT('',(3.249983519141,0.400004999375,-0.818999767303));
#6216=CARTESIAN_POINT('',(4.749985599141,0.400004999375,-0.818999767303));
#6217=CARTESIAN_POINT('',(3.249983519141,0.400004999375,-0.818999767303));
#6218=CARTESIAN_POINT('',(4.749985599141,-0.399993400625,-0.818999767303));
#6219=CARTESIAN_POINT('',(4.749985599141,0.400004999375,-0.818999767303));
#6220=CARTESIAN_POINT('',(3.249983519141,-0.399993400625,-0.818999767303));
#6221=CARTESIAN_POINT('',(4.749985599141,-0.399993400625,-0.818999767303));
#6222=CARTESIAN_POINT('',(3.249983519141,-0.399993400625,-0.818999767303));
#6223=CARTESIAN_POINT('Origin',(3.249983519141,-0.399993400625,-0.818999767303));
#6224=CARTESIAN_POINT('',(3.249983519141,-0.399993400625,-0.79999892));
#6225=CARTESIAN_POINT('',(3.249983519141,-0.399993400625,-0.818999767303));
#6226=CARTESIAN_POINT('',(3.249983519141,0.400004999375,-0.79999892));
#6227=CARTESIAN_POINT('',(3.249983519141,-0.399993400625,-0.79999892));
#6228=CARTESIAN_POINT('',(3.249983519141,0.400004999375,-0.818999767303));
#6229=CARTESIAN_POINT('Origin',(4.749985599141,-0.399993400625,-0.818999767303));
#6230=CARTESIAN_POINT('',(4.749985599141,-0.399993400625,-0.79999892));
#6231=CARTESIAN_POINT('',(4.749985599141,-0.399993400625,-0.818999767303));
#6232=CARTESIAN_POINT('',(4.749985599141,-0.399993400625,-0.79999892));
#6233=CARTESIAN_POINT('Origin',(4.749985599141,0.400004999375,-0.818999767303));
#6234=CARTESIAN_POINT('',(4.749985599141,0.400004999375,-0.79999892));
#6235=CARTESIAN_POINT('',(4.749985599141,0.400004999375,-0.818999767303));
#6236=CARTESIAN_POINT('',(4.749985599141,0.400004999375,-0.79999892));
#6237=CARTESIAN_POINT('Origin',(3.249983519141,0.400004999375,-0.818999767303));
#6238=CARTESIAN_POINT('',(3.249983519141,0.400004999375,-0.79999892));
#6239=CARTESIAN_POINT('Origin',(3.249983519141,-0.850010259414,-0.818999767303));
#6240=CARTESIAN_POINT('',(3.249983519141,-0.850010259414,-0.818999767303));
#6241=CARTESIAN_POINT('',(4.749985599141,-0.850010259414,-0.818999767303));
#6242=CARTESIAN_POINT('',(3.249983519141,-0.850010259414,-0.818999767303));
#6243=CARTESIAN_POINT('',(4.749985599141,-1.650008659414,-0.818999767303));
#6244=CARTESIAN_POINT('',(4.749985599141,-0.850010259414,-0.818999767303));
#6245=CARTESIAN_POINT('',(3.249983519141,-1.650008659414,-0.818999767303));
#6246=CARTESIAN_POINT('',(4.749985599141,-1.650008659414,-0.818999767303));
#6247=CARTESIAN_POINT('',(3.249983519141,-1.650008659414,-0.818999767303));
#6248=CARTESIAN_POINT('Origin',(3.249983519141,-1.650008659414,-0.818999767303));
#6249=CARTESIAN_POINT('',(3.249983519141,-1.650008659414,-0.79999892));
#6250=CARTESIAN_POINT('',(3.249983519141,-1.650008659414,-0.818999767303));
#6251=CARTESIAN_POINT('',(3.249983519141,-0.850010259414,-0.79999892));
#6252=CARTESIAN_POINT('',(3.249983519141,-1.650008659414,-0.79999892));
#6253=CARTESIAN_POINT('',(3.249983519141,-0.850010259414,-0.818999767303));
#6254=CARTESIAN_POINT('Origin',(4.749985599141,-1.650008659414,-0.818999767303));
#6255=CARTESIAN_POINT('',(4.749985599141,-1.650008659414,-0.79999892));
#6256=CARTESIAN_POINT('',(4.749985599141,-1.650008659414,-0.818999767303));
#6257=CARTESIAN_POINT('',(4.749985599141,-1.650008659414,-0.79999892));
#6258=CARTESIAN_POINT('Origin',(4.749985599141,-0.850010259414,-0.818999767303));
#6259=CARTESIAN_POINT('',(4.749985599141,-0.850010259414,-0.79999892));
#6260=CARTESIAN_POINT('',(4.749985599141,-0.850010259414,-0.818999767303));
#6261=CARTESIAN_POINT('',(4.749985599141,-0.850010259414,-0.79999892));
#6262=CARTESIAN_POINT('Origin',(3.249983519141,-0.850010259414,-0.818999767303));
#6263=CARTESIAN_POINT('',(3.249983519141,-0.850010259414,-0.79999892));
#6264=CARTESIAN_POINT('Origin',(0.250006916719,2.250008879375,-0.828999757767));
#6265=CARTESIAN_POINT('',(2.250000376719,2.250003799375,-0.828999757767));
#6266=CARTESIAN_POINT('',(0.250006916719,2.250008879375,-0.828999757767));
#6267=CARTESIAN_POINT('',(2.250000376719,2.250003799375,-0.828999757767));
#6268=CARTESIAN_POINT('',(2.250025776719,0.250005259375,-0.828999757767));
#6269=CARTESIAN_POINT('',(2.250025776719,0.250005259375,-0.828999757767));
#6270=CARTESIAN_POINT('',(0.250014536719,0.250002719375,-0.828999757767));
#6271=CARTESIAN_POINT('',(0.250014536719,0.250002719375,-0.828999757767));
#6272=CARTESIAN_POINT('',(0.250006916719,2.250008879375,-0.828999757767));
#6273=CARTESIAN_POINT('Origin',(2.250000376719,2.250003799375,-0.828999757767));
#6274=CARTESIAN_POINT('',(0.250006916719,2.250008879375,-0.79999892));
#6275=CARTESIAN_POINT('',(0.250006916719,2.250008879375,-0.828999757767));
#6276=CARTESIAN_POINT('',(2.250000376719,2.250003799375,-0.79999892));
#6277=CARTESIAN_POINT('',(2.250000376719,2.250003799375,-0.79999892));
#6278=CARTESIAN_POINT('',(2.250000376719,2.250003799375,-0.828999757767));
#6279=CARTESIAN_POINT('Origin',(2.250025776719,0.250005259375,-0.828999757767));
#6280=CARTESIAN_POINT('',(2.250025776719,0.250005259375,-0.79999892));
#6281=CARTESIAN_POINT('',(2.250025776719,0.250005259375,-0.79999892));
#6282=CARTESIAN_POINT('',(2.250025776719,0.250005259375,-0.828999757767));
#6283=CARTESIAN_POINT('Origin',(0.250014536719,0.250002719375,-0.828999757767));
#6284=CARTESIAN_POINT('',(0.250014536719,0.250002719375,-0.79999892));
#6285=CARTESIAN_POINT('',(0.250014536719,0.250002719375,-0.79999892));
#6286=CARTESIAN_POINT('',(0.250014536719,0.250002719375,-0.828999757767));
#6287=CARTESIAN_POINT('Origin',(0.250006916719,2.250008879375,-0.828999757767));
#6288=CARTESIAN_POINT('',(0.250006916719,2.250008879375,-0.79999892));
#6289=CARTESIAN_POINT('Origin',(0.250006916719,-0.249991120625,-0.828999757767));
#6290=CARTESIAN_POINT('',(2.250000376719,-0.249996200625,-0.828999757767));
#6291=CARTESIAN_POINT('',(0.250006916719,-0.249991120625,-0.828999757767));
#6292=CARTESIAN_POINT('',(2.250000376719,-0.249996200625,-0.828999757767));
#6293=CARTESIAN_POINT('',(2.250025776719,-2.249994740625,-0.828999757767));
#6294=CARTESIAN_POINT('',(2.250025776719,-2.249994740625,-0.828999757767));
#6295=CARTESIAN_POINT('',(0.250014536719,-2.249997280625,-0.828999757767));
#6296=CARTESIAN_POINT('',(0.250014536719,-2.249997280625,-0.828999757767));
#6297=CARTESIAN_POINT('',(0.250006916719,-0.249991120625,-0.828999757767));
#6298=CARTESIAN_POINT('Origin',(2.250000376719,-0.249996200625,-0.828999757767));
#6299=CARTESIAN_POINT('',(0.250006916719,-0.249991120625,-0.79999892));
#6300=CARTESIAN_POINT('',(0.250006916719,-0.249991120625,-0.828999757767));
#6301=CARTESIAN_POINT('',(2.250000376719,-0.249996200625,-0.79999892));
#6302=CARTESIAN_POINT('',(2.250000376719,-0.249996200625,-0.79999892));
#6303=CARTESIAN_POINT('',(2.250000376719,-0.249996200625,-0.828999757767));
#6304=CARTESIAN_POINT('Origin',(2.250025776719,-2.249994740625,-0.828999757767));
#6305=CARTESIAN_POINT('',(2.250025776719,-2.249994740625,-0.79999892));
#6306=CARTESIAN_POINT('',(2.250025776719,-2.249994740625,-0.79999892));
#6307=CARTESIAN_POINT('',(2.250025776719,-2.249994740625,-0.828999757767));
#6308=CARTESIAN_POINT('Origin',(0.250014536719,-2.249997280625,-0.828999757767));
#6309=CARTESIAN_POINT('',(0.250014536719,-2.249997280625,-0.79999892));
#6310=CARTESIAN_POINT('',(0.250014536719,-2.249997280625,-0.79999892));
#6311=CARTESIAN_POINT('',(0.250014536719,-2.249997280625,-0.828999757767));
#6312=CARTESIAN_POINT('Origin',(0.250006916719,-0.249991120625,-0.828999757767));
#6313=CARTESIAN_POINT('',(0.250006916719,-0.249991120625,-0.79999892));
#6314=CARTESIAN_POINT('Origin',(3.249983519141,-2.100010259414,-0.818999767303));
#6315=CARTESIAN_POINT('',(3.249983519141,-2.100010259414,-0.818999767303));
#6316=CARTESIAN_POINT('',(4.749985599141,-2.100010259414,-0.818999767303));
#6317=CARTESIAN_POINT('',(3.249983519141,-2.100010259414,-0.818999767303));
#6318=CARTESIAN_POINT('',(4.749985599141,-2.900008659414,-0.818999767303));
#6319=CARTESIAN_POINT('',(4.749985599141,-2.100010259414,-0.818999767303));
#6320=CARTESIAN_POINT('',(3.249983519141,-2.900008659414,-0.818999767303));
#6321=CARTESIAN_POINT('',(4.749985599141,-2.900008659414,-0.818999767303));
#6322=CARTESIAN_POINT('',(3.249983519141,-2.900008659414,-0.818999767303));
#6323=CARTESIAN_POINT('Origin',(3.249983519141,-2.900008659414,-0.818999767303));
#6324=CARTESIAN_POINT('',(3.249983519141,-2.900008659414,-0.79999892));
#6325=CARTESIAN_POINT('',(3.249983519141,-2.900008659414,-0.818999767303));
#6326=CARTESIAN_POINT('',(3.249983519141,-2.100010259414,-0.79999892));
#6327=CARTESIAN_POINT('',(3.249983519141,-2.900008659414,-0.79999892));
#6328=CARTESIAN_POINT('',(3.249983519141,-2.100010259414,-0.818999767303));
#6329=CARTESIAN_POINT('Origin',(4.749985599141,-2.900008659414,-0.818999767303));
#6330=CARTESIAN_POINT('',(4.749985599141,-2.900008659414,-0.79999892));
#6331=CARTESIAN_POINT('',(4.749985599141,-2.900008659414,-0.818999767303));
#6332=CARTESIAN_POINT('',(4.749985599141,-2.900008659414,-0.79999892));
#6333=CARTESIAN_POINT('Origin',(4.749985599141,-2.100010259414,-0.818999767303));
#6334=CARTESIAN_POINT('',(4.749985599141,-2.100010259414,-0.79999892));
#6335=CARTESIAN_POINT('',(4.749985599141,-2.100010259414,-0.818999767303));
#6336=CARTESIAN_POINT('',(4.749985599141,-2.100010259414,-0.79999892));
#6337=CARTESIAN_POINT('Origin',(3.249983519141,-2.100010259414,-0.818999767303));
#6338=CARTESIAN_POINT('',(3.249983519141,-2.100010259414,-0.79999892));
#6339=CARTESIAN_POINT('Origin',(2.100015876719,-4.749995240625,-0.818999767303));
#6340=CARTESIAN_POINT('',(2.100015876719,-4.749995240625,-0.818999767303));
#6341=CARTESIAN_POINT('',(2.100015876719,-3.249993160625,-0.818999767303));
#6342=CARTESIAN_POINT('',(2.100015876719,-4.749995240625,-0.818999767303));
#6343=CARTESIAN_POINT('',(2.900014276719,-3.249993160625,-0.818999767303));
#6344=CARTESIAN_POINT('',(2.100015876719,-3.249993160625,-0.818999767303));
#6345=CARTESIAN_POINT('',(2.900014276719,-4.749995240625,-0.818999767303));
#6346=CARTESIAN_POINT('',(2.900014276719,-3.249993160625,-0.818999767303));
#6347=CARTESIAN_POINT('',(2.900014276719,-4.749995240625,-0.818999767303));
#6348=CARTESIAN_POINT('Origin',(2.900014276719,-4.749995240625,-0.818999767303));
#6349=CARTESIAN_POINT('',(2.900014276719,-4.749995240625,-0.79999892));
#6350=CARTESIAN_POINT('',(2.900014276719,-4.749995240625,-0.818999767303));
#6351=CARTESIAN_POINT('',(2.100015876719,-4.749995240625,-0.79999892));
#6352=CARTESIAN_POINT('',(2.900014276719,-4.749995240625,-0.79999892));
#6353=CARTESIAN_POINT('',(2.100015876719,-4.749995240625,-0.818999767303));
#6354=CARTESIAN_POINT('Origin',(2.900014276719,-3.249993160625,-0.818999767303));
#6355=CARTESIAN_POINT('',(2.900014276719,-3.249993160625,-0.79999892));
#6356=CARTESIAN_POINT('',(2.900014276719,-3.249993160625,-0.818999767303));
#6357=CARTESIAN_POINT('',(2.900014276719,-3.249993160625,-0.79999892));
#6358=CARTESIAN_POINT('Origin',(2.100015876719,-3.249993160625,-0.818999767303));
#6359=CARTESIAN_POINT('',(2.100015876719,-3.249993160625,-0.79999892));
#6360=CARTESIAN_POINT('',(2.100015876719,-3.249993160625,-0.818999767303));
#6361=CARTESIAN_POINT('',(2.100015876719,-3.249993160625,-0.79999892));
#6362=CARTESIAN_POINT('Origin',(2.100015876719,-4.749995240625,-0.818999767303));
#6363=CARTESIAN_POINT('',(2.100015876719,-4.749995240625,-0.79999892));
#6364=CARTESIAN_POINT('Origin',(0.850015876719,-4.749995240625,-0.818999767303));
#6365=CARTESIAN_POINT('',(0.850015876719,-4.749995240625,-0.818999767303));
#6366=CARTESIAN_POINT('',(0.850015876719,-3.249993160625,-0.818999767303));
#6367=CARTESIAN_POINT('',(0.850015876719,-4.749995240625,-0.818999767303));
#6368=CARTESIAN_POINT('',(1.650014276719,-3.249993160625,-0.818999767303));
#6369=CARTESIAN_POINT('',(0.850015876719,-3.249993160625,-0.818999767303));
#6370=CARTESIAN_POINT('',(1.650014276719,-4.749995240625,-0.818999767303));
#6371=CARTESIAN_POINT('',(1.650014276719,-3.249993160625,-0.818999767303));
#6372=CARTESIAN_POINT('',(1.650014276719,-4.749995240625,-0.818999767303));
#6373=CARTESIAN_POINT('Origin',(1.650014276719,-4.749995240625,-0.818999767303));
#6374=CARTESIAN_POINT('',(1.650014276719,-4.749995240625,-0.79999892));
#6375=CARTESIAN_POINT('',(1.650014276719,-4.749995240625,-0.818999767303));
#6376=CARTESIAN_POINT('',(0.850015876719,-4.749995240625,-0.79999892));
#6377=CARTESIAN_POINT('',(1.650014276719,-4.749995240625,-0.79999892));
#6378=CARTESIAN_POINT('',(0.850015876719,-4.749995240625,-0.818999767303));
#6379=CARTESIAN_POINT('Origin',(1.650014276719,-3.249993160625,-0.818999767303));
#6380=CARTESIAN_POINT('',(1.650014276719,-3.249993160625,-0.79999892));
#6381=CARTESIAN_POINT('',(1.650014276719,-3.249993160625,-0.818999767303));
#6382=CARTESIAN_POINT('',(1.650014276719,-3.249993160625,-0.79999892));
#6383=CARTESIAN_POINT('Origin',(0.850015876719,-3.249993160625,-0.818999767303));
#6384=CARTESIAN_POINT('',(0.850015876719,-3.249993160625,-0.79999892));
#6385=CARTESIAN_POINT('',(0.850015876719,-3.249993160625,-0.818999767303));
#6386=CARTESIAN_POINT('',(0.850015876719,-3.249993160625,-0.79999892));
#6387=CARTESIAN_POINT('Origin',(0.850015876719,-4.749995240625,-0.818999767303));
#6388=CARTESIAN_POINT('',(0.850015876719,-4.749995240625,-0.79999892));
#6389=CARTESIAN_POINT('Origin',(-0.399984123281,-4.749995240625,-0.818999767303));
#6390=CARTESIAN_POINT('',(-0.399984123281,-4.749995240625,-0.818999767303));
#6391=CARTESIAN_POINT('',(-0.399984123281,-3.249993160625,-0.818999767303));
#6392=CARTESIAN_POINT('',(-0.399984123281,-4.749995240625,-0.818999767303));
#6393=CARTESIAN_POINT('',(0.400014276719,-3.249993160625,-0.818999767303));
#6394=CARTESIAN_POINT('',(-0.399984123281,-3.249993160625,-0.818999767303));
#6395=CARTESIAN_POINT('',(0.400014276719,-4.749995240625,-0.818999767303));
#6396=CARTESIAN_POINT('',(0.400014276719,-3.249993160625,-0.818999767303));
#6397=CARTESIAN_POINT('',(0.400014276719,-4.749995240625,-0.818999767303));
#6398=CARTESIAN_POINT('Origin',(0.400014276719,-4.749995240625,-0.818999767303));
#6399=CARTESIAN_POINT('',(0.400014276719,-4.749995240625,-0.79999892));
#6400=CARTESIAN_POINT('',(0.400014276719,-4.749995240625,-0.818999767303));
#6401=CARTESIAN_POINT('',(-0.399984123281,-4.749995240625,-0.79999892));
#6402=CARTESIAN_POINT('',(0.400014276719,-4.749995240625,-0.79999892));
#6403=CARTESIAN_POINT('',(-0.399984123281,-4.749995240625,-0.818999767303));
#6404=CARTESIAN_POINT('Origin',(0.400014276719,-3.249993160625,-0.818999767303));
#6405=CARTESIAN_POINT('',(0.400014276719,-3.249993160625,-0.79999892));
#6406=CARTESIAN_POINT('',(0.400014276719,-3.249993160625,-0.818999767303));
#6407=CARTESIAN_POINT('',(0.400014276719,-3.249993160625,-0.79999892));
#6408=CARTESIAN_POINT('Origin',(-0.399984123281,-3.249993160625,-0.818999767303));
#6409=CARTESIAN_POINT('',(-0.399984123281,-3.249993160625,-0.79999892));
#6410=CARTESIAN_POINT('',(-0.399984123281,-3.249993160625,-0.818999767303));
#6411=CARTESIAN_POINT('',(-0.399984123281,-3.249993160625,-0.79999892));
#6412=CARTESIAN_POINT('Origin',(-0.399984123281,-4.749995240625,-0.818999767303));
#6413=CARTESIAN_POINT('',(-0.399984123281,-4.749995240625,-0.79999892));
#6414=CARTESIAN_POINT('Origin',(-1.649984123281,-4.749995240625,-0.818999767303));
#6415=CARTESIAN_POINT('',(-1.649984123281,-4.749995240625,-0.818999767303));
#6416=CARTESIAN_POINT('',(-1.649984123281,-3.249993160625,-0.818999767303));
#6417=CARTESIAN_POINT('',(-1.649984123281,-4.749995240625,-0.818999767303));
#6418=CARTESIAN_POINT('',(-0.849985723281,-3.249993160625,-0.818999767303));
#6419=CARTESIAN_POINT('',(-1.649984123281,-3.249993160625,-0.818999767303));
#6420=CARTESIAN_POINT('',(-0.849985723281,-4.749995240625,-0.818999767303));
#6421=CARTESIAN_POINT('',(-0.849985723281,-3.249993160625,-0.818999767303));
#6422=CARTESIAN_POINT('',(-0.849985723281,-4.749995240625,-0.818999767303));
#6423=CARTESIAN_POINT('Origin',(-0.849985723281,-4.749995240625,-0.818999767303));
#6424=CARTESIAN_POINT('',(-0.849985723281,-4.749995240625,-0.79999892));
#6425=CARTESIAN_POINT('',(-0.849985723281,-4.749995240625,-0.818999767303));
#6426=CARTESIAN_POINT('',(-1.649984123281,-4.749995240625,-0.79999892));
#6427=CARTESIAN_POINT('',(-0.849985723281,-4.749995240625,-0.79999892));
#6428=CARTESIAN_POINT('',(-1.649984123281,-4.749995240625,-0.818999767303));
#6429=CARTESIAN_POINT('Origin',(-0.849985723281,-3.249993160625,-0.818999767303));
#6430=CARTESIAN_POINT('',(-0.849985723281,-3.249993160625,-0.79999892));
#6431=CARTESIAN_POINT('',(-0.849985723281,-3.249993160625,-0.818999767303));
#6432=CARTESIAN_POINT('',(-0.849985723281,-3.249993160625,-0.79999892));
#6433=CARTESIAN_POINT('Origin',(-1.649984123281,-3.249993160625,-0.818999767303));
#6434=CARTESIAN_POINT('',(-1.649984123281,-3.249993160625,-0.79999892));
#6435=CARTESIAN_POINT('',(-1.649984123281,-3.249993160625,-0.818999767303));
#6436=CARTESIAN_POINT('',(-1.649984123281,-3.249993160625,-0.79999892));
#6437=CARTESIAN_POINT('Origin',(-1.649984123281,-4.749995240625,-0.818999767303));
#6438=CARTESIAN_POINT('',(-1.649984123281,-4.749995240625,-0.79999892));
#6439=CARTESIAN_POINT('Origin',(-2.899984123281,-4.749995240625,-0.818999767303));
#6440=CARTESIAN_POINT('',(-2.899984123281,-4.749995240625,-0.818999767303));
#6441=CARTESIAN_POINT('',(-2.899984123281,-3.249993160625,-0.818999767303));
#6442=CARTESIAN_POINT('',(-2.899984123281,-4.749995240625,-0.818999767303));
#6443=CARTESIAN_POINT('',(-2.099985723281,-3.249993160625,-0.818999767303));
#6444=CARTESIAN_POINT('',(-2.899984123281,-3.249993160625,-0.818999767303));
#6445=CARTESIAN_POINT('',(-2.099985723281,-4.749995240625,-0.818999767303));
#6446=CARTESIAN_POINT('',(-2.099985723281,-3.249993160625,-0.818999767303));
#6447=CARTESIAN_POINT('',(-2.099985723281,-4.749995240625,-0.818999767303));
#6448=CARTESIAN_POINT('Origin',(-2.099985723281,-4.749995240625,-0.818999767303));
#6449=CARTESIAN_POINT('',(-2.099985723281,-4.749995240625,-0.79999892));
#6450=CARTESIAN_POINT('',(-2.099985723281,-4.749995240625,-0.818999767303));
#6451=CARTESIAN_POINT('',(-2.899984123281,-4.749995240625,-0.79999892));
#6452=CARTESIAN_POINT('',(-2.099985723281,-4.749995240625,-0.79999892));
#6453=CARTESIAN_POINT('',(-2.899984123281,-4.749995240625,-0.818999767303));
#6454=CARTESIAN_POINT('Origin',(-2.099985723281,-3.249993160625,-0.818999767303));
#6455=CARTESIAN_POINT('',(-2.099985723281,-3.249993160625,-0.79999892));
#6456=CARTESIAN_POINT('',(-2.099985723281,-3.249993160625,-0.818999767303));
#6457=CARTESIAN_POINT('',(-2.099985723281,-3.249993160625,-0.79999892));
#6458=CARTESIAN_POINT('Origin',(-2.899984123281,-3.249993160625,-0.818999767303));
#6459=CARTESIAN_POINT('',(-2.899984123281,-3.249993160625,-0.79999892));
#6460=CARTESIAN_POINT('',(-2.899984123281,-3.249993160625,-0.818999767303));
#6461=CARTESIAN_POINT('',(-2.899984123281,-3.249993160625,-0.79999892));
#6462=CARTESIAN_POINT('Origin',(-2.899984123281,-4.749995240625,-0.818999767303));
#6463=CARTESIAN_POINT('',(-2.899984123281,-4.749995240625,-0.79999892));
#6464=CARTESIAN_POINT('Origin',(-2.249993083281,-0.249991120625,-0.828999757767));
#6465=CARTESIAN_POINT('',(-0.249999623281,-0.249996200625,-0.828999757767));
#6466=CARTESIAN_POINT('',(-2.249993083281,-0.249991120625,-0.828999757767));
#6467=CARTESIAN_POINT('',(-0.249999623281,-0.249996200625,-0.828999757767));
#6468=CARTESIAN_POINT('',(-0.249974223281,-2.249994740625,-0.828999757767));
#6469=CARTESIAN_POINT('',(-0.249974223281,-2.249994740625,-0.828999757767));
#6470=CARTESIAN_POINT('',(-2.249985463281,-2.249997280625,-0.828999757767));
#6471=CARTESIAN_POINT('',(-2.249985463281,-2.249997280625,-0.828999757767));
#6472=CARTESIAN_POINT('',(-2.249993083281,-0.249991120625,-0.828999757767));
#6473=CARTESIAN_POINT('Origin',(-0.249999623281,-0.249996200625,-0.828999757767));
#6474=CARTESIAN_POINT('',(-2.249993083281,-0.249991120625,-0.79999892));
#6475=CARTESIAN_POINT('',(-2.249993083281,-0.249991120625,-0.828999757767));
#6476=CARTESIAN_POINT('',(-0.249999623281,-0.249996200625,-0.79999892));
#6477=CARTESIAN_POINT('',(-0.249999623281,-0.249996200625,-0.79999892));
#6478=CARTESIAN_POINT('',(-0.249999623281,-0.249996200625,-0.828999757767));
#6479=CARTESIAN_POINT('Origin',(-0.249974223281,-2.249994740625,-0.828999757767));
#6480=CARTESIAN_POINT('',(-0.249974223281,-2.249994740625,-0.79999892));
#6481=CARTESIAN_POINT('',(-0.249974223281,-2.249994740625,-0.79999892));
#6482=CARTESIAN_POINT('',(-0.249974223281,-2.249994740625,-0.828999757767));
#6483=CARTESIAN_POINT('Origin',(-2.249985463281,-2.249997280625,-0.828999757767));
#6484=CARTESIAN_POINT('',(-2.249985463281,-2.249997280625,-0.79999892));
#6485=CARTESIAN_POINT('',(-2.249985463281,-2.249997280625,-0.79999892));
#6486=CARTESIAN_POINT('',(-2.249985463281,-2.249997280625,-0.828999757767));
#6487=CARTESIAN_POINT('Origin',(-2.249993083281,-0.249991120625,-0.828999757767));
#6488=CARTESIAN_POINT('',(-2.249993083281,-0.249991120625,-0.79999892));
#6489=CARTESIAN_POINT('Origin',(-5.050000190735,-5.050000190735,-0.79999892));
#6490=CARTESIAN_POINT('',(-0.249999623281,2.250003799375,-0.79999892));
#6491=CARTESIAN_POINT('',(-2.249993083281,2.250008879375,-0.79999892));
#6492=CARTESIAN_POINT('',(-0.249999623281,2.250003799375,-0.79999892));
#6493=CARTESIAN_POINT('',(-2.249985463281,0.250002719375,-0.79999892));
#6494=CARTESIAN_POINT('',(-2.249993083281,2.250008879375,-0.79999892));
#6495=CARTESIAN_POINT('',(-0.249974223281,0.250005259375,-0.79999892));
#6496=CARTESIAN_POINT('',(-2.249985463281,0.250002719375,-0.79999892));
#6497=CARTESIAN_POINT('',(-0.249974223281,0.250005259375,-0.79999892));
#6498=CARTESIAN_POINT('',(-4.749985963281,-2.100010259414,-0.79999892));
#6499=CARTESIAN_POINT('',(-3.249983883281,-2.100010259414,-0.79999892));
#6500=CARTESIAN_POINT('',(-4.749985963281,-2.100010259414,-0.79999892));
#6501=CARTESIAN_POINT('',(-4.749985963281,-2.900008659414,-0.79999892));
#6502=CARTESIAN_POINT('',(-4.749985963281,-2.900008659414,-0.79999892));
#6503=CARTESIAN_POINT('',(-3.249983883281,-2.900008659414,-0.79999892));
#6504=CARTESIAN_POINT('',(-3.249983883281,-2.900008659414,-0.79999892));
#6505=CARTESIAN_POINT('',(-3.249983883281,-2.100010259414,-0.79999892));
#6506=CARTESIAN_POINT('',(-4.749985963281,-0.850010259414,-0.79999892));
#6507=CARTESIAN_POINT('',(-3.249983883281,-0.850010259414,-0.79999892));
#6508=CARTESIAN_POINT('',(-4.749985963281,-0.850010259414,-0.79999892));
#6509=CARTESIAN_POINT('',(-4.749985963281,-1.650008659414,-0.79999892));
#6510=CARTESIAN_POINT('',(-4.749985963281,-1.650008659414,-0.79999892));
#6511=CARTESIAN_POINT('',(-3.249983883281,-1.650008659414,-0.79999892));
#6512=CARTESIAN_POINT('',(-3.249983883281,-1.650008659414,-0.79999892));
#6513=CARTESIAN_POINT('',(-3.249983883281,-0.850010259414,-0.79999892));
#6514=CARTESIAN_POINT('',(-4.749985963281,0.400004999375,-0.79999892));
#6515=CARTESIAN_POINT('',(-3.249983883281,0.400004999375,-0.79999892));
#6516=CARTESIAN_POINT('',(-4.749985963281,0.400004999375,-0.79999892));
#6517=CARTESIAN_POINT('',(-4.749985963281,-0.399993400625,-0.79999892));
#6518=CARTESIAN_POINT('',(-4.749985963281,-0.399993400625,-0.79999892));
#6519=CARTESIAN_POINT('',(-3.249983883281,-0.399993400625,-0.79999892));
#6520=CARTESIAN_POINT('',(-3.249983883281,-0.399993400625,-0.79999892));
#6521=CARTESIAN_POINT('',(-3.249983883281,0.400004999375,-0.79999892));
#6522=CARTESIAN_POINT('',(-4.749985963281,1.650004999375,-0.79999892));
#6523=CARTESIAN_POINT('',(-3.249983883281,1.650004999375,-0.79999892));
#6524=CARTESIAN_POINT('',(-4.749985963281,1.650004999375,-0.79999892));
#6525=CARTESIAN_POINT('',(-4.749985963281,0.850006599375,-0.79999892));
#6526=CARTESIAN_POINT('',(-4.749985963281,0.850006599375,-0.79999892));
#6527=CARTESIAN_POINT('',(-3.249983883281,0.850006599375,-0.79999892));
#6528=CARTESIAN_POINT('',(-3.249983883281,0.850006599375,-0.79999892));
#6529=CARTESIAN_POINT('',(-3.249983883281,1.650004999375,-0.79999892));
#6530=CARTESIAN_POINT('',(-4.749985963281,2.900004999375,-0.79999892));
#6531=CARTESIAN_POINT('',(-3.249983883281,2.900004999375,-0.79999892));
#6532=CARTESIAN_POINT('',(-4.749985963281,2.900004999375,-0.79999892));
#6533=CARTESIAN_POINT('',(-4.749985963281,2.100006599375,-0.79999892));
#6534=CARTESIAN_POINT('',(-4.749985963281,2.100006599375,-0.79999892));
#6535=CARTESIAN_POINT('',(-3.249983883281,2.100006599375,-0.79999892));
#6536=CARTESIAN_POINT('',(-3.249983883281,2.100006599375,-0.79999892));
#6537=CARTESIAN_POINT('',(-3.249983883281,2.900004999375,-0.79999892));
#6538=CARTESIAN_POINT('',(2.82499816,-2.92499796,-0.79999892));
#6539=CARTESIAN_POINT('Origin',(2.92499796,-2.92499796,-0.79999892));
#6540=CARTESIAN_POINT('Origin',(-2.249993083281,2.250008879375,-0.828999757767));
#6541=CARTESIAN_POINT('',(-0.249999623281,2.250003799375,-0.828999757767));
#6542=CARTESIAN_POINT('',(-2.249993083281,2.250008879375,-0.828999757767));
#6543=CARTESIAN_POINT('',(-0.249999623281,2.250003799375,-0.828999757767));
#6544=CARTESIAN_POINT('',(-0.249974223281,0.250005259375,-0.828999757767));
#6545=CARTESIAN_POINT('',(-0.249974223281,0.250005259375,-0.828999757767));
#6546=CARTESIAN_POINT('',(-2.249985463281,0.250002719375,-0.828999757767));
#6547=CARTESIAN_POINT('',(-2.249985463281,0.250002719375,-0.828999757767));
#6548=CARTESIAN_POINT('',(-2.249993083281,2.250008879375,-0.828999757767));
#6549=CARTESIAN_POINT('Origin',(-0.249999623281,2.250003799375,-0.828999757767));
#6550=CARTESIAN_POINT('',(-2.249993083281,2.250008879375,-0.828999757767));
#6551=CARTESIAN_POINT('',(-0.249999623281,2.250003799375,-0.828999757767));
#6552=CARTESIAN_POINT('Origin',(-0.249974223281,0.250005259375,-0.828999757767));
#6553=CARTESIAN_POINT('',(-0.249974223281,0.250005259375,-0.828999757767));
#6554=CARTESIAN_POINT('Origin',(-2.249985463281,0.250002719375,-0.828999757767));
#6555=CARTESIAN_POINT('',(-2.249985463281,0.250002719375,-0.828999757767));
#6556=CARTESIAN_POINT('Origin',(-2.249993083281,2.250008879375,-0.828999757767));
#6557=CARTESIAN_POINT('Origin',(-4.749985963281,2.900004999375,-0.818999767303));
#6558=CARTESIAN_POINT('',(-4.749985963281,2.900004999375,-0.818999767303));
#6559=CARTESIAN_POINT('',(-3.249983883281,2.900004999375,-0.818999767303));
#6560=CARTESIAN_POINT('',(-4.749985963281,2.900004999375,-0.818999767303));
#6561=CARTESIAN_POINT('',(-3.249983883281,2.100006599375,-0.818999767303));
#6562=CARTESIAN_POINT('',(-3.249983883281,2.900004999375,-0.818999767303));
#6563=CARTESIAN_POINT('',(-4.749985963281,2.100006599375,-0.818999767303));
#6564=CARTESIAN_POINT('',(-3.249983883281,2.100006599375,-0.818999767303));
#6565=CARTESIAN_POINT('',(-4.749985963281,2.100006599375,-0.818999767303));
#6566=CARTESIAN_POINT('Origin',(-4.749985963281,2.100006599375,-0.818999767303));
#6567=CARTESIAN_POINT('',(-4.749985963281,2.100006599375,-0.818999767303));
#6568=CARTESIAN_POINT('',(-4.749985963281,2.900004999375,-0.818999767303));
#6569=CARTESIAN_POINT('Origin',(-3.249983883281,2.100006599375,-0.818999767303));
#6570=CARTESIAN_POINT('',(-3.249983883281,2.100006599375,-0.818999767303));
#6571=CARTESIAN_POINT('Origin',(-3.249983883281,2.900004999375,-0.818999767303));
#6572=CARTESIAN_POINT('',(-3.249983883281,2.900004999375,-0.818999767303));
#6573=CARTESIAN_POINT('Origin',(-4.749985963281,2.900004999375,-0.818999767303));
#6574=CARTESIAN_POINT('Origin',(-4.749985963281,1.650004999375,-0.818999767303));
#6575=CARTESIAN_POINT('',(-4.749985963281,1.650004999375,-0.818999767303));
#6576=CARTESIAN_POINT('',(-3.249983883281,1.650004999375,-0.818999767303));
#6577=CARTESIAN_POINT('',(-4.749985963281,1.650004999375,-0.818999767303));
#6578=CARTESIAN_POINT('',(-3.249983883281,0.850006599375,-0.818999767303));
#6579=CARTESIAN_POINT('',(-3.249983883281,1.650004999375,-0.818999767303));
#6580=CARTESIAN_POINT('',(-4.749985963281,0.850006599375,-0.818999767303));
#6581=CARTESIAN_POINT('',(-3.249983883281,0.850006599375,-0.818999767303));
#6582=CARTESIAN_POINT('',(-4.749985963281,0.850006599375,-0.818999767303));
#6583=CARTESIAN_POINT('Origin',(-4.749985963281,0.850006599375,-0.818999767303));
#6584=CARTESIAN_POINT('',(-4.749985963281,0.850006599375,-0.818999767303));
#6585=CARTESIAN_POINT('',(-4.749985963281,1.650004999375,-0.818999767303));
#6586=CARTESIAN_POINT('Origin',(-3.249983883281,0.850006599375,-0.818999767303));
#6587=CARTESIAN_POINT('',(-3.249983883281,0.850006599375,-0.818999767303));
#6588=CARTESIAN_POINT('Origin',(-3.249983883281,1.650004999375,-0.818999767303));
#6589=CARTESIAN_POINT('',(-3.249983883281,1.650004999375,-0.818999767303));
#6590=CARTESIAN_POINT('Origin',(-4.749985963281,1.650004999375,-0.818999767303));
#6591=CARTESIAN_POINT('Origin',(-4.749985963281,0.400004999375,-0.818999767303));
#6592=CARTESIAN_POINT('',(-4.749985963281,0.400004999375,-0.818999767303));
#6593=CARTESIAN_POINT('',(-3.249983883281,0.400004999375,-0.818999767303));
#6594=CARTESIAN_POINT('',(-4.749985963281,0.400004999375,-0.818999767303));
#6595=CARTESIAN_POINT('',(-3.249983883281,-0.399993400625,-0.818999767303));
#6596=CARTESIAN_POINT('',(-3.249983883281,0.400004999375,-0.818999767303));
#6597=CARTESIAN_POINT('',(-4.749985963281,-0.399993400625,-0.818999767303));
#6598=CARTESIAN_POINT('',(-3.249983883281,-0.399993400625,-0.818999767303));
#6599=CARTESIAN_POINT('',(-4.749985963281,-0.399993400625,-0.818999767303));
#6600=CARTESIAN_POINT('Origin',(-4.749985963281,-0.399993400625,-0.818999767303));
#6601=CARTESIAN_POINT('',(-4.749985963281,-0.399993400625,-0.818999767303));
#6602=CARTESIAN_POINT('',(-4.749985963281,0.400004999375,-0.818999767303));
#6603=CARTESIAN_POINT('Origin',(-3.249983883281,-0.399993400625,-0.818999767303));
#6604=CARTESIAN_POINT('',(-3.249983883281,-0.399993400625,-0.818999767303));
#6605=CARTESIAN_POINT('Origin',(-3.249983883281,0.400004999375,-0.818999767303));
#6606=CARTESIAN_POINT('',(-3.249983883281,0.400004999375,-0.818999767303));
#6607=CARTESIAN_POINT('Origin',(-4.749985963281,0.400004999375,-0.818999767303));
#6608=CARTESIAN_POINT('Origin',(-4.749985963281,-0.850010259414,-0.818999767303));
#6609=CARTESIAN_POINT('',(-4.749985963281,-0.850010259414,-0.818999767303));
#6610=CARTESIAN_POINT('',(-3.249983883281,-0.850010259414,-0.818999767303));
#6611=CARTESIAN_POINT('',(-4.749985963281,-0.850010259414,-0.818999767303));
#6612=CARTESIAN_POINT('',(-3.249983883281,-1.650008659414,-0.818999767303));
#6613=CARTESIAN_POINT('',(-3.249983883281,-0.850010259414,-0.818999767303));
#6614=CARTESIAN_POINT('',(-4.749985963281,-1.650008659414,-0.818999767303));
#6615=CARTESIAN_POINT('',(-3.249983883281,-1.650008659414,-0.818999767303));
#6616=CARTESIAN_POINT('',(-4.749985963281,-1.650008659414,-0.818999767303));
#6617=CARTESIAN_POINT('Origin',(-4.749985963281,-1.650008659414,-0.818999767303));
#6618=CARTESIAN_POINT('',(-4.749985963281,-1.650008659414,-0.818999767303));
#6619=CARTESIAN_POINT('',(-4.749985963281,-0.850010259414,-0.818999767303));
#6620=CARTESIAN_POINT('Origin',(-3.249983883281,-1.650008659414,-0.818999767303));
#6621=CARTESIAN_POINT('',(-3.249983883281,-1.650008659414,-0.818999767303));
#6622=CARTESIAN_POINT('Origin',(-3.249983883281,-0.850010259414,-0.818999767303));
#6623=CARTESIAN_POINT('',(-3.249983883281,-0.850010259414,-0.818999767303));
#6624=CARTESIAN_POINT('Origin',(-4.749985963281,-0.850010259414,-0.818999767303));
#6625=CARTESIAN_POINT('Origin',(-4.749985963281,-2.100010259414,-0.818999767303));
#6626=CARTESIAN_POINT('',(-4.749985963281,-2.100010259414,-0.818999767303));
#6627=CARTESIAN_POINT('',(-3.249983883281,-2.100010259414,-0.818999767303));
#6628=CARTESIAN_POINT('',(-4.749985963281,-2.100010259414,-0.818999767303));
#6629=CARTESIAN_POINT('',(-3.249983883281,-2.900008659414,-0.818999767303));
#6630=CARTESIAN_POINT('',(-3.249983883281,-2.100010259414,-0.818999767303));
#6631=CARTESIAN_POINT('',(-4.749985963281,-2.900008659414,-0.818999767303));
#6632=CARTESIAN_POINT('',(-3.249983883281,-2.900008659414,-0.818999767303));
#6633=CARTESIAN_POINT('',(-4.749985963281,-2.900008659414,-0.818999767303));
#6634=CARTESIAN_POINT('Origin',(-4.749985963281,-2.900008659414,-0.818999767303));
#6635=CARTESIAN_POINT('',(-4.749985963281,-2.900008659414,-0.818999767303));
#6636=CARTESIAN_POINT('',(-4.749985963281,-2.100010259414,-0.818999767303));
#6637=CARTESIAN_POINT('Origin',(-3.249983883281,-2.900008659414,-0.818999767303));
#6638=CARTESIAN_POINT('',(-3.249983883281,-2.900008659414,-0.818999767303));
#6639=CARTESIAN_POINT('Origin',(-3.249983883281,-2.100010259414,-0.818999767303));
#6640=CARTESIAN_POINT('',(-3.249983883281,-2.100010259414,-0.818999767303));
#6641=CARTESIAN_POINT('Origin',(-4.749985963281,-2.100010259414,-0.818999767303));
#6642=CARTESIAN_POINT('Origin',(2.92499796,-2.92499796,-0.79399892));
#6643=CARTESIAN_POINT('',(2.82499816,-2.92499796,0.));
#6644=CARTESIAN_POINT('Origin',(2.92499796,-2.92499796,0.));
#6645=CARTESIAN_POINT('',(2.82499816,-2.92499796,-0.79399892));
#6646=CARTESIAN_POINT('Origin',(0.,0.,0.));
#6647=CARTESIAN_POINT('',(0.,0.,0.));
#6648=CARTESIAN_POINT('Origin',(-0.000106993594,0.000112610898,0.));
#6649=CARTESIAN_POINT('',(4.24989288969659,2.6701127966714,0.));
#6650=CARTESIAN_POINT('',(4.2498931231154,-2.6698872033286,0.));
#6651=CARTESIAN_POINT('',(4.2498928206326,4.2501127966714,0.));
#6652=CARTESIAN_POINT('',(2.6698931921794,-4.24988727239259,0.));
#6653=CARTESIAN_POINT('Origin',(2.6698931231154,-2.66988727239259,0.));
#6654=CARTESIAN_POINT('',(-2.6701068078206,-4.2498875058114,0.));
#6655=CARTESIAN_POINT('',(-4.2501068078206,-4.2498875748754,0.));
#6656=CARTESIAN_POINT('',(-4.25010687688459,-2.6698875748754,0.));
#6657=CARTESIAN_POINT('Origin',(-2.67010687688459,-2.6698875058114,0.));
#6658=CARTESIAN_POINT('',(-4.2501071103034,2.6701124251246,0.));
#6659=CARTESIAN_POINT('',(-4.2501071793674,4.2501124251246,0.));
#6660=CARTESIAN_POINT('',(-2.6701071793674,4.25011249418859,0.));
#6661=CARTESIAN_POINT('Origin',(-2.6701071103034,2.67011249418859,0.));
#6662=CARTESIAN_POINT('',(2.6698928206326,4.2501127276074,0.));
#6663=CARTESIAN_POINT('',(-4.2501071793674,4.2501124251246,0.));
#6664=CARTESIAN_POINT('Origin',(2.66989288969659,2.6701127276074,0.));
#6665=CARTESIAN_POINT('Origin',(-4.05010717672789,4.18972763466387,0.3));
#6666=CARTESIAN_POINT('',(2.63545529460782,4.03981930284609,0.294765075495));
#6667=CARTESIAN_POINT('',(2.6354552880551,4.18972792689909,0.15));
#6668=CARTESIAN_POINT('Origin',(2.6354552880551,4.18972792689909,0.3));
#6669=CARTESIAN_POINT('',(-2.63566964151089,4.1897276964909,0.15));
#6670=CARTESIAN_POINT('',(-0.000107176727895164,4.189727811695,0.15));
#6671=CARTESIAN_POINT('',(-2.63566963495818,4.0398190724379,0.294765075495));
#6672=CARTESIAN_POINT('Origin',(-2.63566964151089,4.1897276964909,0.3));
#6673=CARTESIAN_POINT('',(-4.05010717017518,4.03981901061087,0.294765075495));
#6674=CARTESIAN_POINT('Ctrl Pts',(-4.18972230959509,2.6356748925471,0.15));
#6675=CARTESIAN_POINT('Ctrl Pts',(-4.04486899337409,2.63567489887884,0.15));
#6676=CARTESIAN_POINT('Ctrl Pts',(-4.03981368554209,2.63567489909982,0.294765075495));
#6677=CARTESIAN_POINT('Ctrl Pts',(-4.18972232746637,3.0451397930931,0.15));
#6678=CARTESIAN_POINT('Ctrl Pts',(-4.04619368244068,3.00543180214194,0.15));
#6679=CARTESIAN_POINT('Ctrl Pts',(-4.03986175110397,3.00569015448972,0.29338912107));
#6680=CARTESIAN_POINT('Ctrl Pts',(-4.02402397456747,3.44531249711901,0.15));
#6681=CARTESIAN_POINT('Ctrl Pts',(-3.89651814897398,3.37090399250246,0.149999999999));
#6682=CARTESIAN_POINT('Ctrl Pts',(-3.8901748748769,3.36728777926474,0.292601203171));
#6683=CARTESIAN_POINT('Ctrl Pts',(-3.73466560310073,3.73467089391926,0.15));
#6684=CARTESIAN_POINT('Ctrl Pts',(-3.63370843242175,3.63371373206624,0.15));
#6685=CARTESIAN_POINT('Ctrl Pts',(-3.62872868845908,3.62873398853891,0.29260120317));
#6686=CARTESIAN_POINT('',(-3.73466560310073,3.73467089391926,0.15));
#6687=CARTESIAN_POINT('',(-3.62872868845908,3.62873398853891,0.29260120317));
#6688=CARTESIAN_POINT('Origin',(-3.73466560310073,3.73467089391926,0.3));
#6689=CARTESIAN_POINT('',(-4.18972230959509,2.6356748925471,0.15));
#6690=CARTESIAN_POINT('Origin',(-2.85182524411787,2.72428742200875,0.15));
#6691=CARTESIAN_POINT('',(-4.03981368554209,2.63567489909982,0.294765075495));
#6692=CARTESIAN_POINT('Origin',(-4.18972230959509,2.6356748925471,0.3));
#6693=CARTESIAN_POINT('Origin',(-2.83081781782139,2.71560490255671,0.298963122769097));
#6694=CARTESIAN_POINT('Ctrl Pts',(2.6354552880551,4.18972792689909,0.15));
#6695=CARTESIAN_POINT('Ctrl Pts',(2.63545529438684,4.04487461067809,0.15));
#6696=CARTESIAN_POINT('Ctrl Pts',(2.63545529460782,4.03981930284609,0.294765075495));
#6697=CARTESIAN_POINT('Ctrl Pts',(3.0449201886011,4.18972794477037,0.15));
#6698=CARTESIAN_POINT('Ctrl Pts',(3.00521219764994,4.04619929974468,0.15));
#6699=CARTESIAN_POINT('Ctrl Pts',(3.00547054999772,4.03986736840797,0.29338912107));
#6700=CARTESIAN_POINT('Ctrl Pts',(3.44509289262701,4.02402959187047,0.15));
#6701=CARTESIAN_POINT('Ctrl Pts',(3.37068438801046,3.89652376627798,0.15));
#6702=CARTESIAN_POINT('Ctrl Pts',(3.36706817477274,3.8901804921809,0.292601203171));
#6703=CARTESIAN_POINT('Ctrl Pts',(3.73445128942726,3.73467122040473,0.15));
#6704=CARTESIAN_POINT('Ctrl Pts',(3.63349412757424,3.63371404972575,0.15));
#6705=CARTESIAN_POINT('Ctrl Pts',(3.62851438404691,3.62873430576308,0.29260120317));
#6706=CARTESIAN_POINT('',(3.73445128942726,3.73467122040473,0.15));
#6707=CARTESIAN_POINT('',(3.62851438404691,3.62873430576308,0.29260120317));
#6708=CARTESIAN_POINT('Origin',(3.73445128942726,3.73467122040473,0.3));
#6709=CARTESIAN_POINT('Origin',(2.7240678175303,2.85183086143491,0.15));
#6710=CARTESIAN_POINT('Origin',(2.71538529806464,2.83082343512521,0.298963122769098));
#6711=CARTESIAN_POINT('Origin',(-4.18972237142212,4.0501124277641,0.3));
#6712=CARTESIAN_POINT('',(-4.1897220791869,-2.63545003701889,0.15));
#6713=CARTESIAN_POINT('',(-4.0398134551339,-2.63545003046618,0.294765075495));
#6714=CARTESIAN_POINT('Origin',(-4.1897220791869,-2.63545003701889,0.3));
#6715=CARTESIAN_POINT('',(-4.03981374736912,4.05011243431681,0.294765075495));
#6716=CARTESIAN_POINT('',(-4.189722194391,0.000112427764104387,0.15));
#6717=CARTESIAN_POINT('Origin',(4.18950803017187,4.05011279403189,0.3));
#6718=CARTESIAN_POINT('',(4.03959969835409,-2.63544967730382,0.294765075495));
#6719=CARTESIAN_POINT('',(4.18950832240709,-2.6354496707511,0.15));
#6720=CARTESIAN_POINT('Origin',(4.18950832240709,-2.6354496707511,0.3));
#6721=CARTESIAN_POINT('',(4.1895080919989,2.63567525881489,0.15));
#6722=CARTESIAN_POINT('',(4.189508207203,0.000112794031895613,0.15));
#6723=CARTESIAN_POINT('',(4.0395994679459,2.63567525226218,0.294765075495));
#6724=CARTESIAN_POINT('Origin',(4.1895080919989,2.63567525881489,0.3));
#6725=CARTESIAN_POINT('',(4.03959940611887,4.05011278747918,0.294765075495));
#6726=CARTESIAN_POINT('Ctrl Pts',(-2.6356692752431,-4.18950270510309,0.15));
#6727=CARTESIAN_POINT('Ctrl Pts',(-2.63566928157484,-4.04464938888209,0.15));
#6728=CARTESIAN_POINT('Ctrl Pts',(-2.63566928179582,-4.03959408105009,0.294765075495));
#6729=CARTESIAN_POINT('Ctrl Pts',(-3.0451341757891,-4.18950272297437,0.15));
#6730=CARTESIAN_POINT('Ctrl Pts',(-3.00542618483794,-4.04597407794868,0.15));
#6731=CARTESIAN_POINT('Ctrl Pts',(-3.00568453718572,-4.03964214661197,0.29338912107));
#6732=CARTESIAN_POINT('Ctrl Pts',(-3.44530687981501,-4.02380437007547,0.15));
#6733=CARTESIAN_POINT('Ctrl Pts',(-3.37089837519846,-3.89629854448198,0.15));
#6734=CARTESIAN_POINT('Ctrl Pts',(-3.36728216196074,-3.8899552703849,0.292601203171));
#6735=CARTESIAN_POINT('Ctrl Pts',(-3.73466527661526,-3.73444599860873,0.15));
#6736=CARTESIAN_POINT('Ctrl Pts',(-3.63370811476224,-3.63348882792975,0.15));
#6737=CARTESIAN_POINT('Ctrl Pts',(-3.62872837123491,-3.62850908396708,0.29260120317));
#6738=CARTESIAN_POINT('',(-3.73466527661526,-3.73444599860873,0.15));
#6739=CARTESIAN_POINT('',(-3.62872837123491,-3.62850908396708,0.29260120317));
#6740=CARTESIAN_POINT('Origin',(-3.73466527661526,-3.73444599860873,0.3));
#6741=CARTESIAN_POINT('',(-2.6356692752431,-4.18950270510309,0.15));
#6742=CARTESIAN_POINT('Origin',(-2.72428180470465,-2.85160563962562,0.15));
#6743=CARTESIAN_POINT('',(-2.63566928179582,-4.03959408105009,0.294765075495));
#6744=CARTESIAN_POINT('Origin',(-2.6356692752431,-4.18950270510309,0.3));
#6745=CARTESIAN_POINT('Origin',(-2.7155992852526,-2.83059821332907,0.298963122769098));
#6746=CARTESIAN_POINT('Ctrl Pts',(4.18950832240709,-2.6354496707511,0.15));
#6747=CARTESIAN_POINT('Ctrl Pts',(4.04465500618609,-2.63544967708284,0.15));
#6748=CARTESIAN_POINT('Ctrl Pts',(4.03959969835409,-2.63544967730382,0.294765075495));
#6749=CARTESIAN_POINT('Ctrl Pts',(4.18950834027837,-3.0449145712971,0.15));
#6750=CARTESIAN_POINT('Ctrl Pts',(4.04597969525268,-3.00520658034594,0.15));
#6751=CARTESIAN_POINT('Ctrl Pts',(4.03964776391597,-3.00546493269372,0.29338912107));
#6752=CARTESIAN_POINT('Ctrl Pts',(4.02380998737947,-3.44508727532301,0.15));
#6753=CARTESIAN_POINT('Ctrl Pts',(3.89630416178598,-3.37067877070646,0.15));
#6754=CARTESIAN_POINT('Ctrl Pts',(3.8899608876889,-3.36706255746874,0.292601203171));
#6755=CARTESIAN_POINT('Ctrl Pts',(3.73445161591273,-3.73444567212326,0.15));
#6756=CARTESIAN_POINT('Ctrl Pts',(3.63349444523375,-3.63348851027024,0.15));
#6757=CARTESIAN_POINT('Ctrl Pts',(3.62851470127108,-3.62850876674291,0.29260120317));
#6758=CARTESIAN_POINT('',(3.73445161591273,-3.73444567212326,0.15));
#6759=CARTESIAN_POINT('',(3.62851470127108,-3.62850876674291,0.29260120317));
#6760=CARTESIAN_POINT('Origin',(3.73445161591273,-3.73444567212326,0.3));
#6761=CARTESIAN_POINT('Origin',(2.85161125692903,-2.72406220021241,0.15));
#6762=CARTESIAN_POINT('Origin',(2.83060383063197,-2.71537968076011,0.298963122769104));
#6763=CARTESIAN_POINT('Origin',(-4.0501068104601,-4.18950276693012,0.3));
#6764=CARTESIAN_POINT('',(2.63545565432289,-4.1895024746949,0.15));
#6765=CARTESIAN_POINT('',(-0.000106810460105285,-4.189502589899,0.15));
#6766=CARTESIAN_POINT('',(2.63545564777018,-4.0395938506419,0.294765075495));
#6767=CARTESIAN_POINT('Origin',(2.63545565432289,-4.1895024746949,0.3));
#6768=CARTESIAN_POINT('',(-4.05010681701281,-4.03959414287712,0.294765075495));
#6769=CARTESIAN_POINT('Origin',(2.66989288969659,2.6701127276074,0.15));
#6770=CARTESIAN_POINT('',(4.24989288969659,2.6701127966714,0.15));
#6771=CARTESIAN_POINT('',(2.6698928206326,4.2501127276074,0.15));
#6772=CARTESIAN_POINT('Origin',(2.66989288969659,2.6701127276074,0.15));
#6773=CARTESIAN_POINT('',(4.24989288969659,2.6701127966714,0.15));
#6774=CARTESIAN_POINT('',(2.6698928206326,4.2501127276074,0.15));
#6775=CARTESIAN_POINT('Origin',(-2.6701071103034,2.67011249418859,0.15));
#6776=CARTESIAN_POINT('',(-2.6701071793674,4.25011249418859,0.15));
#6777=CARTESIAN_POINT('',(-4.2501071103034,2.6701124251246,0.15));
#6778=CARTESIAN_POINT('Origin',(-2.6701071103034,2.67011249418859,0.15));
#6779=CARTESIAN_POINT('',(-2.6701071793674,4.25011249418859,0.15));
#6780=CARTESIAN_POINT('',(-4.2501071103034,2.6701124251246,0.15));
#6781=CARTESIAN_POINT('Origin',(-2.67010687688459,-2.6698875058114,0.15));
#6782=CARTESIAN_POINT('',(-4.25010687688459,-2.6698875748754,0.15));
#6783=CARTESIAN_POINT('',(-2.6701068078206,-4.2498875058114,0.15));
#6784=CARTESIAN_POINT('Origin',(-2.67010687688459,-2.6698875058114,0.15));
#6785=CARTESIAN_POINT('',(-4.25010687688459,-2.6698875748754,0.15));
#6786=CARTESIAN_POINT('',(-2.6701068078206,-4.2498875058114,0.15));
#6787=CARTESIAN_POINT('Origin',(2.6698931231154,-2.66988727239259,0.15));
#6788=CARTESIAN_POINT('',(2.6698931921794,-4.24988727239259,0.15));
#6789=CARTESIAN_POINT('',(4.2498931231154,-2.6698872033286,0.15));
#6790=CARTESIAN_POINT('Origin',(2.6698931231154,-2.66988727239259,0.15));
#6791=CARTESIAN_POINT('',(2.6698931921794,-4.24988727239259,0.15));
#6792=CARTESIAN_POINT('',(4.2498931231154,-2.6698872033286,0.15));
#6793=CARTESIAN_POINT('Ctrl Pts',(3.47697709957082,3.47719700803918,4.632061452931));
#6794=CARTESIAN_POINT('Ctrl Pts',(3.45539821095106,3.45561811753293,5.25));
#6795=CARTESIAN_POINT('Ctrl Pts',(3.01791717625497,3.01813704459103,5.25));
#6796=CARTESIAN_POINT('Ctrl Pts',(3.21553171562268,3.73864236913004,4.632061452937));
#6797=CARTESIAN_POINT('Ctrl Pts',(3.19989493710766,3.71112136878553,5.25));
#6798=CARTESIAN_POINT('Ctrl Pts',(2.87742483553185,3.15862937286691,5.25));
#6799=CARTESIAN_POINT('Ctrl Pts',(2.85407781402621,3.88847681698938,4.62864710662));
#6800=CARTESIAN_POINT('Ctrl Pts',(2.84650043951939,3.86104251552917,5.25));
#6801=CARTESIAN_POINT('Ctrl Pts',(2.6831287640712,3.23908098461496,5.25));
#6802=CARTESIAN_POINT('Ctrl Pts',(2.48432101857511,3.8886850136018,4.622684672857));
#6803=CARTESIAN_POINT('Ctrl Pts',(2.48432101953266,3.8667786796638,5.25));
#6804=CARTESIAN_POINT('Ctrl Pts',(2.4843210469702,3.2390809760398,5.25));
#6805=CARTESIAN_POINT('',(3.47697709957082,3.47719700803918,4.632061452931));
#6806=CARTESIAN_POINT('',(3.01791717625497,3.01813704459103,5.25));
#6807=CARTESIAN_POINT('Origin',(3.01791717625497,3.01813704459103,4.6));
#6808=CARTESIAN_POINT('',(2.48432101857511,3.8886850136018,4.622684672857));
#6809=CARTESIAN_POINT('Ctrl Pts',(2.48432101857511,3.8886850136018,4.622684672857));
#6810=CARTESIAN_POINT('Ctrl Pts',(2.67815283805412,3.88857587394913,4.62581026621489));
#6811=CARTESIAN_POINT('Ctrl Pts',(2.86644523831504,3.84793333240418,4.62823679900194));
#6812=CARTESIAN_POINT('Ctrl Pts',(3.20444675031641,3.70355102854062,4.63135877860856));
#6813=CARTESIAN_POINT('Ctrl Pts',(3.35413853040295,3.60003556646676,4.63206145293095));
#6814=CARTESIAN_POINT('Ctrl Pts',(3.47697709957082,3.47719700803918,4.632061452931));
#6815=CARTESIAN_POINT('',(2.4843210469702,3.2390809760398,5.25));
#6816=CARTESIAN_POINT('Origin',(2.4843210469702,3.2390809760398,4.6));
#6817=CARTESIAN_POINT('Origin',(2.52734513363684,2.58949107477749,5.24999999999999));
#6818=CARTESIAN_POINT('Origin',(-0.000107135173797835,3.239080867442,4.6));
#6819=CARTESIAN_POINT('',(-2.48453534571289,3.88868479640619,4.622684672857));
#6820=CARTESIAN_POINT('',(-2.4845353173178,3.23908075884419,5.25));
#6821=CARTESIAN_POINT('Origin',(-2.4845353173178,3.23908075884419,4.6));
#6822=CARTESIAN_POINT('',(-0.000107135173797835,3.239080867442,5.25));
#6823=CARTESIAN_POINT('',(-4.05010716356889,3.88868472797287,4.622684672857));
#6824=CARTESIAN_POINT('Origin',(3.23886126295,0.000112752477798181,4.6));
#6825=CARTESIAN_POINT('',(3.2388613715478,-2.4843154296662,5.25));
#6826=CARTESIAN_POINT('',(3.8884654091098,-2.4843154012711,4.622684672857));
#6827=CARTESIAN_POINT('Origin',(3.2388613715478,-2.4843154296662,4.6));
#6828=CARTESIAN_POINT('',(3.88846519191419,2.48454096301689,4.622684672857));
#6829=CARTESIAN_POINT('',(3.88846512348087,4.05011278087289,4.622684672857));
#6830=CARTESIAN_POINT('',(3.23886115435219,2.4845409346218,5.25));
#6831=CARTESIAN_POINT('Origin',(3.23886115435219,2.4845409346218,4.6));
#6832=CARTESIAN_POINT('',(3.23886126295,0.000112752477798181,5.25));
#6833=CARTESIAN_POINT('Ctrl Pts',(-3.47719139073518,3.47719670406282,4.632061452931));
#6834=CARTESIAN_POINT('Ctrl Pts',(-3.45561250022894,3.45561781544306,5.25));
#6835=CARTESIAN_POINT('Ctrl Pts',(-3.01813142728703,3.01813678074697,5.25));
#6836=CARTESIAN_POINT('Ctrl Pts',(-3.73863675182604,3.21575132011468,4.632061452937));
#6837=CARTESIAN_POINT('Ctrl Pts',(-3.71111575148153,3.20011454159866,5.25));
#6838=CARTESIAN_POINT('Ctrl Pts',(-3.15862375556391,2.87764444002385,5.25));
#6839=CARTESIAN_POINT('Ctrl Pts',(-3.88847119968538,2.85429741851821,4.62864710662));
#6840=CARTESIAN_POINT('Ctrl Pts',(-3.86103689822416,2.84672004401139,5.25));
#6841=CARTESIAN_POINT('Ctrl Pts',(-3.23907536730996,2.6833483685632,5.25));
#6842=CARTESIAN_POINT('Ctrl Pts',(-3.8886793962978,2.48454062306711,4.622684672857));
#6843=CARTESIAN_POINT('Ctrl Pts',(-3.8667730623598,2.48454062402466,5.25));
#6844=CARTESIAN_POINT('Ctrl Pts',(-3.2390753587358,2.4845406514622,5.25));
#6845=CARTESIAN_POINT('',(-3.47719139073518,3.47719670406282,4.632061452931));
#6846=CARTESIAN_POINT('',(-3.01813142728703,3.01813678074697,5.25));
#6847=CARTESIAN_POINT('Origin',(-3.01813142728703,3.01813678074697,4.6));
#6848=CARTESIAN_POINT('',(-3.8886793962978,2.48454062306711,4.622684672857));
#6849=CARTESIAN_POINT('Ctrl Pts',(-3.8886793962978,2.48454062306711,4.622684672857));
#6850=CARTESIAN_POINT('Ctrl Pts',(-3.88857025664559,2.67837244254613,4.62581026621491));
#6851=CARTESIAN_POINT('Ctrl Pts',(-3.84792771510068,2.86666484280711,4.62823679900196));
#6852=CARTESIAN_POINT('Ctrl Pts',(-3.70354541123714,3.20466635480863,4.63135877860859));
#6853=CARTESIAN_POINT('Ctrl Pts',(-3.60002994916325,3.35435813489526,4.63206145293098));
#6854=CARTESIAN_POINT('Ctrl Pts',(-3.47719139073518,3.47719670406282,4.632061452931));
#6855=CARTESIAN_POINT('',(-3.2390753587358,2.4845406514622,5.25));
#6856=CARTESIAN_POINT('Origin',(-3.2390753587358,2.4845406514622,4.6));
#6857=CARTESIAN_POINT('Origin',(-2.58948545745138,2.52756473811785,5.25));
#6858=CARTESIAN_POINT('Ctrl Pts',(3.47697740354717,-3.47697148226682,4.632061452931));
#6859=CARTESIAN_POINT('Ctrl Pts',(3.45539851304093,-3.45539259364706,5.25));
#6860=CARTESIAN_POINT('Ctrl Pts',(3.01791744009903,-3.01791155895097,5.25));
#6861=CARTESIAN_POINT('Ctrl Pts',(3.73842276463803,-3.21552609831868,4.632061452937));
#6862=CARTESIAN_POINT('Ctrl Pts',(3.71090176429353,-3.19988931980266,5.25));
#6863=CARTESIAN_POINT('Ctrl Pts',(3.15840976837491,-2.87741921822785,5.25));
#6864=CARTESIAN_POINT('Ctrl Pts',(3.88825721249738,-2.85407219672221,4.62864710662));
#6865=CARTESIAN_POINT('Ctrl Pts',(3.86082291103717,-2.8464948222154,5.25));
#6866=CARTESIAN_POINT('Ctrl Pts',(3.23886138012296,-2.6831231467672,5.25));
#6867=CARTESIAN_POINT('Ctrl Pts',(3.8884654091098,-2.4843154012711,4.622684672857));
#6868=CARTESIAN_POINT('Ctrl Pts',(3.8665590751718,-2.48431540222866,5.25));
#6869=CARTESIAN_POINT('Ctrl Pts',(3.2388613715478,-2.4843154296662,5.25));
#6870=CARTESIAN_POINT('',(3.47697740354717,-3.47697148226682,4.632061452931));
#6871=CARTESIAN_POINT('',(3.01791744009903,-3.01791155895097,5.25));
#6872=CARTESIAN_POINT('Origin',(3.01791744009903,-3.01791155895097,4.6));
#6873=CARTESIAN_POINT('Ctrl Pts',(3.8884654091098,-2.4843154012711,4.622684672857));
#6874=CARTESIAN_POINT('Ctrl Pts',(3.88835626945713,-2.67814722075011,4.62581026621489));
#6875=CARTESIAN_POINT('Ctrl Pts',(3.84771372791218,-2.86643962101103,4.62823679900194));
#6876=CARTESIAN_POINT('Ctrl Pts',(3.70333142404862,-3.20444113301241,4.63135877860856));
#6877=CARTESIAN_POINT('Ctrl Pts',(3.59981596197476,-3.35413291309895,4.63206145293095));
#6878=CARTESIAN_POINT('Ctrl Pts',(3.47697740354717,-3.47697148226682,4.632061452931));
#6879=CARTESIAN_POINT('Origin',(2.58927147028544,-2.52733951633279,5.24999999999999));
#6880=CARTESIAN_POINT('Origin',(-3.239075250138,0.000112469318201819,4.6));
#6881=CARTESIAN_POINT('',(-3.88867917910219,-2.48431574122089,4.622684672857));
#6882=CARTESIAN_POINT('',(-3.23907514154019,-2.4843157128258,5.25));
#6883=CARTESIAN_POINT('Origin',(-3.23907514154019,-2.4843157128258,4.6));
#6884=CARTESIAN_POINT('',(-3.239075250138,0.000112469318201819,5.25));
#6885=CARTESIAN_POINT('',(-3.88867946473112,4.0501124409231,4.622684672857));
#6886=CARTESIAN_POINT('Origin',(-0.000106852014202512,-3.238855645646,4.6));
#6887=CARTESIAN_POINT('',(-2.4845350341582,-3.2388557542438,5.25));
#6888=CARTESIAN_POINT('',(-2.48453500576311,-3.8884597918058,4.622684672857));
#6889=CARTESIAN_POINT('Origin',(-2.4845350341582,-3.2388557542438,4.6));
#6890=CARTESIAN_POINT('',(2.48432135852489,-3.88845957461019,4.622684672857));
#6891=CARTESIAN_POINT('',(-4.0501068236191,-3.88845986023912,4.622684672857));
#6892=CARTESIAN_POINT('',(2.4843213301298,-3.23885553704819,5.25));
#6893=CARTESIAN_POINT('Origin',(2.4843213301298,-3.23885553704819,4.6));
#6894=CARTESIAN_POINT('',(-0.000106852014202512,-3.238855645646,5.25));
#6895=CARTESIAN_POINT('Ctrl Pts',(-3.47719108675882,-3.47697178624317,4.632061452931));
#6896=CARTESIAN_POINT('Ctrl Pts',(-3.45561219813906,-3.45539289573693,5.25));
#6897=CARTESIAN_POINT('Ctrl Pts',(-3.01813116344297,-3.01791182279503,5.25));
#6898=CARTESIAN_POINT('Ctrl Pts',(-3.21574570281068,-3.73841714733403,4.632061452937));
#6899=CARTESIAN_POINT('Ctrl Pts',(-3.20010892429466,-3.71089614699053,5.25));
#6900=CARTESIAN_POINT('Ctrl Pts',(-2.87763882271985,-3.15840415107191,5.25));
#6901=CARTESIAN_POINT('Ctrl Pts',(-2.85429180121421,-3.88825159519338,4.62864710662));
#6902=CARTESIAN_POINT('Ctrl Pts',(-2.8467144267074,-3.86081729373216,5.25));
#6903=CARTESIAN_POINT('Ctrl Pts',(-2.6833427512592,-3.23885576281796,5.25));
#6904=CARTESIAN_POINT('Ctrl Pts',(-2.48453500576311,-3.8884597918058,4.622684672857));
#6905=CARTESIAN_POINT('Ctrl Pts',(-2.48453500672066,-3.8665534578678,5.25));
#6906=CARTESIAN_POINT('Ctrl Pts',(-2.4845350341582,-3.2388557542438,5.25));
#6907=CARTESIAN_POINT('',(-3.47719108675882,-3.47697178624317,4.632061452931));
#6908=CARTESIAN_POINT('',(-3.01813116344297,-3.01791182279503,5.25));
#6909=CARTESIAN_POINT('Origin',(-3.01813116344297,-3.01791182279503,4.6));
#6910=CARTESIAN_POINT('Ctrl Pts',(-2.48453500576311,-3.8884597918058,4.622684672857));
#6911=CARTESIAN_POINT('Ctrl Pts',(-2.67836682524213,-3.88835065215358,4.62581026621491));
#6912=CARTESIAN_POINT('Ctrl Pts',(-2.8666592255031,-3.84770811060868,4.62823679900196));
#6913=CARTESIAN_POINT('Ctrl Pts',(-3.20466073750463,-3.70332580674514,4.63135877860859));
#6914=CARTESIAN_POINT('Ctrl Pts',(-3.35435251759126,-3.59981034467124,4.63206145293098));
#6915=CARTESIAN_POINT('Ctrl Pts',(-3.47719108675882,-3.47697178624317,4.632061452931));
#6916=CARTESIAN_POINT('Origin',(-2.52755912081405,-2.58926585295981,5.25000000000001));
#6917=CARTESIAN_POINT('Origin',(-2.6476711291417,2.6476765149883,-0.09794828718167));
#6918=CARTESIAN_POINT('',(-2.64767119051878,4.0518206269503,-0.04891449431466));
#6919=CARTESIAN_POINT('Origin',(-2.71559953272149,2.83082319772981,0.298963122769095));
#6920=CARTESIAN_POINT('',(-4.05181524110369,2.64767645361121,-0.04891449431466));
#6921=CARTESIAN_POINT('Ctrl Pts',(-3.47719139073518,3.47719670406282,4.632061452931));
#6922=CARTESIAN_POINT('Ctrl Pts',(-3.35435283230634,3.60003527322993,4.63206145293098));
#6923=CARTESIAN_POINT('Ctrl Pts',(-3.20466106126917,3.7035507483903,4.63135877860859));
#6924=CARTESIAN_POINT('Ctrl Pts',(-2.86665956188991,3.84793308180275,4.62823679900196));
#6925=CARTESIAN_POINT('Ctrl Pts',(-2.67836716518213,3.88857563980859,4.62581026621491));
#6926=CARTESIAN_POINT('Ctrl Pts',(-2.48453534571289,3.88868479640619,4.622684672857));
#6927=CARTESIAN_POINT('Origin',(-2.6476708976843,-2.6474515246497,-0.09794828718167));
#6928=CARTESIAN_POINT('',(-4.04196141506001,-2.63759799057907,0.233255548328));
#6929=CARTESIAN_POINT('Origin',(-2.83081758042534,-2.71537992822927,0.298963122769097));
#6930=CARTESIAN_POINT('',(-2.64767083630721,-4.05159563661169,-0.04891449431466));
#6931=CARTESIAN_POINT('Ctrl Pts',(-3.47719108675882,-3.47697178624317,4.632061452931));
#6932=CARTESIAN_POINT('Ctrl Pts',(-3.60002965592583,-3.35413322781444,4.63206145293099));
#6933=CARTESIAN_POINT('Ctrl Pts',(-3.70354513108616,-3.20444145677738,4.63135877860859));
#6934=CARTESIAN_POINT('Ctrl Pts',(-3.84792746449864,-2.86643995739828,4.62823679900197));
#6935=CARTESIAN_POINT('Ctrl Pts',(-3.88857002250454,-2.67814756069055,4.62581026621492));
#6936=CARTESIAN_POINT('Ctrl Pts',(-3.88867917910219,-2.48431574122089,4.622684672857));
#6937=CARTESIAN_POINT('Origin',(2.63760354650598,-2.63759769860601,0.184221755461));
#6938=CARTESIAN_POINT('',(2.63760360788307,-4.04174181056801,0.233255548328));
#6939=CARTESIAN_POINT('Origin',(2.7153855455333,-2.83059797593329,0.298963122769097));
#6940=CARTESIAN_POINT('',(4.04174765846798,-2.63759763722893,0.233255548328));
#6941=CARTESIAN_POINT('Ctrl Pts',(3.47697740354717,-3.47697148226682,4.632061452931));
#6942=CARTESIAN_POINT('Ctrl Pts',(3.35413884511801,-3.59981005143345,4.63206145293095));
#6943=CARTESIAN_POINT('Ctrl Pts',(3.20444707408094,-3.70332552659379,4.63135877860856));
#6944=CARTESIAN_POINT('Ctrl Pts',(2.86644557470183,-3.84770786000626,4.62823679900193));
#6945=CARTESIAN_POINT('Ctrl Pts',(2.67815317799412,-3.88835041801214,4.62581026621489));
#6946=CARTESIAN_POINT('Ctrl Pts',(2.48432135852489,-3.88845957461019,4.622684672857));
#6947=CARTESIAN_POINT('Origin',(2.63760331591001,2.63782315099798,0.184221755461));
#6948=CARTESIAN_POINT('',(4.0516010224583,2.64767680782278,-0.04891449431466));
#6949=CARTESIAN_POINT('Origin',(2.83060359323751,2.71560515002533,0.298963122769097));
#6950=CARTESIAN_POINT('',(2.63760325453293,4.04196726295998,0.233255548328));
#6951=CARTESIAN_POINT('Ctrl Pts',(3.47697709957082,3.47719700803918,4.632061452931));
#6952=CARTESIAN_POINT('Ctrl Pts',(3.59981566873746,3.35435844961001,4.63206145293095));
#6953=CARTESIAN_POINT('Ctrl Pts',(3.7033311438978,3.20466667857293,4.63135877860856));
#6954=CARTESIAN_POINT('Ctrl Pts',(3.84771347731026,2.86666517919382,4.62823679900193));
#6955=CARTESIAN_POINT('Ctrl Pts',(3.88835603531614,2.6783727824861,4.62581026621488));
#6956=CARTESIAN_POINT('Ctrl Pts',(3.88846519191419,2.48454096301689,4.622684672857));
#6957=CARTESIAN_POINT('Origin',(-0.000106993594,0.000112610898,0.15));
#6958=CARTESIAN_POINT('',(-4.2501068078206,-4.2498875748754,0.15));
#6959=CARTESIAN_POINT('',(4.2498928206326,4.2501127966714,0.15));
#6960=CARTESIAN_POINT('',(-4.2501071793674,4.2501124251246,0.15));
#6961=CARTESIAN_POINT('',(-4.2501071793674,4.2501124251246,0.15));
#6962=CARTESIAN_POINT('Origin',(-2.7242820540102,2.85183062326785,0.15));
#6963=CARTESIAN_POINT('Origin',(2.85161101877449,2.72428767131365,0.15));
#6964=CARTESIAN_POINT('Origin',(2.72406806682151,-2.85160540147016,0.15));
#6965=CARTESIAN_POINT('Origin',(-2.85182500596295,-2.72406244951786,0.15));
#6966=CARTESIAN_POINT('Origin',(4.2498928206326,4.2501127966714,0.15));
#6967=CARTESIAN_POINT('Origin',(-4.2501068078206,-4.2498875748754,0.15));
#6968=CARTESIAN_POINT('Origin',(-4.2501071793674,4.2501124251246,0.15));
#6969=CARTESIAN_POINT('Origin',(-4.2501071793674,4.2501124251246,0.15));
#6970=CARTESIAN_POINT('Origin',(-0.000106993594,0.000112610898,5.25));
#6971=CARTESIAN_POINT('Origin',(2.58927124932727,2.52756496449897,5.24999999999999));
#6972=CARTESIAN_POINT('Origin',(-2.52755934718472,2.58949085379897,5.25));
#6973=CARTESIAN_POINT('Origin',(-2.58948523649376,-2.52733974269221,5.25));
#6974=CARTESIAN_POINT('Origin',(2.52734536000729,-2.58926563202411,5.24999999999999));
#6975=CARTESIAN_POINT('Origin',(4.04989282937487,4.05011278792912,0.));
#6976=CARTESIAN_POINT('Origin',(-4.05010681656287,-4.04988756613312,0.));
#6977=CARTESIAN_POINT('Origin',(-4.05010717062512,4.05011243386687,0.));
#6978=CARTESIAN_POINT('Origin',(-4.05010717062512,4.05011243386687,0.));
#6979=CARTESIAN_POINT('Ctrl Pts',(-3.88867917910219,-2.48431574122089,4.622684672857));
#6980=CARTESIAN_POINT('Ctrl Pts',(-3.86677284516419,-2.48431574026333,5.25));
#6981=CARTESIAN_POINT('Ctrl Pts',(-3.23907514154019,-2.4843157128258,5.25));
#6982=CARTESIAN_POINT('Ctrl Pts',(-3.88847095016461,-2.85407253665379,4.62864710662));
#6983=CARTESIAN_POINT('Ctrl Pts',(-3.86103664936582,-2.8464951597486,5.25));
#6984=CARTESIAN_POINT('Ctrl Pts',(-3.23907513273403,-2.6831234299268,5.25));
#6985=CARTESIAN_POINT('Ctrl Pts',(-3.73863647070596,-3.21552642515132,4.632061452937));
#6986=CARTESIAN_POINT('Ctrl Pts',(-3.71111547172946,-3.19988964423033,5.250000000001));
#6987=CARTESIAN_POINT('Ctrl Pts',(-3.15862350400208,-2.87741949435414,5.25));
#6988=CARTESIAN_POINT('Ctrl Pts',(-3.47719108675882,-3.47697178624317,4.632061452931));
#6989=CARTESIAN_POINT('Ctrl Pts',(-3.45561219813906,-3.45539289573693,5.25));
#6990=CARTESIAN_POINT('Ctrl Pts',(-3.01813116344297,-3.01791182279503,5.25));
#6991=CARTESIAN_POINT('Ctrl Pts',(2.48432135852489,-3.88845957461019,4.622684672857));
#6992=CARTESIAN_POINT('Ctrl Pts',(2.48432135756733,-3.86655324067219,5.25));
#6993=CARTESIAN_POINT('Ctrl Pts',(2.4843213301298,-3.23885553704819,5.25));
#6994=CARTESIAN_POINT('Ctrl Pts',(2.85407815395779,-3.88825134567261,4.62864710662));
#6995=CARTESIAN_POINT('Ctrl Pts',(2.84650077705259,-3.86081704487483,5.25));
#6996=CARTESIAN_POINT('Ctrl Pts',(2.6831290472308,-3.23885552824303,5.25));
#6997=CARTESIAN_POINT('Ctrl Pts',(3.21553204245532,-3.73841686621396,4.632061452937));
#6998=CARTESIAN_POINT('Ctrl Pts',(3.19989526153433,-3.71089586723646,5.25));
#6999=CARTESIAN_POINT('Ctrl Pts',(2.87742511165814,-3.15840389950908,5.25));
#7000=CARTESIAN_POINT('Ctrl Pts',(3.47697740354717,-3.47697148226682,4.632061452931));
#7001=CARTESIAN_POINT('Ctrl Pts',(3.45539851304093,-3.45539259364706,5.25));
#7002=CARTESIAN_POINT('Ctrl Pts',(3.01791744009903,-3.01791155895097,5.25));
#7003=CARTESIAN_POINT('Ctrl Pts',(-2.48453534571289,3.88868479640619,4.622684672857));
#7004=CARTESIAN_POINT('Ctrl Pts',(-2.48453534475533,3.86677846246819,5.25));
#7005=CARTESIAN_POINT('Ctrl Pts',(-2.4845353173178,3.23908075884419,5.25));
#7006=CARTESIAN_POINT('Ctrl Pts',(-2.85429214114579,3.88847656746861,4.62864710662));
#7007=CARTESIAN_POINT('Ctrl Pts',(-2.84671476424059,3.86104226666982,5.25));
#7008=CARTESIAN_POINT('Ctrl Pts',(-2.6833430344188,3.23908075003803,5.25));
#7009=CARTESIAN_POINT('Ctrl Pts',(-3.21574602964332,3.73864208800996,4.632061452937));
#7010=CARTESIAN_POINT('Ctrl Pts',(-3.20010924872133,3.71112108903346,5.25));
#7011=CARTESIAN_POINT('Ctrl Pts',(-2.87763909884614,3.15862912130608,5.25));
#7012=CARTESIAN_POINT('Ctrl Pts',(-3.47719139073518,3.47719670406282,4.632061452931));
#7013=CARTESIAN_POINT('Ctrl Pts',(-3.45561250022894,3.45561781544306,5.25));
#7014=CARTESIAN_POINT('Ctrl Pts',(-3.01813142728703,3.01813678074697,5.25));
#7015=CARTESIAN_POINT('Ctrl Pts',(3.88846519191419,2.48454096301689,4.622684672857));
#7016=CARTESIAN_POINT('Ctrl Pts',(3.86655885797619,2.48454096205934,5.25));
#7017=CARTESIAN_POINT('Ctrl Pts',(3.23886115435219,2.4845409346218,5.25));
#7018=CARTESIAN_POINT('Ctrl Pts',(3.88825696297661,2.85429775844979,4.62864710662));
#7019=CARTESIAN_POINT('Ctrl Pts',(3.86082266217883,2.8467203815446,5.25));
#7020=CARTESIAN_POINT('Ctrl Pts',(3.23886114554703,2.6833486517228,5.25));
#7021=CARTESIAN_POINT('Ctrl Pts',(3.73842248351796,3.21575164694732,4.632061452937));
#7022=CARTESIAN_POINT('Ctrl Pts',(3.71090148454046,3.20011486602533,5.25));
#7023=CARTESIAN_POINT('Ctrl Pts',(3.15840951681308,2.87764471615014,5.25));
#7024=CARTESIAN_POINT('Ctrl Pts',(3.47697709957082,3.47719700803918,4.632061452931));
#7025=CARTESIAN_POINT('Ctrl Pts',(3.45539821095106,3.45561811753293,5.25));
#7026=CARTESIAN_POINT('Ctrl Pts',(3.01791717625497,3.01813704459103,5.25));
#7027=CARTESIAN_POINT('Ctrl Pts',(3.73445161591273,-3.73444567212326,0.15));
#7028=CARTESIAN_POINT('Ctrl Pts',(3.63349444523375,-3.63348851027024,0.15));
#7029=CARTESIAN_POINT('Ctrl Pts',(3.62851470127108,-3.62850876674291,0.29260120317));
#7030=CARTESIAN_POINT('Ctrl Pts',(3.44509324440899,-4.02380406888652,0.15));
#7031=CARTESIAN_POINT('Ctrl Pts',(3.37068472864553,-3.89629824979902,0.15));
#7032=CARTESIAN_POINT('Ctrl Pts',(3.36706851485326,-3.88995497601709,0.292601203171));
#7033=CARTESIAN_POINT('Ctrl Pts',(3.04492055486889,-4.18950245676962,0.15));
#7034=CARTESIAN_POINT('Ctrl Pts',(3.00521255137006,-4.04597381521531,0.15));
#7035=CARTESIAN_POINT('Ctrl Pts',(3.00547090316428,-4.03964188385602,0.29338912107));
#7036=CARTESIAN_POINT('Ctrl Pts',(2.63545565432289,-4.1895024746949,0.15));
#7037=CARTESIAN_POINT('Ctrl Pts',(2.63545564799115,-4.04464915847391,0.15));
#7038=CARTESIAN_POINT('Ctrl Pts',(2.63545564777018,-4.0395938506419,0.294765075495));
#7039=CARTESIAN_POINT('Ctrl Pts',(-3.73466527661526,-3.73444599860873,0.15));
#7040=CARTESIAN_POINT('Ctrl Pts',(-3.63370811476224,-3.63348882792975,0.15));
#7041=CARTESIAN_POINT('Ctrl Pts',(-3.62872837123491,-3.62850908396708,0.29260120317));
#7042=CARTESIAN_POINT('Ctrl Pts',(-4.02402367337852,-3.44508762710499,0.15));
#7043=CARTESIAN_POINT('Ctrl Pts',(-3.89651785429102,-3.37067911134153,0.15));
#7044=CARTESIAN_POINT('Ctrl Pts',(-3.89017458050909,-3.36706289754926,0.292601203171));
#7045=CARTESIAN_POINT('Ctrl Pts',(-4.18972206126162,-3.04491493756489,0.15));
#7046=CARTESIAN_POINT('Ctrl Pts',(-4.04619341970731,-3.00520693406606,0.15));
#7047=CARTESIAN_POINT('Ctrl Pts',(-4.03986148834802,-3.00546528586028,0.29338912107));
#7048=CARTESIAN_POINT('Ctrl Pts',(-4.1897220791869,-2.63545003701889,0.15));
#7049=CARTESIAN_POINT('Ctrl Pts',(-4.04486876296591,-2.63545003068715,0.15));
#7050=CARTESIAN_POINT('Ctrl Pts',(-4.0398134551339,-2.63545003046618,0.294765075495));
#7051=CARTESIAN_POINT('Ctrl Pts',(3.73445128942726,3.73467122040473,0.15));
#7052=CARTESIAN_POINT('Ctrl Pts',(3.63349412757424,3.63371404972575,0.15));
#7053=CARTESIAN_POINT('Ctrl Pts',(3.62851438404691,3.62873430576308,0.29260120317));
#7054=CARTESIAN_POINT('Ctrl Pts',(4.02380968619052,3.44531284890099,0.15));
#7055=CARTESIAN_POINT('Ctrl Pts',(3.89630386710202,3.37090433313753,0.15));
#7056=CARTESIAN_POINT('Ctrl Pts',(3.88996059332109,3.36728811934526,0.292601203171));
#7057=CARTESIAN_POINT('Ctrl Pts',(4.18950807407362,3.04514015936089,0.15));
#7058=CARTESIAN_POINT('Ctrl Pts',(4.04597943251932,3.00543215586206,0.15));
#7059=CARTESIAN_POINT('Ctrl Pts',(4.03964750116002,3.00569050765628,0.29338912107));
#7060=CARTESIAN_POINT('Ctrl Pts',(4.1895080919989,2.63567525881489,0.15));
#7061=CARTESIAN_POINT('Ctrl Pts',(4.04465477577791,2.63567525248315,0.15));
#7062=CARTESIAN_POINT('Ctrl Pts',(4.0395994679459,2.63567525226218,0.294765075495));
#7063=CARTESIAN_POINT('Ctrl Pts',(-3.73466560310073,3.73467089391926,0.15));
#7064=CARTESIAN_POINT('Ctrl Pts',(-3.63370843242175,3.63371373206624,0.15));
#7065=CARTESIAN_POINT('Ctrl Pts',(-3.62872868845908,3.62873398853891,0.29260120317));
#7066=CARTESIAN_POINT('Ctrl Pts',(-3.44530723159699,4.02402929068252,0.15));
#7067=CARTESIAN_POINT('Ctrl Pts',(-3.37089871583353,3.89652347159502,0.15));
#7068=CARTESIAN_POINT('Ctrl Pts',(-3.36728250204126,3.89018019781309,0.292601203171));
#7069=CARTESIAN_POINT('Ctrl Pts',(-3.04513454205689,4.18972767856562,0.15));
#7070=CARTESIAN_POINT('Ctrl Pts',(-3.00542653855806,4.04619903701131,0.15));
#7071=CARTESIAN_POINT('Ctrl Pts',(-3.00568489035228,4.03986710565202,0.29338912107));
#7072=CARTESIAN_POINT('Ctrl Pts',(-2.63566964151089,4.1897276964909,0.15));
#7073=CARTESIAN_POINT('Ctrl Pts',(-2.63566963517915,4.04487438026991,0.15));
#7074=CARTESIAN_POINT('Ctrl Pts',(-2.63566963495818,4.0398190724379,0.294765075495));
#7075=CARTESIAN_POINT('',(0.,0.,0.));
#7076=CARTESIAN_POINT('Origin',(-0.000106993594000127,0.000112610898000409,
5.25));
#7077=CARTESIAN_POINT('',(-2.42688373580271,1.07333580952358,5.25));
#7078=CARTESIAN_POINT('',(-1.07333040437514,2.42688925928255,5.25));
#7079=CARTESIAN_POINT('',(-2.50010703730539,1.00011250161953,5.25));
#7080=CARTESIAN_POINT('',(-0.896553712279195,2.50011257171307,5.25));
#7081=CARTESIAN_POINT('Origin',(-0.896553701351348,2.25011257171307,5.25));
#7082=CARTESIAN_POINT('',(2.24989289712753,2.50011270924862,5.25));
#7083=CARTESIAN_POINT('',(-0.000107102872470149,2.500112610898,5.25));
#7084=CARTESIAN_POINT('',(2.49989290805537,2.25011272017647,5.25));
#7085=CARTESIAN_POINT('Origin',(2.24989290805538,2.25011270924862,5.25));
#7086=CARTESIAN_POINT('',(2.49989310475662,-2.24988727982353,5.25));
#7087=CARTESIAN_POINT('',(2.499893006406,0.000112720176469297,5.25));
#7088=CARTESIAN_POINT('',(2.24989311568447,-2.49988729075137,5.25));
#7089=CARTESIAN_POINT('Origin',(2.24989310475662,-2.24988729075138,5.25));
#7090=CARTESIAN_POINT('',(-2.25010688431553,-2.49988748745262,5.25));
#7091=CARTESIAN_POINT('',(-0.000106884315529375,-2.499887389102,5.25));
#7092=CARTESIAN_POINT('',(-2.50010689524337,-2.24988749838047,5.25));
#7093=CARTESIAN_POINT('Origin',(-2.25010689524337,-2.24988748745262,5.25));
#7094=CARTESIAN_POINT('',(-2.50010703277892,0.896559111026254,5.25));
#7095=CARTESIAN_POINT('',(-2.500106993594,0.000112501619529031,5.25));
#7096=CARTESIAN_POINT('Origin',(-2.25010703277892,0.896559121954101,5.25));
#7097=CARTESIAN_POINT('Origin',(-2.25010689524337,-2.24988748745262,5.3262));
#7098=CARTESIAN_POINT('',(-2.50010689524337,-2.24988749838047,5.3));
#7099=CARTESIAN_POINT('',(-2.25010688431553,-2.49988748745262,5.3));
#7100=CARTESIAN_POINT('Origin',(-2.25010689524337,-2.24988748745262,5.3));
#7101=CARTESIAN_POINT('',(-2.50010689524337,-2.24988749838047,5.3262));
#7102=CARTESIAN_POINT('',(-2.25010688431553,-2.49988748745262,5.25));
#7103=CARTESIAN_POINT('Origin',(2.24989290805538,2.25011270924862,5.3262));
#7104=CARTESIAN_POINT('',(2.49989290805537,2.25011272017647,5.3));
#7105=CARTESIAN_POINT('',(2.24989289712753,2.50011270924862,5.3));
#7106=CARTESIAN_POINT('Origin',(2.24989290805538,2.25011270924862,5.3));
#7107=CARTESIAN_POINT('',(2.49989290805537,2.25011272017647,5.3262));
#7108=CARTESIAN_POINT('',(2.24989289712753,2.50011270924862,5.25));
#7109=CARTESIAN_POINT('Origin',(2.24989310475662,-2.24988729075138,5.3262));
#7110=CARTESIAN_POINT('',(2.24989311568447,-2.49988729075137,5.3));
#7111=CARTESIAN_POINT('',(2.49989310475662,-2.24988727982353,5.3));
#7112=CARTESIAN_POINT('Origin',(2.24989310475662,-2.24988729075138,5.3));
#7113=CARTESIAN_POINT('',(2.24989311568447,-2.49988729075137,5.3262));
#7114=CARTESIAN_POINT('',(2.49989310475662,-2.24988727982353,5.3262));
#7115=CARTESIAN_POINT('Origin',(-0.000106884315529375,-2.499887389102,5.3262));
#7116=CARTESIAN_POINT('',(-0.000106884315529375,-2.499887389102,5.3));
#7117=CARTESIAN_POINT('Origin',(2.499893006406,0.000112720176469297,5.3262));
#7118=CARTESIAN_POINT('',(2.499893006406,0.000112720176469297,5.3));
#7119=CARTESIAN_POINT('Origin',(-0.000107102872470149,2.500112610898,5.3262));
#7120=CARTESIAN_POINT('',(-0.896553712279195,2.50011257171307,5.3));
#7121=CARTESIAN_POINT('',(-0.896553712279195,2.50011257171307,5.3262));
#7122=CARTESIAN_POINT('',(-0.000107102872470149,2.500112610898,5.3));
#7123=CARTESIAN_POINT('Origin',(-2.500106993594,0.000112501619529031,5.3262));
#7124=CARTESIAN_POINT('',(-2.50010703277892,0.896559111026254,5.3));
#7125=CARTESIAN_POINT('',(-2.500106993594,0.000112501619529031,5.3));
#7126=CARTESIAN_POINT('',(-2.50010703277892,0.896559111026254,5.3262));
#7127=CARTESIAN_POINT('Origin',(-2.50010703730539,1.00011250161953,5.25));
#7128=CARTESIAN_POINT('',(-2.42688373580271,1.07333580952358,5.3));
#7129=CARTESIAN_POINT('',(-1.07333040437514,2.42688925928255,5.3));
#7130=CARTESIAN_POINT('',(-1.75010707008893,1.75011253440307,5.3));
#7131=CARTESIAN_POINT('',(-1.07333040437514,2.42688925928255,5.25));
#7132=CARTESIAN_POINT('',(-2.42688373580271,1.07333580952358,5.25));
#7133=CARTESIAN_POINT('Origin',(-0.896553701351348,2.25011257171307,5.3262));
#7134=CARTESIAN_POINT('Origin',(-0.896553701351348,2.25011257171307,5.3));
#7135=CARTESIAN_POINT('Origin',(-2.25010703277892,0.896559121954101,5.25));
#7136=CARTESIAN_POINT('Origin',(-2.25010703277892,0.896559121954101,5.3));
#7137=CARTESIAN_POINT('Origin',(2.59989312005561,-2.59988727545239,5.4262));
#7138=CARTESIAN_POINT('',(-2.30010687994439,-2.59988748963819,5.3));
#7139=CARTESIAN_POINT('',(2.29989312005561,-2.59988728856581,5.3));
#7140=CARTESIAN_POINT('',(2.59989312005561,-2.59988727545239,5.3));
#7141=CARTESIAN_POINT('',(2.29989312005561,-2.59988728856581,5.48));
#7142=CARTESIAN_POINT('',(2.29989312005561,-2.59988728856581,5.4262));
#7143=CARTESIAN_POINT('',(-2.30010687994439,-2.59988748963819,5.48));
#7144=CARTESIAN_POINT('',(2.59989312005561,-2.59988727545239,5.48));
#7145=CARTESIAN_POINT('',(-2.30010687994439,-2.59988748963819,5.4262));
#7146=CARTESIAN_POINT('Origin',(-0.000106993593998461,0.000112610897998449,
5.3));
#7147=CARTESIAN_POINT('',(-1.13797506904681,2.51224459551617,5.3));
#7148=CARTESIAN_POINT('',(-2.51223907768775,1.13798046673326,5.3));
#7149=CARTESIAN_POINT('',(-1.05010710724361,2.60011256500104,5.3));
#7150=CARTESIAN_POINT('',(-0.925843038531678,2.60011257043279,5.3));
#7151=CARTESIAN_POINT('Origin',(-0.925843025418261,2.30011257043279,5.3));
#7152=CARTESIAN_POINT('',(2.29989289275639,2.60011271143419,5.3));
#7153=CARTESIAN_POINT('',(2.59989289275639,2.6001127245476,5.3));
#7154=CARTESIAN_POINT('',(2.59989290586981,2.3001127245476,5.3));
#7155=CARTESIAN_POINT('Origin',(2.29989290586981,2.30011271143419,5.3));
#7156=CARTESIAN_POINT('',(2.59989310694219,-2.29988727545239,5.3));
#7157=CARTESIAN_POINT('',(2.59989289275639,2.6001127245476,5.3));
#7158=CARTESIAN_POINT('Origin',(2.29989310694219,-2.29988728856581,5.3));
#7159=CARTESIAN_POINT('',(-2.6001068930578,-2.29988750275161,5.3));
#7160=CARTESIAN_POINT('Origin',(-2.3001068930578,-2.29988748963819,5.3));
#7161=CARTESIAN_POINT('',(-2.6001070340592,0.925848428536461,5.3));
#7162=CARTESIAN_POINT('',(-2.60010710724361,2.60011249724839,5.3));
#7163=CARTESIAN_POINT('Origin',(-2.3001070340592,0.925848441649877,5.3));
#7164=CARTESIAN_POINT('Origin',(-2.60010710724361,2.60011249724839,5.4262));
#7165=CARTESIAN_POINT('',(-2.6001070340592,0.925848428536461,5.48));
#7166=CARTESIAN_POINT('',(-2.6001068930578,-2.29988750275161,5.48));
#7167=CARTESIAN_POINT('',(-2.60010710724361,2.60011249724839,5.48));
#7168=CARTESIAN_POINT('',(-2.6001070340592,0.925848428536461,5.4262));
#7169=CARTESIAN_POINT('',(-2.6001068930578,-2.29988750275161,5.4262));
#7170=CARTESIAN_POINT('Origin',(-2.3001068930578,-2.29988748963819,5.4262));
#7171=CARTESIAN_POINT('Origin',(-2.3001068930578,-2.29988748963819,5.48));
#7172=CARTESIAN_POINT('Origin',(2.59989289275639,2.6001127245476,5.4262));
#7173=CARTESIAN_POINT('',(-0.925843038531678,2.60011257043279,5.48));
#7174=CARTESIAN_POINT('',(-0.925843038531678,2.60011257043279,5.4262));
#7175=CARTESIAN_POINT('',(2.29989289275639,2.60011271143419,5.48));
#7176=CARTESIAN_POINT('',(2.59989289275639,2.6001127245476,5.48));
#7177=CARTESIAN_POINT('',(2.29989289275639,2.60011271143419,5.4262));
#7178=CARTESIAN_POINT('Origin',(2.59989289275639,2.6001127245476,5.4262));
#7179=CARTESIAN_POINT('',(2.59989310694219,-2.29988727545239,5.48));
#7180=CARTESIAN_POINT('',(2.59989290586981,2.3001127245476,5.48));
#7181=CARTESIAN_POINT('',(2.59989289275639,2.6001127245476,5.48));
#7182=CARTESIAN_POINT('',(2.59989310694219,-2.29988727545239,5.4262));
#7183=CARTESIAN_POINT('',(2.59989290586981,2.3001127245476,5.4262));
#7184=CARTESIAN_POINT('Origin',(2.29989290586981,2.30011271143419,5.4262));
#7185=CARTESIAN_POINT('Origin',(2.29989290586981,2.30011271143419,5.48));
#7186=CARTESIAN_POINT('Origin',(2.29989310694219,-2.29988728856581,5.4262));
#7187=CARTESIAN_POINT('Origin',(2.29989310694219,-2.29988728856581,5.48));
#7188=CARTESIAN_POINT('Origin',(2.29989312005561,-2.59988728856581,5.48));
#7189=CARTESIAN_POINT('',(-1.13797506904681,2.51224459551617,5.48));
#7190=CARTESIAN_POINT('Origin',(-0.925843025418261,2.30011257043279,5.48));
#7191=CARTESIAN_POINT('',(-2.51223907768775,1.13798046673326,5.48));
#7192=CARTESIAN_POINT('',(-1.05010710724361,2.60011256500104,5.48));
#7193=CARTESIAN_POINT('Origin',(-2.3001070340592,0.925848441649877,5.48));
#7194=CARTESIAN_POINT('Origin',(-1.05010710724361,2.60011256500104,5.4262));
#7195=CARTESIAN_POINT('',(-1.13797506904681,2.51224459551617,5.4262));
#7196=CARTESIAN_POINT('',(-2.51223907768775,1.13798046673326,5.4262));
#7197=CARTESIAN_POINT('Origin',(-0.925843025418261,2.30011257043279,5.4262));
#7198=CARTESIAN_POINT('Origin',(-2.3001070340592,0.925848441649877,5.4262));
#7199=CARTESIAN_POINT('',(0.,0.,0.));
#7200=CARTESIAN_POINT('',(0.,0.,0.));
#7201=CARTESIAN_POINT('',(0.,0.,0.));
#7202=CARTESIAN_POINT('Origin',(-6.50000009685755,11.0000001639128,0.));
#7203=CARTESIAN_POINT('',(-6.50000009685755,-10.5999998360872,0.));
#7204=CARTESIAN_POINT('',(-6.50000009685755,11.0000001639128,0.));
#7205=CARTESIAN_POINT('',(-6.50000009685755,-10.5999998360872,0.));
#7206=CARTESIAN_POINT('',(-6.50000009685755,-10.5999998360872,1.44));
#7207=CARTESIAN_POINT('',(-6.50000009685755,-10.5999998360872,0.));
#7208=CARTESIAN_POINT('',(-6.50000009685755,11.0000001639128,1.44));
#7209=CARTESIAN_POINT('',(-6.50000009685755,-10.5999998360872,1.44));
#7210=CARTESIAN_POINT('',(-6.50000009685755,11.0000001639128,0.));
#7211=CARTESIAN_POINT('Origin',(6.89999990314245,11.0000001639128,0.));
#7212=CARTESIAN_POINT('',(6.89999990314245,11.0000001639128,0.));
#7213=CARTESIAN_POINT('',(-6.50000009685755,11.0000001639128,0.));
#7214=CARTESIAN_POINT('',(6.89999990314245,11.0000001639128,1.44));
#7215=CARTESIAN_POINT('',(-6.50000009685755,11.0000001639128,1.44));
#7216=CARTESIAN_POINT('',(6.89999990314245,11.0000001639128,0.));
#7217=CARTESIAN_POINT('Origin',(6.89999990314245,-10.5999998360872,0.));
#7218=CARTESIAN_POINT('',(6.89999990314245,-10.5999998360872,0.));
#7219=CARTESIAN_POINT('',(6.89999990314245,11.0000001639128,0.));
#7220=CARTESIAN_POINT('',(6.89999990314245,-10.5999998360872,1.44));
#7221=CARTESIAN_POINT('',(6.89999990314245,11.0000001639128,1.44));
#7222=CARTESIAN_POINT('',(6.89999990314245,-10.5999998360872,0.));
#7223=CARTESIAN_POINT('Origin',(-6.50000009685755,-10.5999998360872,0.));
#7224=CARTESIAN_POINT('',(6.89999990314245,-10.5999998360872,0.));
#7225=CARTESIAN_POINT('',(6.89999990314245,-10.5999998360872,1.44));
#7226=CARTESIAN_POINT('Origin',(0.199999903142453,0.200000163912772,1.44));
#7227=CARTESIAN_POINT('Origin',(0.199999903142453,0.200000163912772,0.));
#7228=CARTESIAN_POINT('Origin',(0.109890274153749,-10.5999998360872,1.44));
#7229=CARTESIAN_POINT('',(0.109890274153749,-8.05999983608723,1.44));
#7230=CARTESIAN_POINT('',(0.109890274153749,-10.5999998360872,1.44));
#7231=CARTESIAN_POINT('',(0.109890274153749,-8.05999983608723,1.44));
#7232=CARTESIAN_POINT('',(0.109890274153749,-8.05999983608723,3.98));
#7233=CARTESIAN_POINT('',(0.109890274153749,-8.05999983608723,1.44));
#7234=CARTESIAN_POINT('',(0.109890274153749,-10.5999998360872,3.98));
#7235=CARTESIAN_POINT('',(0.109890274153749,-8.05999983608723,3.98));
#7236=CARTESIAN_POINT('',(0.109890274153749,-10.5999998360872,1.44));
#7237=CARTESIAN_POINT('Origin',(-4.97010972584625,-10.5999998360872,1.44));
#7238=CARTESIAN_POINT('',(-4.97010972584625,-10.5999998360872,1.44));
#7239=CARTESIAN_POINT('',(5.97963375060004,-10.5999998360872,1.44));
#7240=CARTESIAN_POINT('',(-4.97010972584625,-10.5999998360872,3.98));
#7241=CARTESIAN_POINT('',(5.97963375060004,-10.5999998360872,3.98));
#7242=CARTESIAN_POINT('',(-4.97010972584625,-10.5999998360872,1.44));
#7243=CARTESIAN_POINT('Origin',(-4.97010972584625,-8.05999983608723,1.44));
#7244=CARTESIAN_POINT('',(-4.97010972584625,-8.05999983608723,1.44));
#7245=CARTESIAN_POINT('',(-4.97010972584625,-10.5999998360872,1.44));
#7246=CARTESIAN_POINT('',(-4.97010972584625,-8.05999983608723,3.98));
#7247=CARTESIAN_POINT('',(-4.97010972584625,-10.5999998360872,3.98));
#7248=CARTESIAN_POINT('',(-4.97010972584625,-8.05999983608723,1.44));
#7249=CARTESIAN_POINT('Origin',(0.109890274153749,-8.05999983608723,1.44));
#7250=CARTESIAN_POINT('',(-4.97010972584625,-8.05999983608723,1.44));
#7251=CARTESIAN_POINT('',(-4.97010972584625,-8.05999983608723,3.98));
#7252=CARTESIAN_POINT('Origin',(0.199999903142453,0.200000163912772,3.98));
#7253=CARTESIAN_POINT('Origin',(0.199999903142453,0.200000163912772,1.44));
#7254=CARTESIAN_POINT('Origin',(5.97963375060004,-8.05999983608723,1.44));
#7255=CARTESIAN_POINT('',(0.899633750600036,-8.05999983608723,1.44));
#7256=CARTESIAN_POINT('',(5.97963375060004,-8.05999983608723,1.44));
#7257=CARTESIAN_POINT('',(0.899633750600036,-8.05999983608723,1.44));
#7258=CARTESIAN_POINT('',(0.899633750600036,-8.05999983608723,3.98));
#7259=CARTESIAN_POINT('',(0.899633750600036,-8.05999983608723,1.44));
#7260=CARTESIAN_POINT('',(5.97963375060004,-8.05999983608723,3.98));
#7261=CARTESIAN_POINT('',(0.899633750600036,-8.05999983608723,3.98));
#7262=CARTESIAN_POINT('',(5.97963375060004,-8.05999983608723,1.44));
#7263=CARTESIAN_POINT('Origin',(5.97963375060004,-10.5999998360872,1.44));
#7264=CARTESIAN_POINT('',(5.97963375060004,-10.5999998360872,1.44));
#7265=CARTESIAN_POINT('',(5.97963375060004,-8.05999983608723,1.44));
#7266=CARTESIAN_POINT('',(5.97963375060004,-10.5999998360872,3.98));
#7267=CARTESIAN_POINT('',(5.97963375060004,-8.05999983608723,3.98));
#7268=CARTESIAN_POINT('',(5.97963375060004,-10.5999998360872,1.44));
#7269=CARTESIAN_POINT('Origin',(0.899633750600036,-10.5999998360872,1.44));
#7270=CARTESIAN_POINT('',(0.899633750600036,-10.5999998360872,1.44));
#7271=CARTESIAN_POINT('',(5.97963375060004,-10.5999998360872,1.44));
#7272=CARTESIAN_POINT('',(0.899633750600036,-10.5999998360872,3.98));
#7273=CARTESIAN_POINT('',(5.97963375060004,-10.5999998360872,3.98));
#7274=CARTESIAN_POINT('',(0.899633750600036,-10.5999998360872,1.44));
#7275=CARTESIAN_POINT('Origin',(0.899633750600036,-8.05999983608723,1.44));
#7276=CARTESIAN_POINT('',(0.899633750600036,-8.05999983608723,1.44));
#7277=CARTESIAN_POINT('',(0.899633750600036,-8.05999983608723,3.98));
#7278=CARTESIAN_POINT('Origin',(0.199999903142453,0.200000163912772,3.98));
#7279=CARTESIAN_POINT('Origin',(0.199999903142453,0.200000163912772,1.44));
#7280=CARTESIAN_POINT('Origin',(-4.75178889836024,-4.05090976640528,1.44));
#7281=CARTESIAN_POINT('',(-4.75178889836024,-4.86340225717684,1.44));
#7282=CARTESIAN_POINT('',(-4.75178889836024,-4.05090976640528,1.44));
#7283=CARTESIAN_POINT('',(-4.75178889836024,-4.86340225717684,1.44));
#7284=CARTESIAN_POINT('',(-4.75178889836024,-4.86340225717684,1.94));
#7285=CARTESIAN_POINT('',(-4.75178889836024,-4.86340225717684,1.44));
#7286=CARTESIAN_POINT('',(-4.75178889836024,-4.05090976640528,1.94));
#7287=CARTESIAN_POINT('',(-4.75178889836024,-4.86340225717684,1.94));
#7288=CARTESIAN_POINT('',(-4.75178889836024,-4.05090976640528,1.44));
#7289=CARTESIAN_POINT('Origin',(-3.1825155329954,-4.05090976640528,1.44));
#7290=CARTESIAN_POINT('',(-3.1825155329954,-4.05090976640528,1.44));
#7291=CARTESIAN_POINT('',(-4.75178889836024,-4.05090976640528,1.44));
#7292=CARTESIAN_POINT('',(-3.1825155329954,-4.05090976640528,1.94));
#7293=CARTESIAN_POINT('',(-4.75178889836024,-4.05090976640528,1.94));
#7294=CARTESIAN_POINT('',(-3.1825155329954,-4.05090976640528,1.44));
#7295=CARTESIAN_POINT('Origin',(-3.1825155329954,-4.86340225717684,1.44));
#7296=CARTESIAN_POINT('',(-3.1825155329954,-4.86340225717684,1.44));
#7297=CARTESIAN_POINT('',(-3.1825155329954,-4.05090976640528,1.44));
#7298=CARTESIAN_POINT('',(-3.1825155329954,-4.86340225717684,1.94));
#7299=CARTESIAN_POINT('',(-3.1825155329954,-4.05090976640528,1.94));
#7300=CARTESIAN_POINT('',(-3.1825155329954,-4.86340225717684,1.44));
#7301=CARTESIAN_POINT('Origin',(-4.75178889836024,-4.86340225717684,1.44));
#7302=CARTESIAN_POINT('',(-3.1825155329954,-4.86340225717684,1.44));
#7303=CARTESIAN_POINT('',(-3.1825155329954,-4.86340225717684,1.94));
#7304=CARTESIAN_POINT('Origin',(-3.96715221567782,-4.45715601179106,1.94));
#7305=CARTESIAN_POINT('Origin',(-3.96715221567782,-4.45715601179106,1.44));
#7306=CARTESIAN_POINT('Origin',(-0.56698021333975,-3.99108574627824,1.44));
#7307=CARTESIAN_POINT('',(-0.56698021333975,-4.87143742290208,1.44));
#7308=CARTESIAN_POINT('',(-0.56698021333975,-3.99108574627824,1.44));
#7309=CARTESIAN_POINT('',(-0.56698021333975,-4.87143742290208,1.44));
#7310=CARTESIAN_POINT('',(-0.56698021333975,-4.87143742290208,1.94));
#7311=CARTESIAN_POINT('',(-0.56698021333975,-4.87143742290208,1.44));
#7312=CARTESIAN_POINT('',(-0.56698021333975,-3.99108574627824,1.94));
#7313=CARTESIAN_POINT('',(-0.56698021333975,-4.87143742290208,1.94));
#7314=CARTESIAN_POINT('',(-0.56698021333975,-3.99108574627824,1.44));
#7315=CARTESIAN_POINT('Origin',(1.0856174647647,-3.99108574627824,1.44));
#7316=CARTESIAN_POINT('',(1.0856174647647,-3.99108574627824,1.44));
#7317=CARTESIAN_POINT('',(-0.56698021333975,-3.99108574627824,1.44));
#7318=CARTESIAN_POINT('',(1.0856174647647,-3.99108574627824,1.94));
#7319=CARTESIAN_POINT('',(-0.56698021333975,-3.99108574627824,1.94));
#7320=CARTESIAN_POINT('',(1.0856174647647,-3.99108574627824,1.44));
#7321=CARTESIAN_POINT('Origin',(1.0856174647647,-4.87143742290208,1.44));
#7322=CARTESIAN_POINT('',(1.0856174647647,-4.87143742290208,1.44));
#7323=CARTESIAN_POINT('',(1.0856174647647,-3.99108574627824,1.44));
#7324=CARTESIAN_POINT('',(1.0856174647647,-4.87143742290208,1.94));
#7325=CARTESIAN_POINT('',(1.0856174647647,-3.99108574627824,1.94));
#7326=CARTESIAN_POINT('',(1.0856174647647,-4.87143742290208,1.44));
#7327=CARTESIAN_POINT('Origin',(-0.56698021333975,-4.87143742290208,1.44));
#7328=CARTESIAN_POINT('',(1.0856174647647,-4.87143742290208,1.44));
#7329=CARTESIAN_POINT('',(1.0856174647647,-4.87143742290208,1.94));
#7330=CARTESIAN_POINT('Origin',(0.259318625712474,-4.43126158459016,1.94));
#7331=CARTESIAN_POINT('Origin',(0.259318625712474,-4.43126158459016,1.44));
#7332=CARTESIAN_POINT('Origin',(3.67528977202773,-4.02591354934676,1.44));
#7333=CARTESIAN_POINT('',(3.67528977202773,-4.87143742290208,1.44));
#7334=CARTESIAN_POINT('',(3.67528977202773,-4.02591354934676,1.44));
#7335=CARTESIAN_POINT('',(3.67528977202773,-4.87143742290208,1.44));
#7336=CARTESIAN_POINT('',(3.67528977202773,-4.87143742290208,1.94));
#7337=CARTESIAN_POINT('',(3.67528977202773,-4.87143742290208,1.44));
#7338=CARTESIAN_POINT('',(3.67528977202773,-4.02591354934676,1.94));
#7339=CARTESIAN_POINT('',(3.67528977202773,-4.87143742290208,1.94));
#7340=CARTESIAN_POINT('',(3.67528977202773,-4.02591354934676,1.44));
#7341=CARTESIAN_POINT('Origin',(5.36078027087402,-4.02591354934676,1.44));
#7342=CARTESIAN_POINT('',(5.36078027087402,-4.02591354934676,1.44));
#7343=CARTESIAN_POINT('',(3.67528977202773,-4.02591354934676,1.44));
#7344=CARTESIAN_POINT('',(5.36078027087402,-4.02591354934676,1.94));
#7345=CARTESIAN_POINT('',(3.67528977202773,-4.02591354934676,1.94));
#7346=CARTESIAN_POINT('',(5.36078027087402,-4.02591354934676,1.44));
#7347=CARTESIAN_POINT('Origin',(5.36078027087402,-4.87143742290208,1.44));
#7348=CARTESIAN_POINT('',(5.36078027087402,-4.87143742290208,1.44));
#7349=CARTESIAN_POINT('',(5.36078027087402,-4.02591354934676,1.44));
#7350=CARTESIAN_POINT('',(5.36078027087402,-4.87143742290208,1.94));
#7351=CARTESIAN_POINT('',(5.36078027087402,-4.02591354934676,1.94));
#7352=CARTESIAN_POINT('',(5.36078027087402,-4.87143742290208,1.44));
#7353=CARTESIAN_POINT('Origin',(3.67528977202773,-4.87143742290208,1.44));
#7354=CARTESIAN_POINT('',(5.36078027087402,-4.87143742290208,1.44));
#7355=CARTESIAN_POINT('',(5.36078027087402,-4.87143742290208,1.94));
#7356=CARTESIAN_POINT('Origin',(4.51803502145088,-4.44867548612442,1.94));
#7357=CARTESIAN_POINT('Origin',(4.51803502145088,-4.44867548612442,1.44));
#7358=CARTESIAN_POINT('',(0.,0.,0.));
#7359=CARTESIAN_POINT('',(-9.68575473991873E-8,4.40000016391277,2.23999892));
#7360=UNCERTAINTY_MEASURE_WITH_UNIT(LENGTH_MEASURE(0.01),#7374,
'DISTANCE_ACCURACY_VALUE',
'Maximum model space distance between geometric entities at asserted c
onnectivities');
#7361=UNCERTAINTY_MEASURE_WITH_UNIT(LENGTH_MEASURE(0.01),#7374,
'DISTANCE_ACCURACY_VALUE',
'Maximum model space distance between geometric entities at asserted c
onnectivities');
#7362=UNCERTAINTY_MEASURE_WITH_UNIT(LENGTH_MEASURE(0.01),#7374,
'DISTANCE_ACCURACY_VALUE',
'Maximum model space distance between geometric entities at asserted c
onnectivities');
#7363=UNCERTAINTY_MEASURE_WITH_UNIT(LENGTH_MEASURE(0.01),#7374,
'DISTANCE_ACCURACY_VALUE',
'Maximum model space distance between geometric entities at asserted c
onnectivities');
#7364=UNCERTAINTY_MEASURE_WITH_UNIT(LENGTH_MEASURE(0.01),#7374,
'DISTANCE_ACCURACY_VALUE',
'Maximum model space distance between geometric entities at asserted c
onnectivities');
#7365=UNCERTAINTY_MEASURE_WITH_UNIT(LENGTH_MEASURE(0.01),#7374,
'DISTANCE_ACCURACY_VALUE',
'Maximum model space distance between geometric entities at asserted c
onnectivities');
#7366=UNCERTAINTY_MEASURE_WITH_UNIT(LENGTH_MEASURE(0.01),#7374,
'DISTANCE_ACCURACY_VALUE',
'Maximum model space distance between geometric entities at asserted c
onnectivities');
#7367=(
GEOMETRIC_REPRESENTATION_CONTEXT(3)
GLOBAL_UNCERTAINTY_ASSIGNED_CONTEXT((#7360))
GLOBAL_UNIT_ASSIGNED_CONTEXT((#7374,#7376,#7377))
REPRESENTATION_CONTEXT('','3D')
);
#7368=(
GEOMETRIC_REPRESENTATION_CONTEXT(3)
GLOBAL_UNCERTAINTY_ASSIGNED_CONTEXT((#7361))
GLOBAL_UNIT_ASSIGNED_CONTEXT((#7374,#7376,#7377))
REPRESENTATION_CONTEXT('','3D')
);
#7369=(
GEOMETRIC_REPRESENTATION_CONTEXT(3)
GLOBAL_UNCERTAINTY_ASSIGNED_CONTEXT((#7362))
GLOBAL_UNIT_ASSIGNED_CONTEXT((#7374,#7376,#7377))
REPRESENTATION_CONTEXT('','3D')
);
#7370=(
GEOMETRIC_REPRESENTATION_CONTEXT(3)
GLOBAL_UNCERTAINTY_ASSIGNED_CONTEXT((#7363))
GLOBAL_UNIT_ASSIGNED_CONTEXT((#7374,#7376,#7377))
REPRESENTATION_CONTEXT('','3D')
);
#7371=(
GEOMETRIC_REPRESENTATION_CONTEXT(3)
GLOBAL_UNCERTAINTY_ASSIGNED_CONTEXT((#7364))
GLOBAL_UNIT_ASSIGNED_CONTEXT((#7374,#7376,#7377))
REPRESENTATION_CONTEXT('','3D')
);
#7372=(
GEOMETRIC_REPRESENTATION_CONTEXT(3)
GLOBAL_UNCERTAINTY_ASSIGNED_CONTEXT((#7365))
GLOBAL_UNIT_ASSIGNED_CONTEXT((#7374,#7376,#7377))
REPRESENTATION_CONTEXT('','3D')
);
#7373=(
GEOMETRIC_REPRESENTATION_CONTEXT(3)
GLOBAL_UNCERTAINTY_ASSIGNED_CONTEXT((#7366))
GLOBAL_UNIT_ASSIGNED_CONTEXT((#7374,#7376,#7377))
REPRESENTATION_CONTEXT('','3D')
);
#7374=(
LENGTH_UNIT()
NAMED_UNIT(*)
SI_UNIT(.MILLI.,.METRE.)
);
#7375=(
LENGTH_UNIT()
NAMED_UNIT(*)
SI_UNIT($,.METRE.)
);
#7376=(
NAMED_UNIT(*)
PLANE_ANGLE_UNIT()
SI_UNIT($,.RADIAN.)
);
#7377=(
NAMED_UNIT(*)
SI_UNIT($,.STERADIAN.)
SOLID_ANGLE_UNIT()
);
#7378=SHAPE_DEFINITION_REPRESENTATION(#7384,#7395);
#7379=SHAPE_DEFINITION_REPRESENTATION(#7385,#7396);
#7380=SHAPE_DEFINITION_REPRESENTATION(#7386,#7397);
#7381=SHAPE_DEFINITION_REPRESENTATION(#7387,#7398);
#7382=SHAPE_DEFINITION_REPRESENTATION(#7388,#7399);
#7383=SHAPE_DEFINITION_REPRESENTATION(#7389,#7400);
#7384=PRODUCT_DEFINITION_SHAPE('',$,#7402);
#7385=PRODUCT_DEFINITION_SHAPE('',$,#7403);
#7386=PRODUCT_DEFINITION_SHAPE('',$,#7404);
#7387=PRODUCT_DEFINITION_SHAPE('',$,#7405);
#7388=PRODUCT_DEFINITION_SHAPE('',$,#7406);
#7389=PRODUCT_DEFINITION_SHAPE('',$,#7407);
#7390=PRODUCT_DEFINITION_SHAPE($,$,#26);
#7391=PRODUCT_DEFINITION_SHAPE($,$,#27);
#7392=PRODUCT_DEFINITION_SHAPE($,$,#28);
#7393=PRODUCT_DEFINITION_SHAPE($,$,#29);
#7394=PRODUCT_DEFINITION_SHAPE($,$,#30);
#7395=SHAPE_REPRESENTATION('',(#4428,#4752,#4753),#7367);
#7396=SHAPE_REPRESENTATION('',(#4429),#7368);
#7397=SHAPE_REPRESENTATION('',(#4454,#4713,#4714,#4715),#7369);
#7398=SHAPE_REPRESENTATION('',(#4455),#7370);
#7399=SHAPE_REPRESENTATION('',(#4585),#7371);
#7400=SHAPE_REPRESENTATION('',(#4669),#7372);
#7401=PRODUCT_DEFINITION_CONTEXT('part definition',#7421,'design');
#7402=PRODUCT_DEFINITION('scd40','scd40 v7',#7408,#7401);
#7403=PRODUCT_DEFINITION('Komponente1','Komponente1',#7409,#7401);
#7404=PRODUCT_DEFINITION('Sensirion_CO2_Sensors_SCD4x_STEP_file v3',
'Sensirion_CO2_Sensors_SCD4x_STEP_file v3',#7410,#7401);
#7405=PRODUCT_DEFINITION('Komponente1 (1)','Komponente1 (1)',#7411,#7401);
#7406=PRODUCT_DEFINITION('Komponente2','Komponente2',#7412,#7401);
#7407=PRODUCT_DEFINITION('Komponente3','Komponente3',#7413,#7401);
#7408=PRODUCT_DEFINITION_FORMATION('',$,#7423);
#7409=PRODUCT_DEFINITION_FORMATION('',$,#7424);
#7410=PRODUCT_DEFINITION_FORMATION('',$,#7425);
#7411=PRODUCT_DEFINITION_FORMATION('',$,#7426);
#7412=PRODUCT_DEFINITION_FORMATION('',$,#7427);
#7413=PRODUCT_DEFINITION_FORMATION('',$,#7428);
#7414=PRODUCT_RELATED_PRODUCT_CATEGORY('scd40 v7','scd40 v7',(#7423));
#7415=PRODUCT_RELATED_PRODUCT_CATEGORY('Komponente1','Komponente1',(#7424));
#7416=PRODUCT_RELATED_PRODUCT_CATEGORY(
'Sensirion_CO2_Sensors_SCD4x_STEP_file v3',
'Sensirion_CO2_Sensors_SCD4x_STEP_file v3',(#7425));
#7417=PRODUCT_RELATED_PRODUCT_CATEGORY('Komponente1 (1)',
'Komponente1 (1)',(#7426));
#7418=PRODUCT_RELATED_PRODUCT_CATEGORY('Komponente2','Komponente2',(#7427));
#7419=PRODUCT_RELATED_PRODUCT_CATEGORY('Komponente3','Komponente3',(#7428));
#7420=APPLICATION_PROTOCOL_DEFINITION('international standard',
'automotive_design',2009,#7421);
#7421=APPLICATION_CONTEXT(
'Core Data for Automotive Mechanical Design Process');
#7422=PRODUCT_CONTEXT('part definition',#7421,'mechanical');
#7423=PRODUCT('scd40','scd40 v7',$,(#7422));
#7424=PRODUCT('Komponente1','Komponente1',$,(#7422));
#7425=PRODUCT('Sensirion_CO2_Sensors_SCD4x_STEP_file v3',
'Sensirion_CO2_Sensors_SCD4x_STEP_file v3',$,(#7422));
#7426=PRODUCT('Komponente1 (1)','Komponente1 (1)',$,(#7422));
#7427=PRODUCT('Komponente2','Komponente2',$,(#7422));
#7428=PRODUCT('Komponente3','Komponente3',$,(#7422));
#7429=PRESENTATION_STYLE_ASSIGNMENT((#7434));
#7430=PRESENTATION_STYLE_ASSIGNMENT((#7435));
#7431=PRESENTATION_STYLE_ASSIGNMENT((#7436));
#7432=PRESENTATION_STYLE_ASSIGNMENT((#7437));
#7433=PRESENTATION_STYLE_ASSIGNMENT((#7438));
#7434=SURFACE_STYLE_USAGE(.BOTH.,#7439);
#7435=SURFACE_STYLE_USAGE(.BOTH.,#7440);
#7436=SURFACE_STYLE_USAGE(.BOTH.,#7441);
#7437=SURFACE_STYLE_USAGE(.BOTH.,#7442);
#7438=SURFACE_STYLE_USAGE(.BOTH.,#7443);
#7439=SURFACE_SIDE_STYLE('',(#7444));
#7440=SURFACE_SIDE_STYLE('',(#7445));
#7441=SURFACE_SIDE_STYLE('',(#7446));
#7442=SURFACE_SIDE_STYLE('',(#7447));
#7443=SURFACE_SIDE_STYLE('',(#7448));
#7444=SURFACE_STYLE_FILL_AREA(#7449);
#7445=SURFACE_STYLE_FILL_AREA(#7450);
#7446=SURFACE_STYLE_FILL_AREA(#7451);
#7447=SURFACE_STYLE_FILL_AREA(#7452);
#7448=SURFACE_STYLE_FILL_AREA(#7453);
#7449=FILL_AREA_STYLE('Stahl - satiniert',(#7454));
#7450=FILL_AREA_STYLE('FR4',(#7455));
#7451=FILL_AREA_STYLE('Kunststoff - matt (Schwarz)',(#7456));
#7452=FILL_AREA_STYLE('FR4',(#7457));
#7453=FILL_AREA_STYLE('Kunststoff - gl\X\E4nzend (Wei\X\DF)',(#7458));
#7454=FILL_AREA_STYLE_COLOUR('Stahl - satiniert',#7459);
#7455=FILL_AREA_STYLE_COLOUR('FR4',#7460);
#7456=FILL_AREA_STYLE_COLOUR('Kunststoff - matt (Schwarz)',#7461);
#7457=FILL_AREA_STYLE_COLOUR('FR4',#7462);
#7458=FILL_AREA_STYLE_COLOUR('Kunststoff - gl\X\E4nzend (Wei\X\DF)',#7463);
#7459=COLOUR_RGB('Stahl - satiniert',0.627450980392157,0.627450980392157,
0.627450980392157);
#7460=COLOUR_RGB('FR4',0.329411764705882,0.243137254901961,0.376470588235294);
#7461=COLOUR_RGB('Kunststoff - matt (Schwarz)',0.0980392156862745,0.0980392156862745,
0.0980392156862745);
#7462=COLOUR_RGB('FR4',0.266666666666667,0.466666666666667,0.4);
#7463=COLOUR_RGB('Kunststoff - gl\X\E4nzend (Wei\X\DF)',0.964705882352941,
0.964705882352941,0.952941176470588);
ENDSEC;
END-ISO-10303-21;
